declared_land_ha,verified_land_ha,cadastral_land_ha,mean_ndvi,annual_income,crop_is_high_vigor,overclaim_ratio,eligible
6.2368574,5.1017118,5.7837105,0.46949866,1058948.0,0.0,1.2225028,0
3.623252,2.540315,3.8400347,0.5305854,403835.75,1.0,1.4263002,0
6.8970637,5.4726825,7.5704737,0.39120397,259773.88,0.0,1.2602711,0
5.6394706,4.417192,5.4820046,0.560001,1115449.1,1.0,1.2767094,0
0.9345833,0.6217684,1.0028733,0.59231424,869995.9,1.0,1.5031053,0
7.8098545,6.225835,8.219943,0.5814272,1166624.0,1.0,1.2544268,1
6.1368895,5.146884,6.6420603,0.4773375,621499.06,0.0,1.1923505,1
6.3313017,6.2733817,6.2355375,0.6636367,1156579.9,1.0,1.0092326,1
1.1992863,1.1374701,1.1036556,0.46135738,191126.61,1.0,1.0543454,1
3.7130103,3.4423928,3.429601,0.44767687,728919.25,1.0,1.0786132,1
3.0922246,2.9939425,3.2549982,0.71623087,621245.6,1.0,1.0328269,1
7.4287667,6.1442385,7.9685884,0.33395505,53041.66,1.0,1.2090622,0
5.222148,3.7963982,5.177255,0.24455467,271833.53,1.0,1.3755533,0
6.6175404,5.340984,6.034629,0.36982754,226492.97,0.0,1.2390115,0
3.6586308,2.5819666,3.3415782,0.5580863,119930.68,0.0,1.4169937,0
1.972462,1.2853612,2.0113592,0.6925387,1140371.4,1.0,1.5345585,0
4.525761,3.5488954,4.9046803,0.4009222,1160172.2,1.0,1.2752591,0
0.6977746,0.6853376,0.683761,0.7722256,1075512.5,1.0,1.0181472,1
6.6555233,6.068628,6.856014,0.5040796,1187213.0,1.0,1.0967097,1
5.126982,4.7083287,5.170057,0.48267058,1005263.9,0.0,1.0889177,1
6.1130843,5.7192698,6.5896087,0.37250927,1122008.2,1.0,1.0688576,1
2.9653025,2.7768853,3.1624286,0.7927033,277275.8,0.0,1.067852,1
7.771445,5.4533215,7.3041453,0.47745666,345416.44,0.0,1.4250846,0
7.1663446,6.236467,7.4208117,0.3002018,1041376.0,1.0,1.1491033,0
6.2713914,5.958481,6.707257,0.8686503,601383.3,1.0,1.0525151,1
1.718182,1.638542,1.8660313,0.5590505,874518.3,1.0,1.048604,1
3.8404238,2.965116,3.9094956,0.6198246,696195.44,0.0,1.2952019,0
0.54166937,0.38681132,0.5065596,0.75223404,401484.56,1.0,1.4003452,1
1.403458,1.3051498,1.4198033,0.5921694,377560.06,1.0,1.0753233,1
5.527782,4.06095,5.711104,0.6462334,910406.56,1.0,1.3612041,1
6.009145,4.5260906,5.7357154,0.5081488,661909.4,0.0,1.3276678,0
7.746576,6.4423103,8.479404,0.61005986,463293.53,0.0,1.202453,1
2.741438,2.052693,2.5930307,0.49487633,759595.6,1.0,1.3355324,0
3.0895858,2.0138762,3.3437674,0.49696848,532928.25,0.0,1.5341488,0
3.8625352,3.6542568,3.8047369,0.5179575,596336.06,1.0,1.0569961,1
1.6778766,1.6645391,1.5102749,0.44047773,829596.2,0.0,1.0080128,1
1.2133877,1.1529207,1.223893,0.57565665,576660.0,1.0,1.0524468,1
3.9104984,3.0090709,4.010831,0.5752768,1142431.8,1.0,1.2995701,0
1.969893,1.521615,2.1154141,0.6228375,607971.5,1.0,1.2946066,0
5.424549,4.4304323,5.4685564,0.59594095,1156096.2,1.0,1.2243837,1
3.609785,2.747485,3.3167639,0.80000645,1024841.4,0.0,1.3138506,1
6.69489,4.794414,7.266384,0.65789443,1074566.5,1.0,1.3963938,0
5.662068,5.4902616,5.7360764,0.4689122,927766.6,1.0,1.0312929,1
2.6364598,2.3914897,2.51599,0.56796074,745204.5,1.0,1.1024342,1
6.6916265,5.275427,7.225429,0.7119047,662567.8,1.0,1.2684522,1
6.477162,5.316467,5.986081,0.357504,684403.4,0.0,1.2183207,0
3.2223313,2.6107204,2.9629226,0.80213624,281672.94,0.0,1.234269,1
2.448959,1.7087831,2.4661064,0.38380408,296554.1,1.0,1.4331597,0
5.523465,4.2251387,5.6614237,0.6350413,89286.1,1.0,1.307286,1
1.2900693,1.1034209,1.292897,0.5009901,907394.4,0.0,1.1691544,0
1.759284,1.4239162,1.9102278,0.49236014,193593.03,1.0,1.235525,0
0.2574257,0.20473516,0.2452145,0.30456308,719471.5,0.0,1.2573595,0
6.3380103,5.5270977,6.959433,0.636125,208611.56,0.0,1.1467158,1
5.3858366,3.9927568,4.8680954,0.30674627,126528.74,1.0,1.3489017,0
5.7002897,4.1926837,5.2653966,0.28358448,663633.5,1.0,1.3595803,0
6.2896867,4.401819,5.894287,0.67395544,1054060.2,0.0,1.4288834,0
3.7795432,2.6683629,3.4617407,0.76844084,459416.6,1.0,1.4164276,1
4.6361814,4.1854177,4.5788946,0.39991313,1107111.6,1.0,1.1076987,0
1.2904166,1.16544,1.384713,0.6504664,61853.207,1.0,1.1072356,1
1.0933346,1.0312508,1.1634741,0.61947894,585599.9,1.0,1.0602024,1
5.413543,4.423095,5.6785436,0.4862722,218779.11,1.0,1.2239264,1
3.8745503,3.2145336,3.492837,0.7003725,413147.56,0.0,1.2053227,1
4.6088414,3.4571848,4.9459376,0.47545668,77291.484,1.0,1.3331199,0
6.166991,5.1563797,6.0393333,0.5776301,90649.61,0.0,1.1959925,1
5.150803,3.9082315,5.389427,0.31193453,869735.75,0.0,1.317937,0
4.5179195,4.1915655,4.7229595,0.31834555,802721.06,0.0,1.0778596,0
4.5618157,3.5708854,4.267598,0.67535675,289585.78,0.0,1.2775028,1
2.5708108,2.0622103,2.5787263,0.58268076,1086321.4,1.0,1.2466288,0
0.4403791,0.3162508,0.47791535,0.47863147,841173.5,1.0,1.3924996,0
3.6063957,2.6650507,3.4354875,0.7861768,436599.06,0.0,1.3532183,1
1.8737605,1.8385766,1.9543426,0.78459734,518801.16,1.0,1.0191364,1
3.3865235,2.2368429,3.6967635,0.5658752,386439.16,1.0,1.5139745,0
6.856544,4.6078625,6.6654263,0.28165174,1005187.94,0.0,1.4880097,0
2.024728,1.385502,1.9792258,0.48326015,618053.94,1.0,1.4613678,0
0.6547614,0.6074157,0.6485493,0.3751127,205603.72,0.0,1.0779462,0
2.3947945,2.153498,2.5428114,0.513427,281970.8,0.0,1.1120485,1
2.4900312,2.1320207,2.4597948,0.35955542,391065.94,1.0,1.1679208,0
5.362949,4.5396047,5.3481965,0.32056612,513626.16,1.0,1.1813691,0
4.544851,3.0095403,4.2924457,0.16060801,731535.9,0.0,1.5101478,0
6.314406,5.793408,6.931128,0.5250886,1158789.8,0.0,1.0899295,1
5.3816457,4.2208595,5.803948,0.15518554,351217.94,1.0,1.2750118,0
3.3698175,2.467661,3.4373853,0.4519639,427664.1,1.0,1.3655918,0
6.549359,5.415971,7.1526337,0.60415953,77544.8,1.0,1.2092677,1
1.5023887,1.0911634,1.5585774,0.39168563,478434.75,1.0,1.3768687,0
0.37715417,0.28389195,0.4117849,0.3372757,826339.06,1.0,1.328513,0
0.9023733,0.8610848,0.8412891,0.48982295,1157520.4,1.0,1.0479494,1
5.834403,4.916231,5.5140443,0.37570918,901217.94,0.0,1.1867633,0
3.8026423,2.7108502,4.0955844,0.52784866,185695.98,1.0,1.4027491,0
1.4579198,1.0685674,1.4345565,0.34507552,1073544.4,0.0,1.3643687,0
4.108149,3.7449877,4.0022883,0.48432592,1014481.0,1.0,1.0969727,1
1.3880343,0.9743146,1.4586396,0.44803688,267375.8,0.0,1.4246265,0
5.631299,3.8725953,5.7780795,0.49827176,1124494.2,0.0,1.4541408,0
3.680019,3.073738,3.5652552,0.74527276,871213.9,1.0,1.1972455,1
3.1719656,2.6827245,3.107169,0.52997166,950239.94,1.0,1.1823673,1
2.5517943,2.465745,2.505037,0.5756666,578010.6,1.0,1.0348979,1
5.1162043,3.9839027,4.733851,0.40628102,280786.25,1.0,1.2842193,0
3.0221384,2.0833738,2.8586733,0.53348845,968971.0,1.0,1.4505982,0
0.8836694,0.69817525,0.89030224,0.45877948,599059.2,0.0,1.2656841,0
1.1204461,1.0286874,1.1836004,0.5044484,1162544.9,1.0,1.0891998,1
7.7028017,5.665262,7.5780907,0.59734184,226334.7,0.0,1.3596549,0
7.2869296,5.816779,7.1169295,0.42496493,458714.03,1.0,1.252743,0
5.657716,4.139616,5.828031,0.4402932,895879.1,0.0,1.3667247,0
2.2737856,2.0865915,2.1179194,0.4270378,708123.9,1.0,1.089713,1
7.759576,7.302781,7.5745106,0.42414206,548266.3,0.0,1.0625508,1
6.274257,5.1555734,5.9080114,0.5259853,856852.1,1.0,1.2169852,1
5.7917433,5.7155147,5.9674025,0.4454027,893353.75,1.0,1.0133371,1
3.7050197,3.6997926,3.41778,0.7246935,713893.9,0.0,1.0014127,1
2.3234842,1.5714911,2.2992377,0.9018744,416968.9,1.0,1.4785221,1
0.9518495,0.7294452,0.97015965,0.41480866,761573.4,0.0,1.304895,0
7.2402987,5.7515264,7.7234807,0.5441004,677028.9,1.0,1.2588482,1
3.755055,2.6374729,3.9236956,0.65570116,967304.4,1.0,1.4237323,0
1.7784343,1.3974967,1.9359548,0.46013764,801476.5,0.0,1.2725856,0
2.5864618,2.0336084,2.6795113,0.35084134,621287.5,1.0,1.2718582,0
4.7179127,4.3016067,4.5756106,0.760726,71510.414,1.0,1.0967792,1
1.5788277,1.2932671,1.4941154,0.6029236,241981.36,1.0,1.2208056,1
6.8815913,6.0465093,6.2713075,0.5478036,437083.44,1.0,1.1381098,1
6.116452,4.7779136,5.8443775,0.71757835,741585.44,1.0,1.2801512,1
5.811811,4.3320127,5.3896976,0.61553496,961212.56,0.0,1.341596,0
3.5703256,3.1181173,3.4769437,0.49280974,1153947.2,0.0,1.1450261,1
5.093009,3.3925104,5.2993555,0.35350537,739776.2,1.0,1.5012509,0
4.7559643,3.2681942,4.9386253,0.42600024,888170.6,1.0,1.4552269,0
5.2688036,4.2955174,5.077194,0.6807235,764657.4,0.0,1.2265818,1
0.8586657,0.72345954,0.8601344,0.60231286,544819.4,0.0,1.1868883,1
3.4432976,2.8796527,3.2482498,0.472,751128.2,1.0,1.1957337,0
0.52459055,0.39640522,0.5249029,0.7649845,510773.9,1.0,1.3233695,1
4.0531282,3.297281,4.061301,0.4764168,571685.3,0.0,1.2292335,0
2.7729175,2.0267773,2.66272,0.6481277,1097654.5,1.0,1.3681412,1
1.3272886,0.93086904,1.2634375,0.53300583,698438.6,1.0,1.4258597,0
1.0065432,0.7902653,1.1030856,0.789943,165472.58,1.0,1.2736775,1
4.7836275,3.6238472,4.8191447,0.6129568,652330.5,1.0,1.3200412,0
1.5306251,1.176253,1.5496284,0.5069239,1146249.2,0.0,1.301272,0
7.415937,6.1310387,6.6859035,0.4731798,165049.3,0.0,1.2095727,1
4.732277,4.1210732,4.4311533,0.49769413,1166865.4,0.0,1.1483117,1
2.9055846,2.3090801,2.8222651,0.3911904,1185786.4,1.0,1.2583297,0
4.8091407,3.9586318,5.257334,0.29499453,694820.1,0.0,1.2148492,0
0.3778702,0.28605148,0.3533269,0.5463103,432304.53,1.0,1.3209867,0
7.6767616,7.3656597,7.374742,0.4199722,59929.875,1.0,1.0422368,1
3.9619668,3.037655,4.3503637,0.41957372,67830.76,1.0,1.3042846,0
6.3053346,4.874144,6.2815113,0.48667395,496309.72,0.0,1.2936292,0
0.845294,0.71493757,0.8145942,0.50783354,950532.56,1.0,1.1823325,0
3.995935,2.896064,4.103313,0.5011064,1133729.5,1.0,1.3797814,0
4.0275145,2.9974384,4.024536,0.7607443,227995.05,1.0,1.3436521,1
7.515046,5.6333494,8.202597,0.59935695,610915.5,1.0,1.3340281,1
4.6594787,3.8354638,4.27106,0.81617236,626984.5,0.0,1.214841,1
3.8932173,3.2964156,4.1194506,0.43415144,487348.88,1.0,1.1810457,0
2.2824101,1.8559315,2.181567,0.6175581,670949.5,1.0,1.2297922,1
2.7862382,2.496334,2.957129,0.4424881,1113775.6,1.0,1.1161319,1
4.261245,3.4539437,4.557589,0.41583022,554308.5,0.0,1.233733,0
3.6235094,3.2858179,3.876592,0.8218314,208446.69,0.0,1.1027725,1
0.36857423,0.33272764,0.39560515,0.38477775,815267.0,0.0,1.1077355,0
6.645077,5.664514,6.934972,0.1652399,86080.7,1.0,1.1731063,0
7.190054,6.816428,6.6758275,0.3938076,1131132.5,0.0,1.0548126,0
1.2939429,1.0689399,1.1779804,0.19875145,1130870.8,0.0,1.2104917,0
4.521482,3.4732254,4.3774867,0.35730132,155964.0,1.0,1.3018106,0
1.0468907,0.87060124,1.0458585,0.3712001,683519.9,1.0,1.2024918,0
5.443473,3.6338618,5.228587,0.50529224,966998.94,0.0,1.4979857,0
2.3936236,2.053147,2.509574,0.19256051,584265.25,1.0,1.1658314,0
5.3434963,3.8373737,5.5812216,0.6793928,600587.4,0.0,1.3924879,0
5.870558,3.77878,6.42465,0.2186346,1165730.0,1.0,1.5535591,0
6.1954503,6.3539615,6.0722513,0.48083737,315084.3,0.0,0.9750532,1
1.0403794,0.85226375,1.0998324,0.45137677,655256.7,1.0,1.2207247,0
7.3448925,6.3429246,7.69921,0.62380254,182213.39,0.0,1.1579663,1
1.9956691,1.4823196,2.1907456,0.5527315,397806.2,1.0,1.346315,0
0.49181795,0.43183273,0.5187317,0.67803097,1028540.06,0.0,1.1389085,1
4.527849,3.9887767,4.331861,0.445782,873915.94,0.0,1.1351473,1
3.0931938,2.5272603,2.7933226,0.430288,753804.4,1.0,1.2239316,0
6.67236,5.700015,7.297115,0.5619187,180971.84,1.0,1.1705863,1
6.5043616,5.7187085,6.7854395,0.65438026,1028303.3,1.0,1.137383,1
2.6736834,2.0231066,2.8408456,0.62376034,392825.7,1.0,1.3215731,1
7.632615,6.885976,8.080259,0.54827213,665230.25,0.0,1.108429,1
2.4691591,2.4005435,2.5855854,0.53489935,318495.9,1.0,1.0285834,1
4.2174454,3.5814695,4.4295616,0.49455664,648847.06,1.0,1.177574,0
2.1965277,1.6941614,2.385191,0.5614895,696460.44,1.0,1.296528,1
7.5011396,6.1100597,8.122401,0.80524015,441538.72,0.0,1.2276704,1
1.483941,1.2805169,1.4480969,0.463614,631809.9,1.0,1.1588609,1
0.5503028,0.5212558,0.4986802,0.44532648,516960.22,0.0,1.0557251,1
3.5937572,3.1658952,3.262184,0.43384162,852119.75,0.0,1.1351472,0
7.9405293,6.6277323,7.8557854,0.55840594,675475.06,1.0,1.1980764,1
7.1550827,5.5149703,7.6344438,0.18173821,1059787.5,0.0,1.2973927,0
6.0391426,4.79306,6.4589972,0.47974074,107088.25,0.0,1.2599765,0
7.1481814,4.80606,7.011493,0.632097,80634.46,0.0,1.4873269,0
7.168884,6.28524,6.884439,0.4210654,266831.75,0.0,1.1405903,0
4.247095,4.1652703,4.2527027,0.5280057,186363.06,1.0,1.0196446,1
2.6642466,2.3801806,2.841442,0.81640035,654780.1,1.0,1.1193465,1
6.221697,4.6950364,6.3915443,0.54973996,280154.16,1.0,1.3251648,0
5.3609576,4.7192335,4.9747605,0.16411601,68455.92,1.0,1.1359806,0
3.1145303,2.5725048,3.028715,0.28851736,375015.38,0.0,1.2106996,0
0.93684,0.67565274,0.94722503,0.4623495,635583.5,0.0,1.3865702,0
6.024959,4.92715,6.071065,0.37942612,871393.44,1.0,1.2228081,0
2.247192,1.8209217,2.3957918,0.51550746,554154.0,1.0,1.2340959,1
7.5071425,7.132794,8.156017,0.4558136,1157121.5,0.0,1.0524827,1
2.0795705,1.4180405,1.9133974,0.6749107,279370.56,1.0,1.4665099,0
1.1575118,0.8014019,1.0937116,0.33630028,641171.3,1.0,1.4443587,0
6.6826787,5.411295,6.5385427,0.46887508,341161.28,1.0,1.2349501,0
1.3956177,0.93305594,1.3387876,0.5325888,977668.1,0.0,1.4957492,0
1.5982928,1.2151079,1.5689771,0.5511702,265922.22,1.0,1.3153505,0
4.875186,4.2089705,4.427372,0.5220208,1155841.2,0.0,1.1582845,1
7.021584,4.9064655,6.412129,0.13830899,874097.5,1.0,1.431088,0
1.7321904,1.4232836,1.8494117,0.5124938,690394.8,1.0,1.2170382,1
2.6205246,2.6483102,2.4122357,0.47738683,662200.3,1.0,0.9895082,1
6.2637577,5.484262,6.6697435,0.62961644,466840.78,0.0,1.1421332,1
7.7802463,6.693319,7.4791694,0.6084455,74179.97,0.0,1.1623899,1
4.105781,3.5417845,3.9491239,0.5361267,1102392.4,1.0,1.1592408,1
1.3224006,1.0355966,1.216806,0.5469746,964177.94,1.0,1.2769456,0
0.30870304,0.22465818,0.27865162,0.7028575,205086.8,0.0,1.374101,0
1.991317,1.7895838,1.9336838,0.6725444,190391.55,0.0,1.1127263,1
1.2282133,0.9671049,1.3105912,0.5412998,404315.78,1.0,1.2699897,0
5.485738,4.0974135,5.946491,0.82181275,927610.3,1.0,1.3388295,1
1.1502936,0.77503794,1.0494325,0.40577054,628639.8,1.0,1.4841771,0
4.1493735,3.6500118,3.7600858,0.32218352,802341.4,1.0,1.136811,0
5.615247,4.0628023,5.2320633,0.4983743,57123.42,0.0,1.3821119,0
4.7327094,3.9763172,4.984764,0.4439285,1112260.2,1.0,1.1902244,0
1.7582501,1.4339871,1.6544721,0.1301988,240538.69,1.0,1.2261268,0
6.4721713,5.8618674,6.123723,0.40214288,416736.47,0.0,1.1041142,0
5.7801757,4.361993,6.229807,0.55153775,1139223.1,1.0,1.3251226,0
5.964075,4.0544972,6.41132,0.49129584,892827.56,0.0,1.4709778,0
1.2222505,1.0135899,1.2638776,0.3835308,637726.7,0.0,1.2058629,0
1.1652796,1.0075003,1.086976,0.50634885,1042353.44,1.0,1.1566049,1
7.434988,5.910331,7.258257,0.51846087,120451.66,0.0,1.2579648,0
3.30111,2.7530384,3.1269283,0.6072612,137736.77,1.0,1.1990788,1
2.5473998,2.1404111,2.6349516,0.40377492,228435.06,0.0,1.1901451,0
4.0109553,2.9981472,4.2355137,0.63107854,354256.7,0.0,1.3378114,0
5.370341,4.699533,4.985968,0.33640355,865384.1,1.0,1.1427392,0
7.6538615,5.7405324,8.2630415,0.42449346,662280.25,0.0,1.3333017,0
2.4342806,1.889299,2.416182,0.75484896,539951.25,1.0,1.288457,1
7.4135056,5.079263,7.850911,0.34641832,949976.75,0.0,1.4595633,0
0.39390403,0.3004469,0.3585817,0.40118492,414734.7,1.0,1.3110604,0
4.5305448,3.5103114,4.4042163,0.31203336,148276.08,1.0,1.2906389,0
5.1450057,4.434424,4.6457148,0.37591004,506281.34,1.0,1.1602423,0
1.0259998,0.84441143,1.0708328,0.52075446,931372.94,0.0,1.2150472,0
1.2946489,1.2274575,1.1857562,0.60598135,595198.56,1.0,1.0547403,1
3.4690917,3.0525367,3.3568914,0.49720427,1173720.1,0.0,1.136462,0
7.736609,6.772789,8.1725645,0.4512965,1034546.4,0.0,1.1423076,1
4.849132,3.392051,5.090586,0.3135839,959596.94,1.0,1.4295574,0
7.477581,6.2506075,7.6873865,0.39093044,939157.7,0.0,1.1962967,0
6.474015,4.843319,6.7252336,0.26809463,718292.7,1.0,1.3366898,0
3.8455765,3.1850803,3.961891,0.61048394,1086322.1,0.0,1.207372,0
6.321155,5.333656,6.49976,0.620911,728352.94,1.0,1.1851449,1
0.3391269,0.33733207,0.3289297,0.49393287,478416.97,1.0,1.0053208,1
1.0513232,0.9279492,0.9521131,0.56621766,275286.6,1.0,1.1329534,1
6.6695433,5.955828,6.591944,0.63143486,985059.1,1.0,1.1198348,1
6.415173,4.510162,5.831982,0.51518136,476807.9,0.0,1.4223821,0
2.014598,1.3997003,2.0020537,0.7090416,959538.75,0.0,1.4393065,0
4.340003,4.1639347,4.308823,0.3464311,1180453.2,1.0,1.042284,0
4.9269233,3.8030624,4.6103406,0.44769946,508512.6,1.0,1.2955147,0
6.968364,4.9884377,7.3645315,0.4298387,441852.47,1.0,1.396903,0
4.904236,4.7085176,5.104534,0.5970857,245606.7,1.0,1.0415668,1
3.4180582,3.3963811,3.4587603,0.2848788,596654.3,1.0,1.0063825,1
3.1186357,2.7023125,3.3842862,0.71719617,802121.25,1.0,1.1540618,1
3.5218804,2.7583554,3.37198,0.5842662,409704.75,1.0,1.2768044,1
5.285062,4.582923,5.033527,0.76254416,608515.44,0.0,1.1532077,1
6.966427,4.8742056,6.5253625,0.4939143,667633.7,1.0,1.4292436,0
3.7403958,3.1436357,3.7736402,0.4174521,366522.94,0.0,1.1898311,0
2.1331487,1.5558773,2.007445,0.59856594,77038.16,0.0,1.3710263,1
2.0459664,1.808776,2.196916,0.65458477,297967.5,1.0,1.1311331,1
6.0189114,6.083739,5.783343,0.39283687,973622.06,0.0,0.9893441,1
6.5692363,5.9141445,6.557321,0.20036052,369771.7,1.0,1.1107669,0
1.0211691,0.6743424,1.0271962,0.2260602,65895.22,1.0,1.5143182,0
0.71915907,0.5751313,0.69149256,0.53920776,538690.94,1.0,1.2504258,1
4.8365827,3.7958176,5.0672097,0.73102844,834841.94,1.0,1.2741873,1
1.3401513,1.2455429,1.3916327,0.3048742,915270.9,1.0,1.0759575,0
6.6323805,4.772079,6.97834,0.45914504,525983.06,0.0,1.3898304,0
2.6206105,1.8185961,2.6761258,0.44773257,707637.1,1.0,1.4410074,0
1.3222011,1.1209984,1.3116716,0.7880798,907334.5,1.0,1.1794852,1
7.3835697,6.2232285,7.308135,0.83880436,1072627.8,1.0,1.1864532,1
1.4911474,1.2988793,1.5557244,0.5636679,785884.1,1.0,1.1480262,1
2.4208167,1.7069539,2.3612816,0.63470006,844492.2,1.0,1.4182086,0
1.3981845,1.2167876,1.38064,0.6305298,163476.39,1.0,1.1490785,1
1.1008224,0.7100795,1.0267748,0.30795178,533517.8,1.0,1.5502806,0
0.36495453,0.23824248,0.3780659,0.60477847,1072302.6,0.0,1.5318617,0
0.6320842,0.54604626,0.57860035,0.34705904,234828.06,1.0,1.1575654,0
1.5622035,1.1091617,1.7154595,0.47426963,406453.34,1.0,1.4084542,0
0.6163791,0.50972706,0.57246053,0.67096055,829658.1,1.0,1.2092335,1
4.8109217,3.1349456,4.6983256,0.51214,1087385.0,1.0,1.5346109,0
5.5095735,3.9556465,5.22063,0.66537446,117896.42,1.0,1.3928376,1
3.2703176,2.9029894,3.1333947,0.69488955,1051065.8,1.0,1.1265345,1
2.6803305,2.1301944,2.5851538,0.23645994,303371.12,0.0,1.2582563,0
4.1353045,3.7077556,4.315882,0.17334537,1039984.2,0.0,1.1153121,0
7.0250387,6.366142,6.570869,0.67431384,1072620.9,0.0,1.1035001,1
6.8388267,4.9015155,6.5158377,0.6803611,941804.8,1.0,1.3952473,0
0.5391055,0.4547239,0.4961071,0.53848916,1112389.0,1.0,1.1855667,1
1.6156876,1.3148079,1.561226,0.5588324,1155331.8,1.0,1.2288393,0
2.0466099,1.7444655,2.22722,0.63395715,1113964.0,1.0,1.1732018,1
2.1452231,1.4661825,2.0937846,0.63116133,640098.44,1.0,1.4631351,0
4.655615,4.4047327,4.913851,0.4543724,583228.25,1.0,1.0569574,1
3.446847,2.7839932,3.4204469,0.64337754,170987.2,0.0,1.2380946,1
0.58418214,0.4884798,0.57829356,0.44802904,298504.62,0.0,1.1959188,0
3.1141903,3.1329923,3.3159716,0.53653264,800220.2,1.0,0.99399877,1
4.285273,3.5702527,3.8797314,0.53000337,196443.1,1.0,1.2002716,0
0.99304086,0.9133252,1.0655103,0.37108412,1133737.6,0.0,1.0872806,0
6.700977,6.162175,6.6811533,0.38855192,311102.9,0.0,1.0874369,0
0.6053026,0.5967451,0.5872799,0.8351163,151120.64,1.0,1.0143403,1
7.4137664,6.7269654,8.017002,0.36621714,320532.1,0.0,1.1020968,1
0.9730825,0.96498543,0.94191647,0.5554939,106248.33,0.0,1.0083909,1
6.779885,5.005288,7.4276314,0.58696985,241003.06,0.0,1.3545444,0
7.2406945,6.896922,7.872599,0.49186754,725836.7,0.0,1.0498443,1
7.8406515,7.7497644,7.4767246,0.6007235,382537.97,1.0,1.0117277,1
6.455802,5.2251444,6.2499943,0.54934746,971334.5,1.0,1.2355261,1
6.279925,4.5785246,6.672003,0.36946228,515443.78,0.0,1.3716044,0
5.2113695,4.7534165,4.894112,0.5805226,871059.3,1.0,1.0963418,1
6.2761717,4.4110827,6.567325,0.41829404,864538.0,1.0,1.4228188,0
1.2495072,1.0280863,1.1568315,0.76110035,206144.98,0.0,1.215372,1
4.3813305,3.871626,4.1233625,0.5643688,115068.59,1.0,1.1316513,1
4.2109385,3.0490463,4.2113643,0.39497697,1018293.06,0.0,1.3810674,0
6.889063,6.317326,7.227842,0.55134344,855978.6,1.0,1.090503,1
3.809835,2.647958,3.9922717,0.36127183,251228.05,1.0,1.4387823,0
3.2036982,2.7573304,3.273489,0.53866684,831990.7,0.0,1.161884,1
5.1885934,5.0774455,4.952111,0.46614534,428888.2,1.0,1.0218905,1
2.2784138,1.8306522,2.2398531,0.37596932,115267.195,1.0,1.2445914,0
1.2901936,1.121939,1.224707,0.3740838,313077.12,0.0,1.1499678,0
3.9274428,3.0428455,3.7522924,0.86524016,919175.56,0.0,1.2907139,1
3.4517372,3.2091737,3.3297002,0.51370883,499336.34,1.0,1.0755844,1
2.0140455,1.8426168,2.0538623,0.43523914,676591.3,1.0,1.0930355,1
3.0665922,2.2241561,2.8872547,0.4092622,207023.5,1.0,1.3787667,0
3.057861,2.7785296,2.7781093,0.5706749,156559.52,1.0,1.100532,1
2.7544653,2.240696,2.8604872,0.4042256,325140.06,1.0,1.2292901,0
3.1598198,2.7878566,2.8576188,0.3358073,593418.3,0.0,1.1334226,0
5.548798,4.9588614,6.071256,0.49513784,1024039.9,1.0,1.1189661,1
2.5156364,2.0662506,2.440311,0.49400464,927900.4,0.0,1.2174885,0
7.601092,6.8824134,6.850988,0.43744475,234074.08,1.0,1.1044225,1
7.3475146,5.47948,7.912664,0.36630616,132192.34,0.0,1.3409146,0
3.9511013,3.0927973,4.0299687,0.44135427,309333.9,0.0,1.2775171,0
2.7612174,2.4258492,2.9364953,0.4295544,1030177.75,1.0,1.1382477,1
4.3763914,3.0614085,4.31952,0.40874538,643224.6,0.0,1.4295352,0
6.818772,5.7530823,6.6199117,0.541475,977937.94,1.0,1.185238,1
5.290181,3.7042947,5.454377,0.8339342,475019.53,0.0,1.4281211,1
6.474256,6.103151,6.3525414,0.6997648,729009.56,1.0,1.0608056,1
4.3552337,3.5068054,4.404194,0.7912879,733942.75,1.0,1.2419376,1
5.1367574,3.936645,4.9085035,0.4148463,770737.3,1.0,1.3048567,0
2.4476137,1.8667343,2.36569,0.75120324,590673.94,1.0,1.3111742,1
5.9321666,4.635864,5.436464,0.53409135,325125.53,1.0,1.2796248,1
1.7787558,1.7490247,1.8788543,0.6479545,542757.56,0.0,1.0169986,1
5.6194253,4.809178,5.449551,0.5686556,1170972.2,0.0,1.1684794,1
6.9136086,5.494681,7.5704,0.44850993,362929.1,0.0,1.2582366,0
1.2304021,1.0379726,1.1712835,0.60792464,883552.56,0.0,1.1853899,1
4.9921618,3.9542105,4.9672537,0.5727396,1136438.5,0.0,1.2624927,0
0.94174683,0.71285117,0.90511894,0.23477203,701194.0,1.0,1.3210989,0
5.860582,4.588179,6.087885,0.48138136,612736.4,0.0,1.2773219,0
0.8590471,0.6459461,0.9120273,0.6308606,188963.47,1.0,1.3299053,0
7.5003304,6.8087177,7.480846,0.5416132,916257.25,1.0,1.1015776,1
1.2717818,1.1832623,1.237934,0.5704206,1098214.6,1.0,1.0748097,1
7.679266,7.774262,8.055168,0.38728642,1177787.5,1.0,0.9877807,1
6.4468966,5.6895995,6.049065,0.5384316,281906.12,0.0,1.1331019,1
4.8307195,4.1653967,4.9268184,0.48554862,1108063.8,1.0,1.1597263,0
6.304468,5.049497,6.5990434,0.469482,475808.16,1.0,1.2485338,0
6.4018955,5.495139,6.1064734,0.39811152,762025.4,1.0,1.1650107,0
7.579011,6.899847,7.8150206,0.6372294,307198.22,1.0,1.0984318,1
2.1763902,1.8450766,2.278779,0.5518203,335648.25,1.0,1.1795663,1
4.802592,4.2307267,4.4351134,0.5366822,761801.9,0.0,1.1351696,0
0.9413837,0.7980687,0.9082296,0.8076177,607557.8,0.0,1.1795774,1
5.0060925,4.80963,4.9122844,0.5710699,1159058.1,1.0,1.0408478,1
1.5360721,1.4621388,1.6208503,0.6800745,354133.5,1.0,1.0505652,1
4.6066146,4.1478353,4.668809,0.5409399,1059742.1,1.0,1.110607,1
4.664958,3.8443296,4.6178994,0.44702545,579545.9,1.0,1.2134646,0
3.8346841,2.79587,3.6956942,0.3411294,204737.17,0.0,1.3715531,0
4.276528,3.5049696,3.8523488,0.5362085,324995.72,1.0,1.2201326,0
6.158602,5.117851,5.567648,0.10047657,919054.56,1.0,1.2033572,0
6.4341087,5.9172654,6.1001096,0.5408701,1000628.8,0.0,1.087345,1
4.038795,3.5742652,3.7291734,0.54730976,95497.84,0.0,1.1299652,1
4.8768287,4.306078,4.5057864,0.46736488,521534.1,1.0,1.1325455,1
7.4636426,5.4505234,7.617005,0.48614505,618298.56,0.0,1.3693442,0
1.133922,0.9907351,1.1578376,0.31232458,757288.4,0.0,1.1445259,0
1.1134079,0.8823488,1.0120369,0.70784056,798209.7,1.0,1.2618681,1
0.8841303,0.64871615,0.9007405,0.44941235,1005142.56,1.0,1.3628924,0
5.3313336,5.3702173,4.953682,0.3541861,364398.0,0.0,0.9927594,1
3.4651446,2.8954597,3.3800585,0.58169913,178717.36,1.0,1.1967511,1
6.239707,5.378056,6.850804,0.5166134,264459.78,0.0,1.1602161,1
5.435605,3.8587708,5.4595275,0.44624978,1127373.1,0.0,1.4086365,0
2.8023746,2.381644,2.5412986,0.430395,678684.44,0.0,1.1766555,0
7.207259,6.137925,6.9876657,0.4991542,301959.12,1.0,1.1742175,1
6.147751,6.1355696,6.3578787,0.7018724,953744.5,1.0,1.0019853,1
2.3101726,1.5349922,2.1829274,0.57043195,725058.5,0.0,1.5050061,0
3.0406978,2.7843933,3.3231478,0.49483874,472426.97,1.0,1.0920503,1
2.6526318,2.179649,2.6129982,0.6278651,71047.91,0.0,1.2169994,1
1.4293709,1.0408577,1.2924621,0.50412977,950204.44,0.0,1.3732625,0
1.3527102,0.956203,1.3636851,0.5602328,875057.8,0.0,1.4146686,0
7.5017943,5.394635,7.766142,0.52266914,351422.66,1.0,1.3906026,0
3.6156516,3.5858383,3.5838275,0.58846706,355462.97,1.0,1.0083141,1
3.1898947,2.5544767,3.4630585,0.43337837,362211.22,1.0,1.2487468,0
5.8915486,4.6365447,6.365149,0.32909858,820982.75,0.0,1.2706765,0
4.5133457,4.186878,4.187446,0.6360272,388303.88,1.0,1.077974,1
7.501892,6.9492283,6.871655,0.72573924,406917.16,1.0,1.0795288,1
6.2863517,5.734579,6.0503736,0.33621785,483111.84,0.0,1.0962185,0
3.9390826,3.45931,4.0242715,0.52689373,1177231.5,1.0,1.1386902,1
3.135604,2.3218868,3.1993165,0.43266946,579113.2,1.0,1.3504552,0
7.895726,7.2801476,7.535117,0.6325068,483981.66,1.0,1.0845557,1
5.7985296,4.212508,6.321674,0.53699684,590526.44,1.0,1.3765029,0
7.6193185,5.558573,7.325718,0.95,877084.0,0.0,1.3707328,1
1.1241329,1.1302122,1.192525,0.454785,1066244.4,0.0,0.99462116,1
6.8341627,5.2647147,7.287924,0.73059386,1189422.1,1.0,1.2981069,1
5.169176,3.6520095,4.754024,0.7451946,608973.9,1.0,1.4154334,1
1.150989,0.99917704,1.0894233,0.5800396,579164.5,0.0,1.1519371,1
4.7884126,3.8654418,4.5156565,0.5055625,429858.3,1.0,1.2387749,0
5.551552,3.73094,6.0174947,0.51422566,945956.5,1.0,1.4879767,0
0.29596096,0.23730019,0.28714752,0.5015307,803924.06,1.0,1.2472007,1
3.74368,3.321689,3.9956083,0.66999495,467869.2,1.0,1.1270412,1
6.6381164,5.8123655,6.6089325,0.36910456,646322.94,1.0,1.1420679,1
2.5038004,1.7875834,2.4823773,0.4758524,286693.88,1.0,1.4006622,0
3.776675,2.9931946,4.0813932,0.45767212,848092.7,0.0,1.2617539,0
3.6500502,3.407434,3.6069076,0.24107084,339942.1,1.0,1.071202,0
2.5550337,1.9134536,2.6801546,0.6288372,451977.97,1.0,1.3352995,0
7.363847,5.718894,7.2524724,0.6594379,128336.37,1.0,1.2876347,1
6.2940936,4.399739,5.7929196,0.40486723,302851.0,0.0,1.4305608,0
1.0625896,0.8741173,0.96761423,0.65451986,274114.94,0.0,1.2156144,1
7.9768705,6.2931294,7.5114045,0.26245135,895602.7,1.0,1.2675523,0
7.0577602,6.5318313,7.371503,0.50359315,848637.94,1.0,1.0805179,1
2.414486,2.3373494,2.3534715,0.48106122,668865.4,1.0,1.0330017,1
6.727793,4.7769113,6.6660423,0.5131623,495115.0,0.0,1.4083983,0
1.0300723,0.91918993,0.9480531,0.5123818,1072825.1,1.0,1.1206306,0
7.9930167,6.0344605,8.189705,0.48844376,1066695.9,0.0,1.324562,0
5.392341,3.8132758,5.7196,0.44183406,743260.44,1.0,1.4140967,0
5.270975,4.9731197,5.4024158,0.4836941,806640.25,1.0,1.0598931,1
0.90543765,0.7797019,0.99319524,0.7044832,965918.3,1.0,1.1612613,1
7.1968603,7.381952,6.5006957,0.41319215,881191.2,1.0,0.97492653,1
0.42619613,0.36464408,0.3849122,0.838301,308636.72,0.0,1.1688004,1
2.0784588,1.6228424,2.0784612,0.40472534,628864.8,1.0,1.2807521,0
1.3155706,1.1387389,1.2541093,0.5360089,224668.8,1.0,1.1552874,1
6.25879,4.2877665,6.4922557,0.58568096,980788.0,1.0,1.4596853,0
1.745993,1.6747754,1.8483815,0.4562366,801613.4,1.0,1.0425236,1
7.302978,6.140577,6.7222977,0.7073545,1175954.9,1.0,1.1892984,1
5.3188987,4.0299306,5.7628546,0.58178174,206986.14,1.0,1.3198487,1
0.48206913,0.390869,0.43674722,0.46926466,636669.8,0.0,1.2333267,0
0.24235271,0.21231148,0.25148475,0.7056897,882611.9,1.0,1.1414961,1
0.60293174,0.50820833,0.5890041,0.34767625,1047443.7,0.0,1.186387,0
4.9262166,3.3362741,5.0911846,0.41517746,1031407.4,0.0,1.4765623,0
6.451558,4.123625,5.9323835,0.5843856,282299.38,0.0,1.5645356,0
2.060712,1.5095983,2.2408514,0.62021995,1179669.1,1.0,1.3650731,0
6.825389,5.7731266,7.4224854,0.5483933,1178544.2,1.0,1.1822691,1
0.64640915,0.5699609,0.6489173,0.48092115,1164417.5,1.0,1.1341289,0
6.447518,4.6209207,6.4598775,0.4622834,755654.75,0.0,1.3952886,0
7.4368043,5.7496853,7.637313,0.66971016,1006725.56,1.0,1.2934281,1
6.2224455,5.3249683,6.3220906,0.5360592,137438.66,0.0,1.1685413,0
5.6453424,3.793057,5.694509,0.3691642,343779.47,1.0,1.4883357,0
6.7362456,6.870838,6.8564086,0.36051464,155795.28,0.0,0.98041105,1
0.51318014,0.45472917,0.5499885,0.7270192,631394.8,1.0,1.1285402,1
1.7739005,1.4131398,1.8133048,0.39218575,1159439.6,0.0,1.2552902,0
1.1744047,0.9151172,1.102962,0.54090965,796546.4,0.0,1.2833381,0
4.1353416,2.9650447,4.4776754,0.70263594,580439.94,1.0,1.3946979,1
6.0124674,5.6443825,5.670912,0.5813161,961761.1,1.0,1.0652126,1
5.1140924,4.292856,4.7716136,0.38635364,682886.6,1.0,1.191303,0
6.8388224,5.955712,7.5186806,0.34764588,576294.8,1.0,1.1482795,0
1.4106613,1.3679312,1.3298069,0.78048325,773727.44,0.0,1.031237,1
5.9300447,5.443129,5.455752,0.3438253,638570.8,1.0,1.0894551,0
1.7057236,1.5035164,1.7268771,0.41700962,787777.0,1.0,1.1344895,1
2.3119183,1.7252373,2.4632072,0.55587554,973032.56,1.0,1.3400582,0
5.7372565,3.9563017,5.2332397,0.46716824,581781.3,1.0,1.4501565,0
7.8455973,7.1165533,7.8300695,0.5860708,527274.44,1.0,1.1024435,1
4.9700403,4.1395917,4.541128,0.27983418,692465.4,1.0,1.2006112,0
0.62510246,0.57795936,0.6161874,0.4684401,1090466.6,0.0,1.0815681,0
5.00721,4.496257,4.850945,0.60165334,536429.6,1.0,1.1136397,1
0.5303343,0.39387703,0.49184576,0.602161,1024912.2,1.0,1.3464464,0
7.0963364,5.715324,7.7080708,0.414132,759737.3,0.0,1.2416333,0
5.7347107,4.876463,5.889418,0.3467435,64256.72,0.0,1.175998,0
1.5503972,1.2197939,1.6567719,0.532057,597632.94,1.0,1.2710321,0
0.91542387,0.8069242,0.9897461,0.3031306,292115.75,0.0,1.1344607,0
1.6315591,1.5549254,1.7719338,0.6926406,222921.31,1.0,1.0492845,1
7.844212,6.167169,8.233465,0.5236113,319603.56,0.0,1.2719308,1
3.776773,3.3261552,3.6309505,0.39547828,869282.25,0.0,1.1354771,0
6.315831,5.492953,6.731328,0.3418248,771490.1,1.0,1.1498063,0
5.1639853,4.34137,5.1848297,0.4050415,667381.1,0.0,1.1894828,0
4.6648226,3.656166,4.4517837,0.26571035,619558.8,0.0,1.2758782,0
1.332016,1.1698207,1.3015858,0.57421684,497554.72,1.0,1.1386497,1
7.578991,6.368627,7.2776856,0.37957302,1069553.1,1.0,1.190051,0
2.5504725,1.8140078,2.5332334,0.55995077,1122322.4,1.0,1.4059876,0
4.7085342,4.189285,4.9734697,0.58063185,929103.44,1.0,1.123947,1
5.6582522,5.5035386,5.6411276,0.6448996,381458.22,1.0,1.0281117,1
5.2640185,3.8472066,5.0196195,0.5377771,1100943.8,1.0,1.3682703,0
7.5366364,6.366848,6.9147177,0.66878515,992005.7,0.0,1.1837312,1
1.3578241,1.2548251,1.454435,0.70791656,192630.4,1.0,1.0820824,1
4.1651516,3.7259424,4.096317,0.5387323,442929.2,0.0,1.1178787,1
3.3514683,2.777115,3.3125393,0.54777896,426746.8,1.0,1.2068164,0
3.8985162,3.2064137,4.1041408,0.41637892,889553.8,0.0,1.2158493,0
1.1298968,1.0509312,1.2089276,0.3518563,652483.4,1.0,1.0751386,0
1.245938,0.9814149,1.2487152,0.69231117,356917.28,0.0,1.2695323,1
2.3689892,1.7218221,2.4317048,0.59086156,315413.8,0.0,1.3758618,0
2.576696,1.8449599,2.4422731,0.60302436,576130.8,0.0,1.3966135,0
3.537645,3.3085551,3.8454683,0.41139355,815850.56,0.0,1.0692416,0
4.965703,4.04666,5.0331583,0.7435882,635034.8,0.0,1.2271115,1
5.150107,4.1654434,5.3763046,0.4657079,350188.53,1.0,1.2363887,0
3.412125,2.6645458,3.1488543,0.3797239,762982.8,0.0,1.2805654,0
3.3885083,3.2330434,3.4812999,0.4139489,1198749.1,1.0,1.0480862,1
1.8975025,1.5881579,1.8477689,0.73567873,253169.06,0.0,1.194782,1
4.788789,4.197953,4.740961,0.33334285,657659.5,0.0,1.1407436,0
2.672919,2.5132928,2.7703,0.38733163,482004.56,0.0,1.0635128,0
0.4812667,0.4716215,0.5097892,0.9347764,301178.25,1.0,1.0204511,1
3.4635203,3.3410707,3.359175,0.64115566,1056816.1,1.0,1.0366498,1
3.8982348,2.8056223,4.189228,0.39004162,1151436.1,1.0,1.3894368,0
1.9596244,1.6987149,1.8494897,0.3377829,452725.16,0.0,1.1535923,0
4.665172,3.400079,4.723858,0.24909543,449384.16,1.0,1.3720775,0
4.613021,4.289313,4.291277,0.51456714,155526.39,1.0,1.0754685,1
5.675617,3.9756916,5.4363894,0.60920304,760416.2,1.0,1.4275798,0
5.2539983,4.435618,5.6694965,0.72781974,80527.164,1.0,1.184502,1
5.2889776,4.9139543,4.7723045,0.21590246,620642.0,0.0,1.0763181,0
2.6664703,2.0411565,2.8881133,0.30119276,225736.72,1.0,1.3063527,0
6.3419714,6.0313253,6.1243176,0.4820674,823166.0,0.0,1.0515054,1
4.483326,3.2742379,4.6588893,0.9181505,1118246.6,1.0,1.3692732,1
3.5650618,2.8742557,3.273952,0.6328854,152100.1,0.0,1.2403427,1
5.082897,4.100817,5.226511,0.55591995,944401.56,1.0,1.239484,1
3.0131273,2.2875636,3.259879,0.31626147,1005153.3,1.0,1.3171775,0
4.199366,3.4307752,4.2457285,0.1820022,252637.25,0.0,1.2240283,0
5.9463043,5.8547497,5.782331,0.5058274,1111038.6,1.0,1.0156378,1
7.1139426,5.17829,7.5316415,0.48509458,764055.5,0.0,1.3738015,0
7.3842463,6.0418777,7.6984096,0.45982888,665177.5,0.0,1.2221774,0
4.128337,4.107341,3.812678,0.44293496,822124.4,0.0,1.0051118,1
4.258146,3.9147413,4.399262,0.3877469,381325.5,1.0,1.0877209,1
6.438989,4.1594267,6.6510324,0.35335368,79222.5,1.0,1.5480473,0
2.6527154,2.6218874,2.7863705,0.7084262,558358.94,1.0,1.011758,1
6.7315826,4.69097,6.4842734,0.36702076,904848.4,1.0,1.4350086,0
4.054305,3.654264,3.974255,0.45857778,1106448.0,0.0,1.1094723,0
1.1036824,0.9653578,1.2052296,0.49413827,544619.4,1.0,1.1432885,1
0.76206136,0.64237934,0.7732571,0.6059421,353194.84,1.0,1.1863105,1
6.767547,4.690293,6.7790585,0.37222546,200989.83,1.0,1.4428837,0
0.63342977,0.44821388,0.69510674,0.6467102,1125818.5,1.0,1.413231,0
2.3887691,2.2229173,2.2595644,0.41305006,315586.84,0.0,1.07461,1
2.8062143,2.0408778,2.7489321,0.47571543,1097731.9,1.0,1.3750037,0
1.5493567,1.3185366,1.6298871,0.7464648,261319.64,1.0,1.1750578,1
2.6483684,2.3789809,2.7612422,0.35461584,70852.65,1.0,1.1132364,0
5.993002,5.092883,6.5523896,0.6081357,307853.38,1.0,1.1767405,1
0.31452617,0.21976885,0.3242325,0.6506916,616707.94,0.0,1.4311682,0
6.6519527,4.8966093,6.403296,0.54648465,451010.75,1.0,1.3584814,1
6.8810744,6.5451455,6.7402215,0.48237038,1093878.9,1.0,1.051325,1
3.1036403,2.5455365,2.8489635,0.8188556,676847.2,0.0,1.2192479,1
1.3981806,1.0380628,1.5166681,0.4979232,185434.9,0.0,1.3469133,0
4.886555,3.5028162,4.5236483,0.53061163,769131.8,1.0,1.3950362,0
1.133446,0.9097723,1.1438065,0.44952098,497288.88,1.0,1.2458568,0
3.046371,2.81101,2.9862936,0.5226623,830782.56,1.0,1.0837283,1
7.6757474,6.112911,7.1142263,0.6446177,954103.2,1.0,1.2556616,1
7.964623,5.084067,7.6348753,0.4587042,1183384.1,1.0,1.5665851,0
6.2224183,5.3046117,6.388643,0.18372042,713142.94,1.0,1.1730205,0
2.6254997,1.7599391,2.37936,0.57703555,471763.28,0.0,1.4918128,0
5.5637875,4.0346155,6.0823207,0.33824983,548640.4,0.0,1.3790131,0
5.7021694,5.5971813,6.168716,0.61128145,513015.0,0.0,1.0187573,1
3.2251651,2.8109715,2.9572194,0.49980128,568117.94,1.0,1.1473489,1
5.198931,3.6093144,5.58194,0.6414664,84567.47,1.0,1.4404207,1
0.28367564,0.2240514,0.2739496,0.35774845,334427.47,1.0,1.2661185,0
1.8306497,1.4349008,1.6723002,0.4197168,1185924.9,1.0,1.2758024,0
4.2956886,2.986887,4.129113,0.4489946,1117216.8,1.0,1.4381826,0
1.4772602,1.2700633,1.5685216,0.27765766,105532.31,1.0,1.1631391,0
1.4940735,1.3083227,1.5436264,0.66671306,1176518.0,0.0,1.1419764,1
6.7231736,6.2022343,6.3716316,0.25618657,960747.3,1.0,1.0839922,0
7.9152374,7.2644067,8.262204,0.66459703,53159.195,1.0,1.0895917,1
4.5365615,3.4511547,4.72512,0.5636598,1100483.1,1.0,1.3145055,1
6.744744,6.012055,7.0723515,0.4701699,1154424.6,0.0,1.1218699,1
7.924509,6.655594,7.988946,0.5517674,773071.75,0.0,1.1906539,1
1.3044479,0.97860456,1.3876575,0.54766,956578.4,1.0,1.3329674,0
3.6963158,3.5735703,3.8008196,0.4399358,432411.4,1.0,1.0343481,1
3.262067,2.381239,3.0176725,0.5447225,708169.44,1.0,1.3699033,0
0.8243844,0.66532207,0.87553847,0.6096775,891282.44,1.0,1.2390757,1
6.091575,5.092842,5.876869,0.3582976,695450.0,0.0,1.1961052,0
3.5834763,2.6930652,3.730424,0.55192924,400295.84,0.0,1.3306311,0
3.8607502,3.629044,3.995978,0.10605124,796580.3,1.0,1.0638477,0
1.3752491,1.0156426,1.330117,0.21056001,1014181.75,0.0,1.354068,0
1.6112279,1.5250611,1.5022069,0.584679,1011409.44,1.0,1.0565006,1
7.2754083,5.137077,7.559088,0.43732563,201996.61,1.0,1.4162545,0
0.5482629,0.42669484,0.5865342,0.37198427,562233.94,1.0,1.2849064,0
2.0162477,1.5784612,2.1526394,0.49204618,94550.11,0.0,1.2773503,0
2.4780629,2.1619296,2.5407603,0.44060725,777681.6,0.0,1.1462272,1
4.023541,2.8273652,3.8041832,0.35170883,328486.56,1.0,1.4230708,0
4.7742724,4.5539694,4.5987797,0.25414264,1119908.1,1.0,1.0483761,0
4.047662,2.9206183,4.2537913,0.20477638,760994.3,1.0,1.385892,0
0.8560996,0.67280734,0.84083605,0.61081886,510710.25,1.0,1.2724291,1
2.1006062,1.6096597,2.1982832,0.43662506,891182.7,0.0,1.3050002,0
6.7799892,5.0457034,6.521604,0.6454324,288500.44,0.0,1.3437154,1
5.173192,5.295422,4.66241,0.43510246,155146.58,1.0,0.9769178,1
5.2633624,4.168617,5.372304,0.5532455,150488.77,1.0,1.262616,1
5.4275856,4.5753922,5.537132,0.48118934,720225.94,1.0,1.1862558,1
6.1506433,5.1688666,6.3075523,0.506667,1072198.9,1.0,1.1899405,1
0.65324616,0.529358,0.6229598,0.51395553,306171.8,1.0,1.2340347,0
3.0595455,2.8389454,3.2498925,0.43314397,924055.6,0.0,1.0777049,0
4.408314,4.1438622,4.397264,0.31555676,93267.055,1.0,1.0638177,1
2.8399606,2.588668,2.9889948,0.6149198,456341.1,1.0,1.097074,1
6.7869353,6.051321,6.937732,0.73903203,801774.0,1.0,1.1215626,1
3.9640656,3.5221336,3.8975253,0.7488823,1000188.1,0.0,1.1254728,1
6.1952953,5.121751,6.4178634,0.4170095,1134670.5,0.0,1.209605,0
6.8457212,5.631013,6.9483757,0.3900244,777455.94,1.0,1.2157176,0
4.1373734,3.5257945,4.146237,0.41685763,582075.4,0.0,1.1734586,1
7.2945075,5.854141,7.511243,0.47362438,119731.85,1.0,1.2460424,0
4.779567,4.639873,4.3837605,0.49213085,366994.78,1.0,1.0301073,1
6.8321395,6.3744226,7.3927317,0.35031074,1111578.6,1.0,1.0718052,1
2.8566082,2.7385075,2.762387,0.27803963,720331.0,0.0,1.043126,0
4.090772,3.5765176,3.8655286,0.50749135,444078.88,1.0,1.1437864,1
4.345006,3.545772,4.5811973,0.0,336139.4,1.0,1.2254047,0
1.0188417,0.9332947,0.9640733,0.4849015,180705.58,0.0,1.0916613,1
3.3087096,2.52437,3.636781,0.35828787,914345.75,1.0,1.3107071,0
7.3552337,6.1775336,7.2382746,0.61702317,524232.56,1.0,1.1906425,1
5.1204915,3.7782047,4.9122148,0.6571452,1127031.8,0.0,1.355271,1
1.5845513,1.0096966,1.4457653,0.66068685,572550.44,0.0,1.5693341,0
2.8430738,2.7317812,2.582537,0.44803298,991133.06,1.0,1.0407399,1
1.6945034,1.5856994,1.5572963,0.3297284,199773.27,1.0,1.0686158,0
0.39362043,0.34143886,0.35465458,0.37781116,223543.77,1.0,1.1528285,0
7.4341917,5.7479267,7.1771026,0.5431416,364193.7,0.0,1.2933692,0
3.6960173,3.4585655,3.5559044,0.25312033,269919.84,1.0,1.0686561,0
2.5987735,2.19578,2.5624385,0.7090324,1173251.6,1.0,1.1835309,1
4.868122,4.374243,4.6080894,0.4504055,979363.0,1.0,1.1129062,1
0.25705275,0.25568765,0.23457304,0.57502604,450674.1,1.0,1.0053389,1
2.3685725,1.9290987,2.165426,0.23278609,647796.6,1.0,1.227813,0
5.683661,4.5866303,5.3223467,0.3611027,663235.3,1.0,1.2391802,0
5.143404,3.8658962,4.9547334,0.21414813,748290.44,0.0,1.3304559,0
7.8580866,5.7049413,7.3048644,0.65317845,169159.27,1.0,1.3774176,1
5.03879,3.9533587,4.9028616,0.47596928,451327.2,1.0,1.2745593,0
3.9245458,2.7972407,4.2559505,0.58569574,148819.27,0.0,1.4030061,0
6.139174,4.674004,5.846462,0.50951207,1106925.0,1.0,1.3134722,0
7.2459574,5.877307,6.7654047,0.57027125,513971.97,0.0,1.2328703,1
5.8214283,4.021368,6.013275,0.44938374,886069.6,0.0,1.4476238,0
7.7130475,6.601115,7.6989803,0.46946818,1108950.4,1.0,1.1684461,1
6.29964,4.670355,5.7292128,0.48624015,405852.94,1.0,1.3488569,0
6.961051,6.64547,7.3617396,0.5608447,151026.58,0.0,1.0474882,1
1.0900117,0.8651894,1.136957,0.5648178,436648.7,0.0,1.2598534,0
5.912825,4.1023297,6.4772615,0.92171556,821635.7,0.0,1.4413335,1
3.6326919,2.6233726,3.9511385,0.7522403,624767.06,1.0,1.3847411,1
4.5142097,4.1391177,4.5902724,0.23318619,136196.61,1.0,1.0906212,0
5.3019986,3.8283958,5.4992557,0.4785342,130725.67,1.0,1.3849139,0
7.764558,6.085447,7.62403,0.4391156,854495.9,1.0,1.2759224,0
7.8797092,5.8109064,8.491911,0.6920196,897027.1,1.0,1.3560207,1
2.4481802,2.2515774,2.4740374,0.4526378,175933.95,0.0,1.0873178,1
5.9232774,4.452766,5.7166157,0.5696433,963925.56,0.0,1.3302467,0
6.0498714,4.900648,5.456369,0.14944075,447393.0,1.0,1.2345043,0
2.9026444,2.6945014,2.9528308,0.2729599,128440.51,1.0,1.0772473,1
1.1661842,0.8490828,1.1721164,0.81384397,433940.2,1.0,1.3734635,1
0.5193863,0.4244455,0.55178326,0.50753665,890046.4,1.0,1.2236819,0
6.2632766,5.9525967,5.871201,0.350231,804145.0,1.0,1.0521922,0
4.019658,3.1959047,4.273219,0.53643066,603691.5,0.0,1.2577528,0
7.887213,5.612456,7.122601,0.34204116,371600.6,1.0,1.4053051,0
3.826793,3.1307154,3.893619,0.45749396,530620.9,1.0,1.2223382,0
7.8277526,5.734478,7.66627,0.28210732,488852.28,0.0,1.3650331,0
3.4102929,3.2767704,3.2953799,0.3816918,498526.12,1.0,1.0407482,1
6.390721,5.5785503,6.3054633,0.4375495,613146.9,0.0,1.145588,1
0.8615903,0.709377,0.81396013,0.6681049,573576.44,1.0,1.2145733,1
4.5326014,3.2479136,4.2456203,0.5696069,167839.23,0.0,1.3955425,0
6.456066,5.9367943,6.850024,0.5957786,383695.0,0.0,1.0874667,1
7.412673,6.361644,7.009065,0.4961338,198475.69,1.0,1.1652135,1
6.616148,4.795533,6.9297166,0.6234274,742410.6,1.0,1.3796481,0
0.48837167,0.49111938,0.50901616,0.36897212,536237.25,0.0,0.9944052,0
3.1070783,2.6224463,2.817126,0.3900941,822714.56,0.0,1.1848016,0
0.5798481,0.4973102,0.6240409,0.5611387,150743.69,1.0,1.1659687,1
1.0524019,0.8196739,1.1133054,0.4581279,446645.44,1.0,1.2839274,0
5.467384,3.6303709,5.7911267,0.49792314,257404.5,1.0,1.5060124,0
5.763414,5.343688,6.119813,0.4753797,155900.88,0.0,1.078546,1
6.235021,5.725749,6.3379655,0.68801755,939463.8,1.0,1.0889442,1
6.950561,5.519846,7.636416,0.69583297,200577.11,1.0,1.2591947,1
5.9675655,4.1581726,5.5846295,0.40607515,251152.16,1.0,1.4351414,0
6.4467983,5.9579144,5.8953857,0.2360196,471794.34,0.0,1.0820563,0
0.5819169,0.42051923,0.6056786,0.39327547,386677.22,0.0,1.3838058,0
2.0293741,1.5329728,1.9457384,0.36545599,1107791.5,0.0,1.3238162,0
5.0508027,4.3182807,5.1601357,0.62476224,1186943.4,1.0,1.1696328,1
6.8933773,5.204352,6.744069,0.63807464,535760.8,0.0,1.324541,0
0.23510097,0.15612853,0.22727324,0.34533888,281305.06,1.0,1.5058169,0
4.214109,2.8294199,4.5455475,0.38682428,622828.44,1.0,1.4893897,0
5.4828415,4.9653516,5.0903177,0.27814832,620018.9,1.0,1.1042202,1
0.43093684,0.32962698,0.40413135,0.5201568,585944.44,1.0,1.307347,0
3.3305733,2.7522662,3.4423747,0.49326253,73386.664,1.0,1.2101203,1
7.185952,7.263879,7.5921035,0.61836827,197633.5,0.0,0.989272,1
5.43858,4.485375,5.799935,0.5745697,212159.88,0.0,1.2125139,1
2.0537353,1.7607653,1.9433057,0.59153044,454525.28,1.0,1.1663878,1
6.8516927,5.515842,7.3753176,0.2686997,717906.06,1.0,1.2421844,0
2.9146452,2.3006942,2.9785054,0.4060511,1059520.0,1.0,1.2668546,0
6.8560886,5.6105905,7.299291,0.6423346,306859.62,1.0,1.2219906,1
2.5317605,2.5242996,2.3132806,0.4192136,936880.06,0.0,1.0029556,1
4.8044977,4.689039,4.666988,0.25586513,310139.03,0.0,1.0246232,0
3.2961326,2.544804,3.3125236,0.6211984,87509.2,1.0,1.2952402,1
2.3436353,1.9548272,2.3797073,0.41341025,797337.06,1.0,1.1988965,0
7.115149,6.5149136,6.5446157,0.6593956,296827.88,1.0,1.0921326,1
1.6632308,1.2119044,1.6760902,0.4972378,1107603.2,0.0,1.3724109,0
0.8615304,0.82696384,0.89004475,0.4584171,1123432.4,1.0,1.0417994,0
2.8670301,2.0702286,2.787668,0.7044786,170786.56,0.0,1.3848858,1
5.7975855,5.1264744,5.7984424,0.30460167,273926.47,1.0,1.1309109,0
6.4979663,5.5704613,6.2283874,0.7151332,291975.66,1.0,1.1665043,1
7.990198,6.7672334,8.582273,0.4040966,1098154.2,1.0,1.1807185,0
2.511624,1.8316426,2.5614579,0.5243555,139727.38,1.0,1.3712413,0
3.3819473,3.3332655,3.4166284,0.52577305,913843.25,0.0,1.0146048,1
1.267206,0.96627957,1.3798244,0.43593204,380860.3,0.0,1.3114278,0
4.684001,3.8731534,4.838509,0.3856831,719799.75,0.0,1.2093508,0
7.9811244,6.2711725,7.629673,0.44452667,253874.36,1.0,1.2726686,0
5.666872,4.664337,5.8275313,0.3478156,977509.1,1.0,1.2149363,0
4.84266,4.146311,5.2897573,0.7942941,821387.75,1.0,1.1679443,1
3.260479,2.2407732,2.9497933,0.42783037,74318.75,1.0,1.4550687,0
7.33933,5.573057,7.525149,0.6738421,322702.44,0.0,1.3169308,1
4.0759497,3.937003,3.7962048,0.6540759,586302.8,1.0,1.0352924,1
1.2480619,0.8294594,1.3270541,0.5544395,660851.75,0.0,1.5046691,0
3.049952,2.5174778,3.1357682,0.47964814,1001362.2,0.0,1.211511,0
0.7239,0.6806794,0.7871674,0.5290673,495009.25,1.0,1.0634962,1
1.7754365,1.6253761,1.8356514,0.58582544,1115871.1,0.0,1.0923235,1
0.3378165,0.26853883,0.30519822,0.51507026,272968.22,1.0,1.2579801,1
3.7355833,3.2608135,3.7433188,0.26498765,1036369.94,1.0,1.1455985,0
5.149414,3.624421,5.565145,0.2272533,1089944.5,1.0,1.420755,0
2.8776813,2.2482133,2.7236118,0.7263482,770690.0,1.0,1.2799859,1
3.478978,3.4585707,3.188759,0.104792915,1162652.4,0.0,1.0059004,0
7.6818323,7.0070515,8.019661,0.5293528,522175.4,1.0,1.0963002,1
6.0653124,4.849961,6.0683556,0.4647533,854175.6,1.0,1.25059,1
4.4186816,3.7089214,4.018875,0.52412015,61612.332,1.0,1.1913657,1
2.4194188,1.9101928,2.3129234,0.329005,365882.53,1.0,1.2665836,0
7.196575,5.0936475,6.9472117,0.55260164,701324.4,1.0,1.412853,0
2.0337574,2.0469513,2.1020355,0.53090245,1057323.9,1.0,0.99355435,1
2.7376733,2.4426022,2.7221234,0.9141518,1145864.5,1.0,1.120802,1
7.2907057,5.960309,7.272027,0.519497,716348.4,0.0,1.2232094,0
4.330428,3.465683,4.595973,0.7022353,1034251.1,1.0,1.2495165,1
5.99008,4.8273644,5.7246203,0.27519715,969117.25,1.0,1.2408593,0
4.8078094,3.5881808,4.9737487,0.6530143,939725.06,0.0,1.3399017,0
5.296826,4.9318557,5.156521,0.533941,178177.5,1.0,1.0740025,1
2.5351896,2.1562219,2.4938002,0.5404608,600434.9,1.0,1.1757554,1
2.0827022,1.5727352,2.1059878,0.5425353,609198.4,1.0,1.3242549,0
2.7154403,2.427194,2.8216937,0.75595075,955576.94,0.0,1.118757,1
1.4124442,1.4101664,1.5382069,0.53826565,724023.6,1.0,1.0016153,1
7.019652,5.174138,6.6953597,0.3823817,992830.6,1.0,1.3566804,0
2.409326,1.9317958,2.2183847,0.40760928,1149918.1,0.0,1.247195,0
4.5796175,3.9789743,4.514396,0.62256914,687863.44,1.0,1.1509542,1
6.3774004,4.4744444,6.436986,0.56711835,960467.7,1.0,1.4252944,0
6.313828,5.010678,5.9703603,0.27042896,694644.0,1.0,1.2600746,0
3.619413,3.0376577,3.9020858,0.5771963,769558.06,1.0,1.1915144,1
3.914807,2.7440157,4.1487927,0.33764866,597407.25,0.0,1.4266708,0
7.9586735,5.937386,7.9485884,0.5657387,1153534.6,0.0,1.340434,0
5.46186,4.884943,5.4073114,0.3791669,990213.9,0.0,1.1181011,0
6.5541797,5.1922545,5.952167,0.45777774,914732.56,1.0,1.2622994,0
7.239921,6.288856,7.293337,0.41827872,429020.8,1.0,1.1512302,0
6.3432007,5.19848,6.464669,0.72783697,608227.25,1.0,1.2202029,1
1.6443989,1.4692136,1.7731986,0.56027716,1042345.3,0.0,1.1192374,1
4.584932,4.1352596,4.5859385,0.68916696,1126840.8,1.0,1.108741,1
0.9947744,0.95663685,0.92660797,0.9342819,1197182.5,1.0,1.0398663,1
5.292793,4.508555,4.954114,0.5070208,894593.6,1.0,1.1739444,1
7.651726,5.9722486,7.131205,0.7252985,890464.3,0.0,1.2812135,1
4.1993103,3.2438502,4.567619,0.39508164,157956.66,0.0,1.294545,0
3.5771854,2.661239,3.787087,0.6882317,914271.94,1.0,1.3441806,1
0.47957346,0.35780033,0.5107233,0.37887368,448752.5,1.0,1.3403382,0
7.686241,5.9395785,8.209572,0.49723774,1044317.06,0.0,1.2940718,0
1.003421,0.75901884,0.9222712,0.58053166,62938.395,1.0,1.3219974,0
0.5204169,0.3905479,0.54146016,0.6041347,1124543.5,1.0,1.3325304,1
2.1193197,1.5516398,2.2059305,0.30911726,606462.94,1.0,1.365858,0
0.7111374,0.556229,0.67199945,0.36994672,197149.12,0.0,1.2784975,0
3.7499192,3.3507679,3.7429187,0.59171754,741148.4,1.0,1.1191223,1
4.225485,3.6807027,4.362755,0.44484252,845841.25,0.0,1.1480104,0
2.6380455,2.5846453,2.847684,0.29039773,946768.06,1.0,1.0206606,1
0.59749174,0.4716524,0.55093825,0.48935348,857124.6,1.0,1.2668053,0
1.0704829,0.95868057,1.15445,0.48215428,686381.56,0.0,1.116621,1
3.199134,3.0906458,3.4694066,0.52653724,144235.62,0.0,1.0351021,1
0.67212194,0.49868527,0.7290654,0.5793862,1042333.1,1.0,1.3477877,0
5.6458797,5.8824506,5.0867515,0.5698477,1180915.1,0.0,0.9597837,1
1.8147602,1.2107183,1.7134962,0.38477403,944708.06,0.0,1.498912,0
2.5561583,2.3407683,2.6539288,0.43837574,89953.5,1.0,1.0920168,1
3.2741811,2.9216251,3.1574497,0.6391683,919052.56,0.0,1.1206712,1
3.4495552,2.77819,3.1467416,0.41852227,360087.2,1.0,1.2416556,0
0.21295352,0.19337864,0.2241524,0.4407362,1156415.2,1.0,1.1012256,0
1.0741489,0.80398774,0.9728764,0.27435964,123033.695,0.0,1.3360264,0
6.9295635,4.632545,6.854754,0.49569792,156097.16,0.0,1.4958438,0
0.20961788,0.14537136,0.22838187,0.5517906,258575.89,0.0,1.4419476,0
4.1637053,3.1136875,4.113935,0.20367602,916131.8,1.0,1.3372265,0
4.0181155,2.6728904,4.3491178,0.33946243,799115.7,0.0,1.5032848,0
2.7981346,2.5397923,2.7472107,0.28674084,886322.2,1.0,1.1017178,0
3.5643508,2.9089766,3.4550579,0.6182528,456966.88,1.0,1.2252938,1
6.2885327,5.0556965,5.7947354,0.21314731,1061512.1,1.0,1.243851,0
6.761389,5.835662,6.5694885,0.4881973,563194.5,0.0,1.1586328,1
2.2307186,1.6305183,2.1579912,0.6076793,204231.61,0.0,1.368104,0
2.7154255,1.9510165,2.9036322,0.52817327,932595.1,1.0,1.3918003,0
2.0913663,1.924652,2.2670054,0.4340062,658969.1,1.0,1.0866205,1
3.9429345,3.5380347,3.565935,0.55197024,732422.7,1.0,1.114442,1
5.529415,4.7783546,5.0851336,0.655546,492888.94,0.0,1.1571797,1
1.9803724,1.4629195,2.0371015,0.48385826,867327.5,1.0,1.3537124,0
2.779739,2.4423115,2.7712567,0.16415942,90903.15,0.0,1.1381589,0
7.4570003,6.801709,7.1540647,0.6721599,614852.1,1.0,1.0963421,1
0.57884043,0.45661783,0.55104536,0.5600397,541232.4,1.0,1.2676694,1
3.794003,2.817861,3.5850859,0.49503854,908449.75,0.0,1.3464124,0
5.7501526,4.1936474,5.779422,0.20294422,355749.6,1.0,1.3711578,0
1.3735412,1.1865807,1.2409891,0.45525372,318768.16,1.0,1.1575625,1
0.5695174,0.5342764,0.59672713,0.36867842,417807.12,0.0,1.06596,0
1.2780019,1.1636438,1.226981,0.3175581,602625.1,0.0,1.0982758,0
7.366821,5.6744375,7.259017,0.4795326,291359.0,1.0,1.2982469,0
0.2722263,0.22343111,0.27369916,0.41960496,836838.06,1.0,1.2183903,0
1.6689115,1.4519022,1.5725683,0.42948517,431352.94,0.0,1.1494656,1
0.4440114,0.35506663,0.47808507,0.610944,534756.3,0.0,1.2505016,1
1.0629098,0.99581105,1.1016196,0.5383358,691232.44,1.0,1.067381,1
5.037164,3.7897208,5.410213,0.42567277,483406.62,1.0,1.3291651,0
2.0847836,1.6479968,2.0745475,0.40664282,856411.1,0.0,1.265041,0
4.639854,3.817621,4.5771794,0.43177122,804624.5,1.0,1.2153784,0
4.803524,4.049493,4.550996,0.46288335,920360.1,1.0,1.1862038,1
6.8255954,6.129593,6.886808,0.5876075,651455.25,0.0,1.1135479,1
0.23698287,0.19659424,0.2413985,0.34361598,472535.12,0.0,1.2054416,0
6.8562818,5.076323,6.746476,0.71876585,281296.88,0.0,1.3506395,1
5.029129,3.908685,4.6724453,0.5877158,552419.0,0.0,1.286655,0
1.4693992,1.1460773,1.4027191,0.0893108,1053966.9,1.0,1.2821118,0
6.2289114,4.874582,5.6237745,0.51280236,189180.02,0.0,1.277835,0
6.872834,6.396362,6.624228,0.6561105,297712.03,0.0,1.0744911,1
2.1832552,1.6265663,2.2185187,0.55830586,815032.7,1.0,1.342248,0
7.3665905,6.0673213,8.037998,0.43814886,711194.44,1.0,1.2141422,0
3.744768,3.2734618,3.5035276,0.49083623,1103613.4,1.0,1.1439779,1
4.9067106,3.438593,4.4704695,0.526748,83388.266,0.0,1.4269531,0
7.880266,6.994295,7.5592422,0.6154382,1060293.8,1.0,1.1266705,1
3.0199814,2.4439034,2.8126886,0.28773576,884313.44,1.0,1.2357204,0
6.542643,5.5048738,6.7984853,0.40924725,941844.2,1.0,1.1885183,0
2.6835132,2.499151,2.4182475,0.7457867,485467.16,0.0,1.0737699,1
6.4338655,6.0671144,7.0526323,0.50494206,403424.0,0.0,1.060449,1
4.8857245,4.3827157,5.2332625,0.72918534,66534.51,0.0,1.114771,1
1.8875744,1.5306076,1.8840524,0.94783896,955515.94,1.0,1.233219,1
3.4294035,2.524143,3.7181196,0.4261948,235786.2,0.0,1.3586408,0
2.677558,2.3852139,2.7461352,0.32040784,310048.56,1.0,1.1225652,1
0.80924547,0.6372259,0.8891609,0.4601704,368045.66,1.0,1.2699506,0
0.4327112,0.35759985,0.41352534,0.6648489,1050125.5,1.0,1.210043,1
2.9025335,2.5023196,3.190991,0.6858344,381085.47,1.0,1.1599371,1
0.34846637,0.33481959,0.32618174,0.84079665,539535.7,1.0,1.0407585,1
1.4908046,1.0240012,1.4470996,0.49447918,909446.2,0.0,1.455862,0
5.85643,4.993532,6.3663187,0.57320845,1076111.6,1.0,1.172803,1
5.7231116,4.2584486,5.5749316,0.39323455,959859.9,0.0,1.3439429,0
5.960927,5.096273,5.6149983,0.123952255,665725.94,0.0,1.169664,0
2.6737947,2.4001157,2.4382265,0.49405208,52506.08,1.0,1.1140275,1
7.142152,5.54398,6.640713,0.32693687,231518.62,1.0,1.2882715,0
4.831878,3.625863,4.69197,0.59650356,341643.2,0.0,1.3326147,1
1.1830055,1.1368867,1.1643689,0.217791,525830.4,0.0,1.0405658,0
1.3210056,1.1476918,1.3322212,0.38910007,466518.06,0.0,1.1510108,0
5.6061444,4.99819,5.9577484,0.5401519,641567.3,1.0,1.1216348,1
1.5489627,1.5838889,1.3982222,0.5558543,523831.66,1.0,0.97794914,1
4.1568832,3.5844946,4.4404793,0.4928841,884976.7,1.0,1.1596845,1
7.935841,7.014718,8.058449,0.7801018,110065.31,1.0,1.1313128,1
0.23125932,0.17484143,0.2431219,0.7354196,1193937.4,1.0,1.3226802,1
0.32932246,0.2586193,0.34624827,0.39735088,1019517.7,1.0,1.273387,0
7.9460597,5.7653685,8.586834,0.74141145,435211.66,1.0,1.3782398,1
4.760183,3.2736754,4.373066,0.7643302,506322.44,1.0,1.454079,1
1.1898978,0.94224066,1.2069169,0.48141465,1158262.8,1.0,1.2628386,0
7.198957,5.2124286,7.787874,0.5068105,1126174.9,1.0,1.3811139,0
7.0669665,6.561674,7.376791,0.49239177,502149.6,0.0,1.0770066,1
4.3823633,3.4066148,4.028781,0.4032501,118558.2,1.0,1.2864276,0
5.049978,3.5137093,5.1650815,0.41814986,1186161.4,1.0,1.4372213,0
2.3308601,2.2619152,2.4706562,0.6978984,801816.4,1.0,1.0304807,1
0.5940536,0.49520782,0.5673048,0.5656064,846952.06,1.0,1.1996047,1
4.8376274,4.4683394,4.965818,0.41687158,365784.78,1.0,1.0826454,1
2.4990904,1.9256194,2.6692348,0.36110058,991510.1,0.0,1.2978113,0
5.376244,3.8034682,5.401907,0.38628343,691104.2,1.0,1.4135109,0
6.7227125,5.8557253,6.311534,0.47542173,590778.7,1.0,1.148058,1
0.34165224,0.3040222,0.34504706,0.63697547,902382.3,1.0,1.1237739,1
4.8465676,3.5193043,4.931871,0.37098783,477684.4,1.0,1.3771379,0
2.0039883,1.7746214,1.9650518,0.6352554,543815.56,1.0,1.1292483,1
7.0163302,6.287623,7.26838,0.5295435,800175.9,1.0,1.1158955,1
2.1785831,1.8511969,2.1495352,0.5214263,785524.4,1.0,1.1768512,1
4.964007,4.0253386,5.3386955,0.65386945,1166863.9,1.0,1.2331898,1
4.5176187,3.9097567,4.781109,0.6265038,697279.0,0.0,1.155473,1
3.2900987,2.3204553,3.4906447,0.28932232,419133.28,0.0,1.4178678,0
5.485442,5.0260034,5.5140505,0.33739796,380554.72,1.0,1.0914123,1
5.861003,4.52206,5.505062,0.46557254,664121.9,1.0,1.2960916,0
4.6221147,3.1807165,4.8295755,0.5533959,187492.78,1.0,1.4531678,0
6.1156936,4.5594187,5.5884247,0.70468634,726313.75,1.0,1.3413318,1
7.870653,6.613662,7.8983183,0.50976014,498793.2,0.0,1.1900599,1
3.4703245,3.3673027,3.160063,0.75555444,454796.62,0.0,1.0305948,1
4.213748,4.283998,4.2376976,0.39399868,271348.97,0.0,0.98360175,1
0.29726505,0.2666374,0.30831867,0.4193632,619725.4,1.0,1.1148663,0
6.409023,6.146328,6.305451,0.45414764,93277.88,1.0,1.0427401,1
4.2577944,4.057829,4.1870327,0.37741587,748261.5,1.0,1.049279,1
3.3820992,2.5310168,3.1269495,0.6739107,378381.44,0.0,1.336261,1
0.9337613,0.7619799,0.8967563,0.08452536,1090830.5,0.0,1.2254409,0
7.13932,5.066575,7.0597506,0.42446467,655316.2,1.0,1.4091018,0
3.2810564,2.4246469,3.51963,0.6722311,947675.3,0.0,1.35321,1
5.5241365,4.6479764,5.9638357,0.45315224,1028867.2,1.0,1.1885035,0
1.3651184,0.94095373,1.4889566,0.66093296,1060830.6,1.0,1.4507817,0
7.700087,7.5369344,7.084486,0.8296526,1051225.6,0.0,1.0216471,1
1.5918458,1.6002386,1.5269655,0.5120577,309289.03,1.0,0.99475527,1
1.7564275,1.4902011,1.7433994,0.6753401,398812.88,1.0,1.1786513,1
6.9000664,5.806054,7.0956745,0.86287063,864128.8,0.0,1.1884261,1
7.3181453,5.638427,7.6149673,0.5603136,668261.1,1.0,1.2979054,1
1.8547498,1.4308056,1.9608475,0.49279052,750732.1,0.0,1.2962976,0
3.8644469,3.0789893,3.8612578,0.6353698,829388.7,0.0,1.2551025,0
5.9212604,4.129517,5.9882703,0.6776325,181390.5,0.0,1.4338869,1
7.051253,5.1322126,7.700773,0.4941777,243552.4,1.0,1.3739206,0
3.156611,2.4562442,2.992485,0.42742345,783511.7,1.0,1.2851372,0
4.232752,3.0593777,4.4899,0.7576093,769177.0,1.0,1.3835337,1
5.985388,4.5106273,6.2389507,0.45940784,990046.4,1.0,1.3269525,0
5.9028606,5.919405,5.4779606,0.6790593,847849.1,0.0,0.997205,1
6.307089,4.2840886,6.845073,0.5394301,288828.12,1.0,1.4722126,0
4.645484,3.4231367,4.975644,0.77404475,130583.22,1.0,1.3570839,1
1.0159978,0.8653533,1.072793,0.3726431,499678.5,1.0,1.1740843,0
7.250992,6.0360894,6.709739,0.37235293,476963.2,1.0,1.2012731,0
6.9514656,5.587474,6.4505024,0.62817293,932528.44,1.0,1.2441161,1
6.42516,4.591358,6.660576,0.3304491,822205.9,1.0,1.3994029,0
0.9789273,0.8081641,0.9020365,0.51749426,1053032.9,1.0,1.2112978,1
1.7942995,1.4436013,1.6555339,0.73226136,629901.06,1.0,1.2429328,1
6.000083,5.6169467,5.8804164,0.23227517,382003.94,1.0,1.0682107,0
0.38049275,0.3038452,0.3428527,0.5603209,629887.94,1.0,1.2522584,1
7.837952,5.888418,8.185147,0.6817618,297827.3,0.0,1.3310794,1
3.1417284,2.5703022,3.1669924,0.49611384,119610.195,0.0,1.2223188,0
5.810638,4.2585864,5.320422,0.36093608,624635.5,0.0,1.3644522,0
7.1230545,5.8095164,7.185143,0.4606088,525645.9,0.0,1.226101,0
3.2781131,2.3666565,2.985763,0.37422204,87063.414,0.0,1.3851242,0
2.6892333,1.9905063,2.4583337,0.5103737,879464.8,1.0,1.3510299,0
4.9481807,4.459041,4.933798,0.45849416,791003.8,0.0,1.1096961,1
4.731717,3.282903,4.7315497,0.42301092,134872.5,0.0,1.441321,0
3.3912919,2.2322295,3.2820888,0.5699221,866527.1,1.0,1.5192399,0
4.893843,4.396883,5.013029,0.73686737,145245.64,1.0,1.1130255,1
7.4959745,5.8210964,7.327103,0.5491731,645305.1,0.0,1.2877256,1
3.847594,3.7273765,3.914512,0.7015498,765583.9,1.0,1.0322527,1
1.734589,1.7663958,1.6824768,0.73682374,623833.4,1.0,0.9819934,1
3.1422067,3.186566,3.2773008,0.41200396,909516.75,1.0,0.9860792,1
3.2740345,2.5698898,3.3259516,0.5412288,493401.62,1.0,1.273998,0
1.2226478,0.8913391,1.1395184,0.43625784,294898.9,1.0,1.3716977,0
1.4703977,1.3417695,1.5251756,0.27767542,609369.2,0.0,1.0958647,0
5.539584,4.763908,5.8541617,0.55336416,443572.47,1.0,1.1628236,1
2.8479264,2.5408244,2.6006548,0.34217757,223967.8,0.0,1.1208671,0
7.6482077,6.238718,7.8164077,0.5726455,591745.94,0.0,1.2259262,0
2.1000545,1.4220871,2.2220383,0.26661828,281644.97,1.0,1.4767412,0
0.97161114,0.6804504,0.89672965,0.52564895,590840.6,1.0,1.4278941,0
6.0773354,4.5072074,6.565531,0.26439005,731407.25,0.0,1.3483595,0
7.072081,5.153524,6.951571,0.6010797,949527.25,0.0,1.3722807,0
2.3692842,2.1791022,2.4819863,0.44099298,1031140.9,1.0,1.0872754,1
1.7762872,1.2354032,1.9180527,0.42653105,818387.8,1.0,1.4378198,0
1.6489758,1.4789579,1.8104558,0.6689757,1077573.5,1.0,1.1149579,1
4.271696,4.004682,4.343396,0.45176446,691457.56,0.0,1.0666754,1
3.8536499,2.9156091,4.01109,0.5166279,866997.1,0.0,1.3217306,0
2.2236307,1.9248598,2.1132052,0.47020757,935917.0,0.0,1.155217,0
0.55235034,0.5109152,0.52915674,0.5761089,998572.8,1.0,1.0810997,1
3.9556324,3.2810247,4.233135,0.65644175,914629.2,1.0,1.2056088,1
7.682792,5.9744067,7.526438,0.6253453,1087776.2,1.0,1.2859507,1
5.28965,5.1663394,5.630762,0.4299997,593783.06,1.0,1.023868,1
4.064951,3.8098495,3.6995907,0.681357,1146504.4,0.0,1.0669584,1
1.0633981,1.007587,1.0034764,0.3625473,510329.6,0.0,1.0553911,0
2.169003,2.046154,2.0258896,0.3886277,130719.016,0.0,1.0600389,1
2.4992368,1.8311621,2.5127664,0.4808299,259432.81,1.0,1.3648365,0
6.1654677,5.5616884,5.6482224,0.6570201,692005.75,1.0,1.1085604,1
7.0383444,5.8454094,6.8185654,0.3244773,66776.09,1.0,1.2040806,0
7.2328067,6.141436,7.9361897,0.6337226,231003.27,0.0,1.177706,1
7.8796353,7.548564,8.3433,0.49178794,480188.94,1.0,1.0438588,1
7.86246,6.7117896,8.272238,0.43493998,767941.7,0.0,1.1714402,1
7.6333933,7.6676116,7.0763307,0.66467094,240382.64,0.0,0.9955373,1
0.7602127,0.5968705,0.7396199,0.37959936,711093.8,0.0,1.2736645,0
1.2747896,1.1716722,1.3208319,0.8428514,812617.5,0.0,1.0880088,1
2.5748389,1.9028884,2.3284912,0.47350374,928208.4,0.0,1.3531214,0
4.512606,3.9442713,4.4530187,0.52247626,809550.56,0.0,1.1440912,0
0.9564275,0.8704192,1.0384105,0.7314358,337595.2,1.0,1.0988125,1
6.7972164,6.6171136,6.229431,0.5263895,1196964.2,1.0,1.0272177,1
5.0106983,3.8364396,5.4178267,0.6783303,1071486.0,1.0,1.3060803,1
4.4304423,3.515633,4.1597614,0.20702623,479546.8,1.0,1.2602118,0
1.4894283,1.2422386,1.3968178,0.43361044,83568.11,1.0,1.1989872,0
2.1753926,1.4937797,2.0428834,0.55951005,658014.44,1.0,1.4563009,0
1.4504339,1.1232477,1.5755354,0.6622129,1044968.1,0.0,1.2912858,0
6.8450785,6.0587306,6.9871073,0.6154545,995234.75,1.0,1.1297876,1
4.756977,3.437279,4.995577,0.60140485,1082190.6,1.0,1.383937,0
5.9340096,5.8276668,5.7754617,0.65915865,1164943.8,1.0,1.018248,1
2.5090563,1.9045849,2.696358,0.57125294,869982.4,1.0,1.317377,0
3.0957706,2.7987072,3.1465023,0.1785224,236757.17,0.0,1.1061431,0
3.3578687,2.8438454,3.4249153,0.71633047,91875.11,0.0,1.1807494,1
6.1281166,5.634083,6.4373674,0.37435025,224118.38,1.0,1.0876867,1
6.2243533,5.8309755,6.565003,0.54704374,281264.84,1.0,1.0674635,1
1.8131455,1.5566761,1.8790945,0.5271507,120598.84,1.0,1.1647545,1
7.544003,6.952847,6.969014,0.50709915,571469.5,0.0,1.0850236,1
1.1411116,0.94055927,1.2248068,0.3340939,951459.4,0.0,1.2132267,0
7.189752,5.2542195,6.8459373,0.20919602,54889.566,1.0,1.3683769,0
0.98308605,0.7313234,1.0806464,0.34964317,974170.25,0.0,1.3442562,0
2.2634106,2.0684042,2.211582,0.62393576,1114103.5,0.0,1.0942787,1
6.8025327,5.5789742,6.2855363,0.28300673,224783.84,0.0,1.219316,0
1.6000382,1.371124,1.5411844,0.36795786,74548.086,1.0,1.1669536,0
3.42583,3.0845459,3.476213,0.562707,601269.7,0.0,1.1106431,1
3.7089026,2.9527955,3.6283796,0.3458863,1048809.8,0.0,1.2560648,0
2.11302,1.9131136,2.2519221,0.41854277,897356.1,0.0,1.1044927,1
5.7399125,4.9482594,5.9490824,0.51227325,89903.95,1.0,1.1599863,1
6.84041,6.1126847,6.448387,0.5423964,824254.06,0.0,1.1190517,1
7.021686,6.032568,7.076249,0.3429161,990406.7,1.0,1.1639631,0
2.8467128,2.8261313,3.010417,0.5211414,361707.1,1.0,1.0072825,1
4.340633,3.654837,4.6802735,0.5598282,801425.4,0.0,1.1876407,1
2.13757,1.9457965,2.092657,0.30901992,618041.3,0.0,1.0985578,0
2.1094127,1.4526802,2.288487,0.53222644,286473.44,0.0,1.4520833,0
1.4577817,1.2711309,1.3224907,0.39251253,1086735.8,1.0,1.1468383,0
7.5321484,7.15058,7.7983212,0.5185873,306459.62,1.0,1.0533619,1
7.1263127,5.678695,7.528215,0.60846186,1016546.75,1.0,1.2549208,1
6.263398,4.628687,6.1696243,0.47356114,856903.5,1.0,1.3531694,0
4.23776,3.5226884,3.8232853,0.6370123,304045.38,1.0,1.2029903,1
4.0267415,3.406545,4.17737,0.6186221,868021.75,1.0,1.1820604,1
4.332016,4.3267746,4.1956134,0.6361745,79905.66,0.0,1.0012115,1
4.3852305,3.264594,4.0798545,0.56046647,321712.3,1.0,1.3432697,1
3.589592,2.680484,3.343424,0.66511506,378215.75,1.0,1.339158,1
1.2276877,1.0917947,1.2937776,0.5577643,1072568.4,1.0,1.1244675,1
1.180178,0.9810168,1.1063908,0.24991095,1102695.6,1.0,1.2030151,0
7.6275477,5.4104548,7.6032896,0.3811894,361640.88,1.0,1.4097794,0
3.9598398,3.4765468,4.332373,0.46831143,595857.4,1.0,1.1390153,1
7.635003,6.4944844,8.030219,0.48691654,1178867.0,1.0,1.1756135,0
1.4758997,1.0323696,1.4898303,0.5536608,815874.2,1.0,1.4296232,0
4.524449,3.6139283,4.550035,0.3789572,130169.26,0.0,1.2519476,0
1.8201946,1.5133427,1.6990888,0.8013063,500146.8,0.0,1.2027643,1
2.17484,1.8432535,2.151536,0.48463124,534654.0,1.0,1.179892,1
0.4344257,0.33690906,0.40357277,0.49884683,402356.16,1.0,1.289445,0
1.1278359,0.89491063,1.0339056,0.39938763,647900.2,1.0,1.2602776,0
7.3514175,7.4368424,6.7767386,0.34949347,896423.8,0.0,0.9885133,1
2.7079573,2.1283653,2.765697,0.4810545,845225.75,1.0,1.272318,1
4.943408,3.187084,4.6404295,0.5041326,454280.4,0.0,1.5510755,0
3.8271103,3.6230018,3.5587115,0.48696437,897135.7,1.0,1.0563369,1
3.3235197,2.4595761,3.567553,0.7482734,664185.06,1.0,1.3512572,1
4.3487115,3.7537882,4.0199604,0.4810536,934940.2,1.0,1.1584861,1
1.6604638,1.545121,1.7287537,0.4871106,180972.36,1.0,1.0746497,1
7.9111104,7.3078904,7.7797866,0.6222943,515474.0,1.0,1.0825436,1
6.5828013,5.9397125,6.6869144,0.4743401,503847.2,0.0,1.1082693,1
5.9845943,4.740064,5.414089,0.58090085,454573.25,1.0,1.2625555,1
3.8563225,3.5546386,3.470705,0.3081433,852738.94,0.0,1.0848705,0
1.3924415,1.0618641,1.4807916,0.30932832,690697.8,0.0,1.311318,0
7.3811936,6.585748,7.3449388,0.51830876,493775.88,1.0,1.1207829,1
2.8628192,2.6097496,2.617365,0.46525738,666747.6,0.0,1.0969708,0
0.5908322,0.38309547,0.57233393,0.37864628,860051.9,1.0,1.5422584,0
2.8707488,2.0022087,2.874397,0.51827776,826396.56,1.0,1.4337909,0
6.3967648,4.2798896,5.9304323,0.53136504,924775.25,0.0,1.4946098,0
5.0571284,3.6262574,5.103996,0.39351547,1029196.4,0.0,1.3945861,0
6.056541,4.5363493,6.091367,0.42218062,900300.6,0.0,1.3351135,0
6.390356,5.954163,6.5217867,0.53249246,257160.0,0.0,1.0732585,1
1.853246,1.4723313,1.9682442,0.34683824,1023565.7,1.0,1.2587153,0
7.40551,7.0961237,7.276326,0.40939507,431826.72,1.0,1.0435994,1
3.616319,3.2926977,3.8973503,0.5800903,815871.9,1.0,1.0982845,1
5.1843066,4.929923,5.1580467,0.4964246,1189615.2,1.0,1.0515999,1
0.21800843,0.1698636,0.21614005,0.42841956,388838.38,1.0,1.2834324,0
7.948274,7.8215365,8.195761,0.3645396,360742.56,1.0,1.0162036,1
2.390992,2.1655293,2.4471903,0.3480183,259487.97,1.0,1.1041143,1
0.6840922,0.6047632,0.6172475,0.48023668,1181689.6,1.0,1.1311737,1
3.7744439,3.6835237,4.138625,0.80387187,540975.9,0.0,1.024683,1
1.2064345,1.0802779,1.3132507,0.584868,951445.25,0.0,1.1167816,1
1.3881483,1.1589357,1.3274268,0.30007038,106625.43,0.0,1.1977786,0
5.131806,4.7831216,5.1919336,0.60608244,257487.6,1.0,1.072899,1
3.2648337,2.6939523,3.4414515,0.38616702,122662.09,1.0,1.2119122,0
7.390449,6.8874316,8.011938,0.4992714,987980.3,1.0,1.0730342,1
2.6894207,1.8563586,2.7356284,0.41167092,172536.52,0.0,1.4487613,0
5.864205,4.163274,5.2999983,0.8034132,1111635.9,0.0,1.4085561,1
3.7965755,3.128805,3.933767,0.3298838,813321.06,0.0,1.2134267,0
5.34762,3.737669,4.9124074,0.54704183,1095968.6,1.0,1.4307368,0
4.8776236,4.7987304,5.044612,0.39720142,520187.44,1.0,1.0164405,1
3.887715,2.8588264,3.9556937,0.6108242,654506.5,1.0,1.3598989,0
7.6104765,6.5427036,7.8245893,0.5440181,81708.125,1.0,1.1632006,1
2.8731663,2.076177,2.6946034,0.6881829,585791.8,0.0,1.3838736,1
1.5824369,1.4519078,1.5804145,0.6077177,729324.5,1.0,1.0899018,1
5.489134,4.485968,5.61863,0.39596993,165678.6,1.0,1.2236229,0
6.798859,4.6577134,6.5273027,0.9374304,1178420.5,1.0,1.4596988,1
0.5139792,0.3487592,0.48125136,0.58331394,55049.668,0.0,1.4737365,0
3.707135,2.9876635,3.501523,0.41740072,357568.2,1.0,1.2408141,0
7.161404,7.3730245,7.6741843,0.53083104,757964.8,1.0,0.97129804,1
6.047025,5.8088417,6.004144,0.59462506,622284.06,1.0,1.0410036,1
7.9361,6.3020144,8.191759,0.58891916,325078.5,0.0,1.2592957,1
4.345028,3.3656147,4.3579664,0.57440424,1184766.8,1.0,1.2910057,0
5.3479667,3.5775127,5.705347,0.6449723,267209.0,1.0,1.494884,0
2.5593462,1.9953755,2.5636945,0.63022566,703604.7,0.0,1.2826389,1
7.590778,6.379321,6.9733825,0.37286508,183266.69,1.0,1.1899036,1
3.057417,2.3015692,2.8727396,0.8162081,114560.71,0.0,1.3284053,1
5.9603834,4.933341,5.3801584,0.79533315,611052.5,0.0,1.2081839,1
3.3444936,3.0896106,3.5662498,0.6201447,975405.06,1.0,1.0824968,1
4.5821877,2.8909733,4.731817,0.5058045,661012.3,0.0,1.5849983,0
5.814304,4.257776,6.1157193,0.50838286,387675.0,0.0,1.365573,0
4.1696863,2.9201024,4.349,0.45143533,69239.15,1.0,1.4279248,0
7.2752733,4.930055,7.747409,0.47084236,1131611.9,1.0,1.4756981,0
3.4705477,2.3438487,3.808558,0.17198233,293667.28,0.0,1.4807047,0
5.24716,4.6790533,5.408218,0.7295395,710757.6,0.0,1.1214149,1
2.870427,2.1809962,2.7282064,0.67661804,67855.195,0.0,1.3161081,0
3.383622,3.0971043,3.113873,0.24849698,161785.25,0.0,1.0925114,0
3.6323907,3.2089896,3.6975908,0.6334982,245694.94,1.0,1.1319423,1
1.1812948,1.2112485,1.2452636,0.4988428,179160.95,1.0,0.97527033,1
0.9154447,0.86021274,0.9267178,0.47014308,660366.75,1.0,1.0642073,1
5.406421,3.9824831,5.1940084,0.5739262,506611.44,1.0,1.3575504,1
5.3130383,3.5319505,5.5465302,0.23858193,971477.75,1.0,1.5042788,0
5.3706956,4.1668525,5.314811,0.49831262,183634.8,1.0,1.2889094,0
0.35417828,0.36561918,0.33906117,0.5119222,545728.2,1.0,0.9687081,1
2.7470653,2.761676,2.9344616,0.5120673,542488.56,1.0,0.9947095,1
1.7429168,1.4106945,1.76959,0.29487658,315433.56,1.0,1.2355027,0
6.2695813,4.9595914,5.998043,0.5670374,160355.7,1.0,1.2641326,1
6.912917,6.1720457,6.675948,0.65897226,62262.234,1.0,1.1200366,1
2.124107,1.5238196,2.1545517,0.5610997,71652.07,0.0,1.3939359,0
5.4092236,4.959205,5.3258386,0.4656218,508418.78,1.0,1.090744,1
1.2090299,0.94937336,1.1269413,0.9033561,112418.88,1.0,1.2735031,1
2.3461897,1.7533449,2.3980265,0.3613138,503741.2,1.0,1.3381221,0
1.2815051,1.0169796,1.3299742,0.6160177,553020.94,1.0,1.260109,1
2.411462,1.6757466,2.1703682,0.53649104,562193.9,0.0,1.4390374,0
5.462945,4.1688733,5.503228,0.8018469,270403.78,1.0,1.3104129,1
7.30055,6.315047,7.413214,0.5580125,623522.56,1.0,1.1560563,1
1.7796748,1.3008184,1.7199005,0.5901733,501164.88,0.0,1.3681192,0
4.4282165,3.7213006,4.28539,0.5758575,1187956.0,1.0,1.1899648,1
5.6708508,4.5809264,5.4640446,0.3412516,102174.37,1.0,1.2379266,0
7.6327953,5.421995,7.5493355,0.36966792,111960.28,0.0,1.4077466,0
4.958472,3.633106,5.267821,0.4586498,998209.4,0.0,1.3648025,0
2.189834,1.6931096,2.1762686,0.64360744,355921.84,1.0,1.29338,1
5.0787296,3.810545,5.580151,0.5349645,261354.45,1.0,1.3328092,0
2.699831,2.0907824,2.632961,0.46898976,1055658.0,0.0,1.2913017,0
7.8138013,6.6345468,8.1252,0.70583,662638.44,0.0,1.1777446,1
3.317474,3.090724,3.3499622,0.20263554,758158.1,1.0,1.0733646,0
5.546336,5.590382,5.8372846,0.305627,59154.785,0.0,0.99212116,0
0.38117513,0.28686708,0.41078213,0.12551004,349863.66,1.0,1.3287517,0
3.3204794,3.0106413,3.328238,0.6812466,348083.44,1.0,1.1029142,1
7.0258393,6.3151073,7.0180817,0.48549107,925026.0,1.0,1.1125448,1
4.959774,3.4982672,5.3989315,0.6449438,493385.1,0.0,1.4177802,0
3.6627545,2.8479035,3.9804323,0.48361126,714050.56,0.0,1.2861232,0
7.5003123,6.0331635,8.245839,0.65347755,1121689.1,1.0,1.2431808,1
6.8610783,5.8141785,6.389689,0.48098716,1182378.8,0.0,1.1800598,1
2.7132823,2.3435457,2.4438906,0.5614867,196428.75,0.0,1.157768,1
4.4474773,3.3274126,4.3917155,0.539527,689247.2,1.0,1.3366174,0
4.0206294,4.081987,4.208264,0.5506561,854013.25,1.0,0.98496866,1
5.1311793,3.801536,4.692829,0.7527106,949360.7,0.0,1.3497647,1
2.806068,2.9047666,2.7351315,0.25633633,1108124.4,0.0,0.96602184,0
2.104799,1.9161506,2.13909,0.4897425,887587.8,0.0,1.0984519,1
7.3188405,6.7152863,6.8980765,0.5296981,843425.5,1.0,1.0898776,1
7.406221,6.5492535,7.748599,0.50724304,112212.32,0.0,1.1308497,1
6.7779183,5.135648,6.411284,0.4403172,676542.06,1.0,1.3197787,0
7.8299947,6.778245,8.363486,0.41979256,738580.25,1.0,1.1551654,1
6.010934,5.624187,5.8285303,0.7295022,850972.25,1.0,1.0687649,1
6.1644044,5.429188,6.286026,0.48939183,720867.8,1.0,1.1354192,1
6.148203,4.4184694,6.202496,0.86569196,520867.62,1.0,1.391478,1
3.9487395,3.0661454,3.7879837,0.5792413,610576.06,0.0,1.2878513,0
3.760327,3.0750628,3.714505,0.45655167,1162417.5,0.0,1.2228457,0
2.073765,1.6672908,2.2172582,0.58290184,428469.4,1.0,1.2437932,1
5.22959,4.577108,5.2801538,0.51633996,952125.5,1.0,1.1425533,1
2.456697,2.2754521,2.2383394,0.7012999,748556.1,0.0,1.0796523,1
2.2109056,2.0868206,2.3051045,0.32484165,560405.56,1.0,1.0594612,0
4.7704988,4.128366,4.467527,0.2298221,526466.3,1.0,1.1555417,0
3.3978627,2.5950677,3.3883913,0.5541471,667810.6,1.0,1.3093542,0
1.9070816,1.4619961,1.8950818,0.6253544,969761.4,0.0,1.3044368,0
6.565237,4.868605,6.5474935,0.54288584,190472.67,1.0,1.3484842,1
6.9124455,5.417841,6.264077,0.60087126,1097256.0,1.0,1.2758672,1
1.5080563,1.0149317,1.439406,0.5788155,940268.9,0.0,1.4858696,0
0.25855485,0.18767904,0.23532295,0.27793998,451382.5,0.0,1.3776437,0
2.8218138,2.0279958,2.7738185,0.54218596,61708.816,0.0,1.3914297,0
6.4205847,5.381889,6.576395,0.6975171,171009.58,1.0,1.1929983,1
6.7455564,4.8852334,6.953419,0.52576506,216054.64,1.0,1.3808053,0
1.2789668,0.95363736,1.1675811,0.30350628,169117.03,1.0,1.3411459,0
6.23982,4.5041113,5.7642074,0.44992143,168195.83,0.0,1.385361,0
1.1024925,1.012139,1.1381046,0.5835135,1154167.0,1.0,1.0892699,1
3.2424881,2.6846275,3.2627134,0.76934457,807229.0,1.0,1.2077982,1
7.9891543,6.529648,8.521891,0.2065481,993734.56,1.0,1.2235199,0
1.7022084,1.1642153,1.6018265,0.5541848,697235.8,0.0,1.4621079,0
1.400916,1.3310726,1.2945422,0.36016887,762407.4,0.0,1.0524715,0
3.4978426,2.8003576,3.401319,0.57615906,1063148.1,1.0,1.2490699,1
5.0334144,4.1298227,5.1713977,0.5881747,351264.56,1.0,1.2187968,1
7.476626,5.845095,7.4556427,0.46502793,848703.3,1.0,1.2791283,0
7.8504047,6.771483,7.220164,0.59473985,1084205.4,0.0,1.1593332,1
0.74319696,0.73835474,0.67947406,0.6709843,1126736.1,0.0,1.0065582,1
1.2763807,1.0208251,1.3217416,0.47531423,560655.5,0.0,1.250342,0
6.3677564,6.0188036,6.1091847,0.29942596,1035219.06,0.0,1.0579771,0
2.3109307,1.7427312,2.3892632,0.7138359,629438.5,1.0,1.3260397,1
7.101823,6.3238735,6.810527,0.62430423,346568.88,1.0,1.1230178,1
5.3749356,4.0874047,5.175842,0.5845635,338602.94,1.0,1.3149996,1
1.0723895,0.73861575,1.0101511,0.396355,569531.5,0.0,1.4518908,0
6.6937284,6.325686,7.3413024,0.6478154,346571.8,0.0,1.0581822,1
1.5755798,1.5735005,1.4230858,0.8063638,84475.44,1.0,1.0013214,1
3.5032642,2.868509,3.2420974,0.48180345,171379.05,1.0,1.2212839,0
4.5070424,4.187715,4.8101773,0.5141739,1026603.1,1.0,1.0762534,1
4.105976,3.2420292,3.8088362,0.3402214,1064885.1,1.0,1.2664834,0
5.5520706,4.6308346,5.3085537,0.3920687,1054000.4,1.0,1.1989352,0
5.2909565,4.9759064,5.0399375,0.3388146,686769.2,0.0,1.0633152,1
7.9379277,5.7708716,8.250659,0.5196234,1125500.0,1.0,1.3755162,0
7.995491,6.664859,7.8534927,0.44888315,623956.5,1.0,1.199649,0
4.2283835,3.8797371,4.5164104,0.55592006,581926.44,0.0,1.0898633,1
0.94255286,0.66308767,0.9891955,0.36621487,595539.5,0.0,1.4214605,0
5.8771777,4.747831,5.9137354,0.4748665,342228.72,0.0,1.2378658,0
7.81798,5.6866016,7.425614,0.35696957,755528.9,1.0,1.374807,0
2.6829457,2.518737,2.8398545,0.5281357,566293.8,1.0,1.0651948,1
3.7974293,2.5780118,4.075394,0.25515136,1170856.4,0.0,1.473007,0
3.5132601,2.518654,3.7495496,0.5227367,247778.61,0.0,1.3948958,0
0.6010694,0.51870286,0.54717916,0.45819047,138209.89,1.0,1.1587933,0
5.4436626,4.162736,5.659187,0.5271446,453810.78,1.0,1.3077127,0
2.956034,2.4559326,3.076604,0.25216,297882.4,0.0,1.20363,0
6.3422184,5.222432,6.9042344,0.59820735,1190690.2,1.0,1.2144185,1
6.6905365,5.7690716,6.3740454,0.45518857,692365.0,0.0,1.159725,1
6.6056004,4.872203,6.9838986,0.5325669,463675.28,0.0,1.3557729,0
3.4499948,3.1668344,3.5804713,0.21948886,789152.3,0.0,1.0894144,0
2.7080562,2.2451925,2.9131792,0.31359002,571078.25,0.0,1.2061578,0
6.040802,5.059402,6.274349,0.44147688,290148.9,0.0,1.1939754,0
6.4508376,5.5303307,6.905563,0.706325,503697.22,0.0,1.166447,1
4.031808,3.6164086,3.918575,0.5790907,379307.5,0.0,1.1148652,1
7.165642,5.9118576,6.674974,0.51948124,783231.44,1.0,1.2120796,1
1.3224878,1.1595018,1.2863448,0.36135378,989053.9,1.0,1.1405655,0
7.0567365,6.6023254,7.501384,0.33406025,351963.66,0.0,1.068826,0
0.9495428,0.9109629,0.87959,0.5414983,764525.7,1.0,1.0423506,1
1.3974991,1.2193025,1.4360547,0.6051034,864751.8,0.0,1.1461463,1
4.363952,4.2631006,4.7894864,0.53134614,475512.44,1.0,1.0236568,1
0.72664416,0.6858058,0.7840512,0.7564336,610666.0,0.0,1.059548,1
0.6118954,0.56331754,0.6328446,0.39763075,462639.2,0.0,1.0862353,0
0.2040462,0.19446413,0.21598822,0.5269055,478840.72,1.0,1.0492742,1
3.60327,2.8212183,3.3268821,0.24602379,563149.0,0.0,1.2772036,0
6.2420664,4.2354865,6.24061,0.5316568,389736.38,0.0,1.4737543,0
0.47173914,0.3732929,0.47475,0.720406,611579.44,0.0,1.2637239,1
5.287609,4.10889,5.5865664,0.34377366,915082.0,1.0,1.2868705,0
6.6203933,5.907051,6.3325295,0.6263197,503442.38,0.0,1.1207612,1
1.5104066,1.3096148,1.3915331,0.71615595,1137253.5,0.0,1.1533213,1
1.3455372,1.2425742,1.398851,0.3965431,300694.84,1.0,1.0828626,1
6.9142475,5.6736293,6.9040065,0.57004094,566930.44,0.0,1.2186639,0
6.620372,5.62162,7.0735946,0.73694474,741937.75,0.0,1.1776626,1
4.4037457,3.1603367,4.387443,0.5345713,674754.06,1.0,1.393442,0
6.589759,5.499723,7.0461273,0.61800724,1138981.8,0.0,1.1981983,1
0.9234974,0.6095661,0.9249445,0.2339076,422977.25,1.0,1.5150079,0
3.2769558,2.9253807,3.462234,0.58957046,484277.06,0.0,1.120181,1
5.954821,4.7544103,6.2177205,0.57758564,735033.8,0.0,1.2524836,1
2.2081254,2.0887592,2.1048214,0.3010682,735821.94,1.0,1.0571469,1
6.0681653,5.2699647,5.836845,0.3553507,955557.1,1.0,1.1514623,0
4.132593,3.0680685,4.462536,0.59060025,963693.1,1.0,1.346969,0
6.052075,3.8976507,5.726482,0.4545932,62501.6,0.0,1.5527494,0
3.8245013,2.739537,3.9755695,0.6667908,928829.3,1.0,1.3960392,0
3.0696537,2.901823,2.851782,0.54660904,875549.0,1.0,1.0578363,1
1.9096758,1.7442987,2.00713,0.50846833,723635.7,1.0,1.0948101,1
1.8253589,1.5195972,1.7243398,0.47443265,414534.75,1.0,1.2012124,0
6.0616283,4.570121,6.1756663,0.54390234,1093114.5,1.0,1.3263606,0
1.1275008,0.9737076,1.1419877,0.6204398,898952.56,1.0,1.1579459,1
0.87066233,0.73013353,0.8190345,0.5800776,345880.5,0.0,1.19247,1
1.5750726,1.1790259,1.5723646,0.4365487,401003.22,1.0,1.3359101,0
1.5677028,1.1170778,1.6866124,0.6859155,867024.06,1.0,1.4033962,0
6.6202393,5.1107144,6.859269,0.59865415,1105302.5,1.0,1.2953647,1
3.3083518,2.3884518,3.6343265,0.5577851,614122.4,1.0,1.3851448,0
7.9250298,5.777803,8.37605,0.5137546,1061079.6,1.0,1.3716339,0
1.2702478,0.8670282,1.3066926,0.57500744,489431.66,1.0,1.4650594,0
5.2976108,4.8171134,5.3645744,0.22524816,504438.3,1.0,1.0997479,0
3.7000902,2.9915388,4.023795,0.5361964,838832.4,1.0,1.2368518,1
3.2647617,2.6698987,3.2824004,0.7460274,108118.336,1.0,1.2228036,1
7.0256567,5.643954,6.8888993,0.532998,209760.11,1.0,1.2448112,1
7.809646,6.3110275,8.332101,0.5125216,887688.75,1.0,1.2374603,0
7.0083,6.291403,7.625373,0.41061735,328398.3,1.0,1.1139487,1
1.6999453,1.635599,1.6927773,0.5739091,251340.92,0.0,1.0393411,1
1.9222238,1.4643834,1.782762,0.47073883,152410.64,1.0,1.3126507,0
5.317376,5.2616043,5.432628,0.696395,308582.66,1.0,1.0105997,1
2.4548519,2.0170448,2.573118,0.37045705,338041.53,1.0,1.2170538,0
5.930856,5.175951,5.7809668,0.43215427,442335.5,0.0,1.1458486,1
4.618081,3.8419664,4.847026,0.4098683,1129079.0,1.0,1.2020098,0
4.4970884,3.250851,4.5250163,0.77518684,791311.3,0.0,1.3833573,1
6.662666,4.5818505,6.3979664,0.47153515,847310.6,1.0,1.454143,0
5.7421556,5.36265,5.890902,0.4177884,202660.64,1.0,1.0707682,1
0.40730658,0.34554377,0.3982601,0.18641081,271566.7,1.0,1.1787409,0
0.5857813,0.46298409,0.61938465,0.3632942,1083471.8,1.0,1.2652298,0
4.892156,4.0484443,4.405954,0.57918274,779455.5,0.0,1.208404,1
3.9922981,2.9392247,4.246351,0.57858133,981098.6,1.0,1.3582828,0
2.2294402,1.6440039,2.1431944,0.40231952,461082.03,1.0,1.3561041,0
3.4655175,3.183257,3.7840862,0.41065162,713787.9,1.0,1.0886703,0
6.1117005,5.2681437,6.4284883,0.7789807,627538.75,0.0,1.1601242,1
6.6475697,5.928395,6.303279,0.904457,286223.8,1.0,1.1213101,1
4.57754,4.002215,5.0158844,0.67246586,998484.94,1.0,1.1437517,1
3.2058818,2.705361,3.2056131,0.73389196,433819.7,1.0,1.1850108,1
2.3114347,2.2363591,2.3220322,0.7657138,586920.56,1.0,1.0335704,1
4.270964,2.8560154,4.6207714,0.83218575,202942.06,1.0,1.4954276,1
2.655047,2.5063,2.877223,0.4547108,784110.2,1.0,1.0593493,1
4.599942,4.1530333,4.7810717,0.36825982,959805.75,0.0,1.1076102,0
5.4778886,4.25141,6.0020676,0.77502346,521946.56,1.0,1.2884876,1
0.71541786,0.5305822,0.690932,0.3553559,1174851.8,1.0,1.3483639,0
0.20832622,0.15651517,0.19717397,0.34571058,346221.56,1.0,1.331029,0
1.8557616,1.4095571,1.6810442,0.3491548,1054042.6,0.0,1.3165566,0
7.17719,6.1410847,6.9566274,0.48029056,879397.8,0.0,1.1687169,1
5.241068,3.6184938,5.3486495,0.20234361,1116350.9,1.0,1.4484115,0
1.5412908,1.3662666,1.4812973,0.28503358,901745.44,1.0,1.128104,0
7.1440587,4.9814363,7.257821,0.40664917,619080.1,0.0,1.4341364,0
3.8656564,2.7249753,3.5164993,0.3206112,525491.06,1.0,1.4186022,0
3.9135158,3.0588129,3.7993124,0.6593618,1003809.44,0.0,1.279423,0
7.497227,5.2647014,7.8690968,0.50099725,1016418.0,0.0,1.4240555,0
0.6639962,0.6684941,0.6114511,0.5865533,727239.5,0.0,0.9932716,1
1.8783906,1.4388974,1.9591002,0.5701295,857443.0,0.0,1.3054374,0
4.7690163,3.5928297,5.0201635,0.46898404,582286.2,0.0,1.3273705,0
1.7247947,1.3103462,1.7485147,0.6482197,301127.0,0.0,1.3162894,0
5.500311,4.457866,5.925031,0.56782216,107477.55,0.0,1.2338438,1
1.8699199,1.6691557,2.0399194,0.45223996,801761.2,1.0,1.1202788,1
0.9734244,0.8469855,0.8828331,0.24741352,819595.0,1.0,1.149281,0
1.8144842,1.3460529,1.8794729,0.5780988,815053.1,1.0,1.3480036,1
3.4973254,3.1060655,3.3134882,0.3108045,696768.56,1.0,1.1259664,0
1.5738788,1.2434487,1.5449771,0.5570425,443761.0,1.0,1.2657367,1
1.2505978,1.0942141,1.281401,0.5118333,328342.12,1.0,1.1429188,1
6.9101987,5.533561,7.2035675,0.29594463,125560.55,0.0,1.2487797,0
2.699098,2.0113552,2.88274,0.5387595,220210.05,1.0,1.3419302,0
3.0139177,2.8798213,3.1377215,0.5286979,772542.94,0.0,1.0465641,1
0.6311092,0.551421,0.66612303,0.5292421,933282.06,1.0,1.1445142,1
2.987483,2.369875,3.0466778,0.52204955,1093766.2,1.0,1.2606078,0
2.265496,2.3428013,2.0919857,0.40214178,146504.28,0.0,0.96700305,1
4.9617834,4.9945874,4.4868717,0.58874136,986130.2,1.0,0.99343204,1
1.8020443,1.2780721,1.8127784,0.39685163,737032.75,1.0,1.4099708,0
7.1292505,6.8871636,7.4365797,0.33881137,396513.84,1.0,1.0351504,0
7.4514,6.0401044,6.8684998,0.60119504,884661.7,1.0,1.2336541,1
0.9786822,0.85408413,0.9648429,0.6404646,1187757.1,1.0,1.145885,1
1.0377431,0.7995085,0.98713803,0.5909297,486330.28,1.0,1.2979763,1
1.0995462,1.010188,1.1143006,0.46892077,771553.6,0.0,1.0884571,1
5.03264,4.165541,4.922428,0.20908014,349957.5,1.0,1.20816,0
1.1513579,0.99723274,1.0826144,0.7222535,285782.28,0.0,1.1545528,1
6.8485823,4.4167423,6.1697407,0.20673539,221500.97,1.0,1.5505959,0
6.0833178,4.922835,5.8661737,0.5879092,86976.65,0.0,1.2357347,1
6.594509,6.4414997,6.615825,0.81653553,882382.0,1.0,1.0237538,1
4.3032722,3.565557,4.6726727,0.52242,217852.81,1.0,1.2069004,1
7.9740825,5.901158,7.5394564,0.54368496,827713.9,0.0,1.3512741,0
0.5445658,0.5015298,0.5459005,0.5568981,1050050.2,1.0,1.0858094,1
3.3298666,2.9192972,3.3741517,0.5297251,1023589.56,1.0,1.1406398,1
2.726706,2.1999748,2.808086,0.85259205,393809.78,1.0,1.239426,1
7.599435,5.1066403,7.3388753,0.37352526,193067.12,0.0,1.4881477,0
4.6995153,3.7958274,4.323067,0.354691,559524.1,1.0,1.2380741,0
6.4882894,4.5392337,7.0350657,0.45087484,258482.6,1.0,1.4293799,0
1.5286613,1.21083,1.6670833,0.76112473,479534.1,0.0,1.2624905,1
7.8333464,6.7177386,7.736575,0.4134685,704144.56,1.0,1.1660689,0
4.0893884,3.8393953,4.1552887,0.56454474,790999.0,0.0,1.0651126,1
4.050642,3.326668,3.6690931,0.66065127,301072.3,1.0,1.2176274,1
7.772901,7.038073,7.069011,0.6168475,311390.53,1.0,1.1044075,1
3.1697123,3.0717204,2.9013438,0.6527111,1045862.56,0.0,1.0319014,1
3.3006952,2.4104455,3.458301,0.712698,1136620.9,0.0,1.3693299,0
4.761071,3.4293575,4.50134,0.5462347,788813.0,0.0,1.3883275,0
1.1988103,1.0867867,1.1231527,0.43144268,690346.7,1.0,1.1030778,0
2.7044678,2.6129775,2.4385297,0.5220828,806784.25,0.0,1.0350139,1
1.7070249,1.3672187,1.5441397,0.44914198,197913.55,1.0,1.2485383,0
1.0056112,0.9440368,0.9865817,0.8782328,1081594.9,1.0,1.0652245,1
6.955928,5.817789,7.01391,0.4201015,289885.03,0.0,1.1956309,0
4.796783,4.3544016,4.872629,0.57247114,820132.7,1.0,1.1015941,1
2.9976478,2.598227,2.9724143,0.27487016,305266.28,1.0,1.1537281,0
3.3876212,2.2141154,3.3602228,0.51992273,861660.25,0.0,1.530011,0
3.565848,2.7975755,3.7463815,0.45693442,916448.9,1.0,1.2746209,0
5.1385636,3.5583344,4.9223022,0.6013528,902202.9,1.0,1.4440924,0
7.428801,7.612874,7.039113,0.60526294,543003.3,0.0,0.9758209,1
7.475681,7.266891,8.005444,0.71254975,748087.4,1.0,1.0287317,1
3.2536376,3.1646526,3.3767965,0.7006354,737686.94,1.0,1.0281184,1
2.7682471,2.12643,2.7554393,0.49005425,878359.8,1.0,1.3018284,0
3.7181628,3.1952007,3.5511465,0.35834208,623851.0,0.0,1.1636711,0
4.629887,3.6758647,4.29337,0.37593403,633387.75,1.0,1.2595369,0
3.8021798,3.1282568,3.4504182,0.5454107,837069.75,0.0,1.2154309,0
5.3382764,4.075299,5.7144814,0.52366793,245673.55,1.0,1.3099104,0
4.5243125,4.2845736,4.6088133,0.538689,800351.8,0.0,1.0559539,1
2.7015812,1.8658828,2.4561856,0.41973346,220465.61,1.0,1.4478837,0
2.8967004,2.3345888,2.6989062,0.7155856,883560.25,1.0,1.2407755,1
3.1530237,2.9448733,3.014016,0.27909744,497250.1,0.0,1.0706823,0
0.9381902,0.82056445,0.8937334,0.4114302,1015520.1,0.0,1.1433473,0
1.4952885,1.0110419,1.5097603,0.33843392,151673.66,1.0,1.4789581,0
5.8402877,5.548817,5.722832,0.468654,579602.0,0.0,1.0525284,1
3.2349544,2.8847888,3.482245,0.68698496,242300.06,0.0,1.1213834,1
1.873404,1.5652822,1.955613,0.4568369,1049192.6,1.0,1.1968474,0
4.588845,4.260718,4.965802,0.5152216,194035.22,1.0,1.0770121,1
6.0932083,6.1360445,6.535354,0.59963644,607974.56,0.0,0.9930189,1
2.2078943,1.9241164,2.3939621,0.44970256,171038.9,1.0,1.1474849,1
6.648961,5.674245,7.2872767,0.55739415,967369.3,0.0,1.171779,1
7.434538,5.783739,7.1545477,0.5376134,374345.5,1.0,1.2854207,1
4.8596773,3.653233,4.5775056,0.3303786,733168.06,1.0,1.3302401,0
5.417792,4.697564,5.054965,0.4303527,245665.25,0.0,1.1533194,1
0.6100927,0.41540754,0.6257219,0.55318785,454346.75,1.0,1.4686607,0
7.575055,5.8745866,7.8492217,0.6923288,180751.75,1.0,1.2894619,1
3.261381,2.624288,2.992537,0.69218904,683455.7,1.0,1.2427678,1
7.406423,5.8196225,7.8820214,0.81432307,53971.074,1.0,1.2726638,1
4.716025,3.4913363,4.9830146,0.5728186,1192032.2,0.0,1.3507793,0
0.23602663,0.21246926,0.24209128,0.43800282,528720.7,1.0,1.1108742,0
0.5006276,0.36791325,0.49418077,0.49040714,773864.25,1.0,1.3607218,0
5.5072665,3.9102185,5.1257863,0.48293528,379798.16,1.0,1.4084294,0
4.5888104,4.1810894,4.593943,0.43881798,341235.38,1.0,1.0975155,1
0.406953,0.3831688,0.3792126,0.5574433,1023055.2,1.0,1.0620724,1
5.9989877,5.0952244,6.124941,0.56442326,921910.3,0.0,1.1773746,1
6.8467336,4.951537,6.586509,0.32393637,789785.8,1.0,1.3827491,0
4.0720563,2.703334,3.8662598,0.66322553,915150.6,0.0,1.5063089,0
3.8329082,2.4619935,3.787719,0.22447947,251610.12,0.0,1.5568311,0
0.24269025,0.20181142,0.24660788,0.46662772,1124206.1,0.0,1.2025595,0
6.335868,6.498292,6.1679215,0.6723973,572957.3,1.0,0.9750051,1
2.7795854,2.5523012,3.0373104,0.59110874,1049018.4,1.0,1.0890507,1
7.054356,5.6120415,6.3572416,0.44645393,896465.44,1.0,1.2570037,0
3.1098726,3.1915898,3.3666615,0.79532355,378809.44,1.0,0.97439605,1
4.607608,3.5822027,4.147477,0.433989,704714.44,0.0,1.2862499,0
2.308666,1.6450177,2.1778624,0.19970736,1161642.6,0.0,1.4034292,0
1.4525888,1.1743402,1.5967877,0.56791097,92651.36,0.0,1.2369403,1
6.244282,4.476723,6.52914,0.23322296,540454.0,1.0,1.3948331,0
4.0734057,3.8064482,4.191126,0.37528273,763620.56,1.0,1.070133,1
4.384606,3.4324641,4.5828714,0.5934125,440880.47,0.0,1.277393,1
7.7302446,6.575107,7.5884657,0.43087134,415603.5,0.0,1.1756834,0
7.7159233,6.1312346,8.154511,0.58709145,910995.4,0.0,1.2584616,1
6.8740087,6.3846426,6.3995204,0.3262851,1103775.9,0.0,1.0766474,0
1.6633525,1.3615909,1.7611219,0.628772,668272.56,1.0,1.2216244,1
4.835327,4.215812,5.260378,0.24635802,1140441.2,1.0,1.1469504,0
7.04955,5.2412167,7.5538564,0.69779474,166470.5,0.0,1.3450217,1
3.1208186,2.7448583,3.2704065,0.42869657,311590.94,0.0,1.136969,1
0.9886281,0.78363335,1.0185592,0.7296738,150868.73,1.0,1.2615952,1
6.525511,4.6875114,6.553038,0.37392315,550864.44,1.0,1.3921056,0
3.9577558,3.466846,3.8748195,0.78871477,770721.94,1.0,1.1416012,1
4.602263,2.9962783,4.93883,0.35635084,280542.72,1.0,1.5359932,0
7.8607254,5.7659845,8.092552,0.2309077,565819.5,1.0,1.3632928,0
4.9362493,4.365876,4.8719797,0.5064655,837053.8,1.0,1.1306434,1
3.5148392,2.8870165,3.7150385,0.68509835,785410.4,0.0,1.2174642,0
3.0858781,2.6469104,2.8106818,0.61861825,773674.25,1.0,1.1658416,1
3.4574306,2.673358,3.673948,0.6744457,746937.1,1.0,1.2932912,1
1.1235129,0.83738154,1.1933284,0.62157804,1184601.9,1.0,1.3416977,0
6.3990545,4.599102,6.0516233,0.37695983,871009.75,1.0,1.3913704,0
6.7341914,5.200488,6.11151,0.6149625,1093824.0,1.0,1.2949153,1
2.4182978,2.4076483,2.5216596,0.5139251,1144489.8,1.0,1.0044231,1
2.5696137,2.265773,2.415371,0.3935403,1038630.6,0.0,1.1341002,0
7.0198073,6.0660973,7.7162027,0.5269031,159443.31,1.0,1.1572198,1
0.38696876,0.31027412,0.34898257,0.49155113,658631.2,0.0,1.2471836,0
4.259568,3.6224754,4.029374,0.7123989,488739.34,1.0,1.1758722,1
3.8166707,2.586002,3.467111,0.42276838,161628.72,0.0,1.4758962,0
5.5829887,4.2082424,5.8986015,0.41575736,698840.3,1.0,1.3266793,0
1.4744552,1.2082081,1.4976618,0.39520422,294748.22,1.0,1.2203654,0
5.4129796,4.2263145,5.7901936,0.78452724,718997.8,0.0,1.2807801,1
3.1385252,2.640298,3.42891,0.40359703,989997.25,0.0,1.1887012,0
5.025975,4.6030927,5.136662,0.6945257,502913.78,1.0,1.0918692,1
0.5127411,0.5076652,0.4852329,0.34529188,1142302.9,1.0,1.0099984,0
3.8014722,2.7471907,3.4917657,0.5759936,931438.8,0.0,1.3837671,0
4.273557,2.9102163,4.5866046,0.53937644,974924.4,0.0,1.4684671,0
1.871746,1.3498796,1.7763293,0.68500525,179135.1,0.0,1.3866022,1
1.2890645,1.1392993,1.3905185,0.6632568,1133154.0,0.0,1.1314538,1
1.6700996,1.628686,1.7964551,0.5122835,89708.54,1.0,1.0254277,1
2.8843005,2.8061726,2.9580286,0.4194386,1020479.5,0.0,1.0278414,1
0.9551192,0.6817222,0.9749848,0.74374425,84098.266,1.0,1.4010386,1
7.5890946,7.0572276,8.273367,0.4044579,236826.05,0.0,1.0753648,1
3.3589537,2.6181636,3.5309422,0.15984143,412646.84,1.0,1.2829427,0
6.509963,6.173767,6.7485943,0.22121519,898424.6,1.0,1.0544555,0
7.8004537,7.015812,7.7002034,0.2577408,1084333.5,1.0,1.111839,0
0.82973516,0.6394232,0.8270798,0.58935434,816473.56,1.0,1.2976308,0
5.283022,3.5592902,5.1656556,0.8321701,886933.8,0.0,1.4842908,1
6.9969907,6.9859095,7.6215715,0.1940059,383238.75,0.0,1.0015863,0
5.1470284,4.341182,5.2892094,0.38261676,1171683.0,1.0,1.1856283,0
3.5464036,2.9400864,3.7452602,0.5133539,518894.34,1.0,1.2062243,0
3.5623956,2.6989493,3.23266,0.73182607,1099850.9,0.0,1.3199195,1
0.4800113,0.37793097,0.513845,0.38180938,946142.44,1.0,1.2701032,0
4.369886,4.0107975,4.2979035,0.58861995,472356.53,1.0,1.0895305,1
7.9496355,5.1636963,8.326703,0.46248662,444605.56,1.0,1.5395242,0
7.677919,5.6423006,6.971589,0.89107424,831403.1,1.0,1.3607781,1
0.515114,0.46558133,0.5556919,0.5216811,1131542.0,1.0,1.1063888,1
5.7052164,4.624233,5.8876076,0.5533533,823196.1,1.0,1.233765,1
2.553766,1.9371607,2.5320594,0.51263857,1036041.06,1.0,1.3183036,0
7.243315,5.013239,6.9587374,0.437797,1161225.2,0.0,1.4448375,0
0.551895,0.44428596,0.5310361,0.64248055,429503.03,1.0,1.2422068,1
7.499818,5.947601,7.204922,0.32614586,669265.25,0.0,1.260982,0
6.732311,4.885373,6.2355013,0.19970565,750474.4,1.0,1.3780546,0
1.1165342,0.8676188,1.1084526,0.47747082,299753.16,0.0,1.2868948,0
0.66662985,0.56262726,0.66042835,0.62233454,967181.06,0.0,1.1848516,1
6.7107196,5.8403287,6.592526,0.41288346,351021.8,0.0,1.1490312,1
1.4149098,1.4228263,1.4723818,0.5279736,862905.8,1.0,0.99443614,1
4.3722057,3.288827,4.3020883,0.31689554,652397.8,0.0,1.3294119,0
7.3428097,5.6021514,6.7392364,0.6593995,1012171.7,1.0,1.3107126,1
4.6260953,4.58652,4.9518275,0.5977864,638288.3,0.0,1.0086286,1
3.2984197,2.8607433,3.24901,0.50295925,724667.4,1.0,1.1529939,1
3.6711252,2.9522734,3.7851398,0.52530944,258233.19,1.0,1.2434909,1
0.6923139,0.521374,0.75183856,0.2909637,979414.75,1.0,1.3278644,0
7.756268,5.893713,8.171097,0.297666,512443.03,0.0,1.3160241,0
2.6231027,2.24506,2.6434574,0.48170128,716706.1,0.0,1.1683887,1
1.6770352,1.3182784,1.692136,0.5770602,1022967.56,0.0,1.2721404,1
2.431169,1.6661135,2.6011229,0.5846568,601297.5,1.0,1.4591857,0
7.7221107,7.06464,8.221936,0.44556007,365634.34,1.0,1.093065,1
0.93543124,0.808994,0.87531155,0.61180675,355218.53,0.0,1.1562895,1
6.964964,5.6023116,7.1411786,0.71311873,701274.94,1.0,1.2432303,1
5.7211823,4.0604906,6.1396475,0.48669988,384884.66,0.0,1.408988,0
6.6741495,6.3312874,7.0790133,0.5464496,439332.4,1.0,1.0541537,1
7.8120008,6.730477,7.225657,0.46882188,320025.94,1.0,1.1606905,1
6.7688065,4.983471,6.68175,0.48105407,563229.9,1.0,1.3582515,0
7.5583825,6.247995,7.585945,0.5254347,585994.5,1.0,1.2097292,1
1.190095,0.9989079,1.132449,0.75548965,654808.56,1.0,1.1913961,1
6.4071507,5.7553067,6.6371665,0.63729143,731782.8,0.0,1.1132597,1
4.45627,3.5040205,4.435082,0.6237777,726090.75,0.0,1.2717593,1
4.4392657,4.103432,4.2594833,0.43193856,472339.7,1.0,1.0818422,1
7.2115884,5.662949,6.976295,0.3652737,1085780.9,0.0,1.2734687,0
7.78007,5.560723,8.335051,0.5584303,638405.0,1.0,1.3991113,0
5.697739,3.9932206,6.1150413,0.6865618,1006933.56,0.0,1.4268531,0
3.9669194,3.0680616,4.214753,0.75851065,690985.5,0.0,1.2929726,1
3.7599502,3.0942197,4.071175,0.13210443,476205.2,1.0,1.2151529,0
3.2134633,2.6706536,3.5041575,0.86695826,899445.25,0.0,1.2032498,1
3.0204725,2.702772,3.0155358,0.56254804,253504.1,1.0,1.1175462,1
3.2537534,2.3404806,2.991308,0.63633955,1165132.4,1.0,1.3902074,0
0.90007526,0.93940395,0.9540925,0.23900838,708147.94,0.0,0.95813435,0
0.80400145,0.5852073,0.82545733,0.46446413,169790.52,0.0,1.3738747,0
6.2829847,5.1226597,6.132843,0.6234272,534562.0,0.0,1.2265083,1
3.6793685,3.7643511,4.0293007,0.32378784,869419.0,1.0,0.9774244,1
7.459339,7.39718,7.2186785,0.0667533,128326.17,1.0,1.0084031,0
4.9753237,4.295619,5.380946,0.5503258,350587.53,1.0,1.1582321,1
0.47437266,0.41315642,0.48315656,0.4925326,1113030.2,0.0,1.1481673,0
1.4286821,1.0597832,1.2962838,0.7162006,459633.44,0.0,1.348089,0
1.8053944,1.2998956,1.9355038,0.47601223,233037.02,0.0,1.3888763,0
7.810741,6.321277,8.220355,0.48699218,163140.1,0.0,1.235627,0
1.905893,1.3155199,1.9602062,0.60465163,761922.06,1.0,1.4487754,0
4.222894,3.2224555,4.319672,0.65502805,691853.1,1.0,1.3104585,1
7.50218,5.4615254,7.080311,0.39368773,794902.9,0.0,1.373642,0
7.8221035,6.9982343,7.3754396,0.6416748,1151742.2,1.0,1.1177253,1
2.0436113,2.0031593,1.8511736,0.42173994,119136.0,1.0,1.0201942,1
0.5831176,0.5049818,0.5427819,0.50247824,277321.66,1.0,1.15473,1
1.3980943,1.2266667,1.3523713,0.60061544,318897.97,1.0,1.1397507,1
0.69396216,0.5309208,0.69961447,0.62677044,541152.2,1.0,1.3070916,0
1.7219691,1.1819077,1.5948218,0.54774725,189180.3,1.0,1.4569404,0
4.634844,3.92188,4.6882114,0.3379167,521350.4,0.0,1.1817913,0
7.3171005,6.8077016,6.9707384,0.2194618,988623.8,0.0,1.0748268,0
4.3903074,3.271373,4.17427,0.47180662,238206.5,0.0,1.3420382,0
5.0827184,4.4186954,5.5380735,0.6456927,1104067.5,1.0,1.1502758,1
1.7745645,1.3663346,1.949304,0.56745464,1097941.4,1.0,1.2987775,0
6.4445524,4.7861495,6.8459687,0.53630495,639935.3,1.0,1.3465004,0
5.0187535,3.96525,4.571474,0.498946,1039181.2,1.0,1.265684,0
6.940267,5.4743867,7.2576203,0.54636526,868225.94,0.0,1.2677708,0
7.6009765,6.5634646,7.1121206,0.35088632,460249.22,1.0,1.1580738,0
2.913626,2.6754832,2.953963,0.61703026,696014.25,0.0,1.0890093,1
0.9065167,0.76956755,0.97789824,0.626946,184109.03,0.0,1.1779559,1
1.9622458,1.6600016,1.9152287,0.44671017,620126.75,0.0,1.1820747,1
3.6151643,3.47197,3.9252307,0.56555116,1004475.94,1.0,1.041243,1
7.5764103,5.492345,7.8921533,0.24251758,723026.0,0.0,1.3794491,0
3.1508167,2.7447104,3.0254216,0.52700716,489335.22,1.0,1.1479596,1
6.212031,4.7652235,5.7087536,0.48003122,813093.56,1.0,1.303618,0
4.415718,3.7529478,4.6942186,0.6888849,1173383.8,1.0,1.1766,1
1.6259084,1.1389841,1.6122701,0.47020358,127603.76,1.0,1.4275076,0
2.7017262,2.467776,2.470833,0.6302997,429918.97,1.0,1.094802,1
5.2948966,5.228449,4.8746114,0.4413241,229330.16,0.0,1.0127089,1
5.4482565,3.481504,5.9570813,0.1570849,1150489.6,0.0,1.5649146,0
3.591126,2.5545993,3.4065435,0.46616957,677787.1,0.0,1.4057493,0
1.9834358,1.511528,2.1685264,0.5295136,199119.5,1.0,1.3122058,0
5.830873,5.0238023,6.0421367,0.5226256,753995.56,0.0,1.1606493,1
1.5172098,1.2499878,1.4566704,0.52489257,625483.2,1.0,1.2137796,1
7.5060234,5.640129,7.3314753,0.42403188,118218.54,0.0,1.3308247,0
1.6656479,1.5873575,1.7579377,0.45144087,1044191.9,1.0,1.0493212,1
1.0370364,0.7587618,1.023641,0.33104843,865575.7,1.0,1.3667483,0
4.081652,3.1442947,3.7345083,0.20050915,56024.613,1.0,1.2981137,0
4.2524867,3.3560221,4.0226946,0.48403114,1153623.1,1.0,1.2671212,0
4.1639047,3.5265124,4.463993,0.38821954,233158.36,0.0,1.180743,0
3.6060064,2.946432,3.7474875,0.6619753,50301.31,0.0,1.2238553,1
7.959556,6.209054,7.9611735,0.17270245,541362.3,1.0,1.2819273,0
3.9929888,3.347932,3.7897422,0.54365283,211899.83,1.0,1.1926732,1
3.9279833,3.9820557,3.9080217,0.8182231,705670.1,0.0,0.98642105,1
3.4897752,2.8282423,3.6913788,0.47257304,408144.06,1.0,1.2339026,0
0.7212409,0.65003735,0.66087925,0.49958777,262954.8,1.0,1.1095376,1
4.825062,3.9218135,5.302519,0.563952,1183146.8,0.0,1.2303139,0
1.9781486,1.6977737,2.1204815,0.57567793,432638.38,1.0,1.1651428,1
5.17335,3.910401,4.985005,0.4387239,526943.25,1.0,1.3229717,0
0.596501,0.57626003,0.6407109,0.34875557,388376.16,0.0,1.0351247,0
7.8548193,5.827775,8.140286,0.59790814,1012535.0,1.0,1.3478247,0
3.8582397,2.511852,3.9866066,0.21379079,276301.7,0.0,1.5360138,0
7.194692,5.2668986,6.6762567,0.62483424,196806.16,1.0,1.3660207,1
3.909377,2.896719,4.226736,0.4412302,1063676.4,1.0,1.3495879,0
0.6705804,0.6125657,0.6639204,0.5004628,260863.73,0.0,1.0947077,1
6.6132655,6.723537,7.014331,0.42115882,1036628.7,1.0,0.98359925,1
5.255833,4.9956503,5.0450993,0.7146324,714904.44,1.0,1.0520818,1
6.297705,4.4291,6.0558777,0.5373516,996877.44,1.0,1.4218926,0
3.5397248,3.4081554,3.8686993,0.4517393,130681.78,0.0,1.0386043,1
5.1759067,4.61013,5.172449,0.44751456,1158164.0,0.0,1.1227248,1
6.8785863,5.167004,6.2731204,0.47777644,394727.12,1.0,1.3312523,0
5.1223106,4.2002378,5.466229,0.859541,117420.99,0.0,1.2195288,1
2.9118543,2.392141,2.753001,0.30243674,929618.7,0.0,1.2172586,0
5.3677306,3.8190823,5.7743406,0.6624323,255221.8,0.0,1.4055028,0
5.4404626,4.7397075,5.8935876,0.5852158,453778.66,1.0,1.1478478,1
7.6925783,6.693735,7.035272,0.73097175,733854.7,0.0,1.1492206,1
3.093116,2.304678,3.1441088,0.59436,128908.85,0.0,1.3421035,0
3.5156379,2.7381024,3.8542106,0.50050443,282223.6,1.0,1.2839687,0
6.5345592,5.1637454,7.097733,0.65300417,612433.06,0.0,1.2654688,1
4.144946,3.8143811,4.1658726,0.5344653,535188.44,0.0,1.0866628,1
5.94527,5.412004,6.1598864,0.6132434,691209.4,0.0,1.098534,1
3.785734,3.675918,3.8646755,0.7142329,887927.8,0.0,1.0298743,1
1.8808621,1.568535,1.7692342,0.513878,455941.12,0.0,1.1991203,1
6.01259,5.3814135,6.1965723,0.43634224,515066.56,0.0,1.1172882,0
1.2230103,1.0292315,1.1821963,0.40342823,363238.56,1.0,1.1882752,0
1.7489526,1.4428431,1.6922767,0.56758106,440651.56,0.0,1.2121571,1
5.089235,3.6990755,5.007795,0.36827475,108683.55,0.0,1.3758126,0
6.0287046,5.354407,6.4533386,0.44752926,717142.75,1.0,1.1259332,0
7.1785655,6.1089025,6.802905,0.3548647,248695.53,1.0,1.175099,0
2.3261747,2.0406935,2.2102342,0.57625085,873729.75,0.0,1.1398942,1
1.0636492,0.97222185,0.95884573,0.38717663,98522.484,1.0,1.0940397,1
7.657164,6.3206787,7.12883,0.30699006,118857.33,1.0,1.2114465,0
1.4045001,1.0932469,1.538961,0.33338368,377392.84,1.0,1.2847053,0
1.7418025,1.212455,1.7187654,0.41433674,554164.9,1.0,1.4365914,0
2.4723697,1.7594255,2.3216367,0.42795488,847649.6,0.0,1.4052142,0
4.3292527,3.5757582,4.7324634,0.5377179,846010.94,1.0,1.2107229,1
7.0860395,5.8309216,6.4158673,0.4757565,1169386.0,1.0,1.215252,0
6.132259,4.293959,6.1128397,0.55554664,454391.16,1.0,1.428113,0
5.723629,4.0684867,6.0723147,0.5675919,118253.61,1.0,1.40682,0
1.5664084,1.1024226,1.6518795,0.6110749,1040454.06,0.0,1.4208784,0
2.9899244,2.822066,2.8040812,0.21382631,890233.3,1.0,1.0594808,0
3.9315584,3.3538103,4.094946,0.3309165,128340.22,1.0,1.1722661,1
1.3499224,1.089986,1.3829385,0.583233,145839.2,1.0,1.238477,1
2.3327518,1.7352127,2.414527,0.5317119,598131.4,1.0,1.3443606,0
2.604999,1.944224,2.4831398,0.6465399,442891.7,0.0,1.3398657,0
1.1927544,0.78919023,1.2668803,0.26839736,735827.9,0.0,1.5113648,0
4.4918694,3.416174,4.545087,0.42872682,302035.06,1.0,1.3148831,0
5.6992197,4.215511,5.955774,0.455543,1153240.0,0.0,1.3519641,0
0.7454667,0.5879926,0.8110042,0.52498454,638955.3,1.0,1.2678165,0
3.9527602,3.78467,4.2337995,0.5053816,913326.7,1.0,1.0444134,1
6.301247,5.435503,6.657063,0.5703617,194652.14,1.0,1.1592759,1
6.034323,5.9153895,5.7804575,0.4828019,759463.8,0.0,1.0201057,1
6.55757,4.5512667,5.972744,0.7058504,1044956.75,1.0,1.4408231,0
3.696277,2.9862635,3.7514582,0.7536814,76439.23,0.0,1.2377598,1
6.600345,5.950939,5.9858704,0.33231547,670984.1,1.0,1.1091267,0
2.077874,1.7726142,2.1668859,0.5067667,333775.88,1.0,1.1722088,0
3.0143223,2.4934149,3.1570938,0.6196991,600147.1,1.0,1.2089133,1
1.5755734,1.470331,1.5953977,0.5877992,988394.4,1.0,1.0715774,1
3.8463795,3.0434446,3.5910966,0.43882346,843581.3,1.0,1.2638243,0
3.258068,2.6321034,3.5028934,0.5382297,917674.0,1.0,1.2378192,0
2.0792315,1.8724117,2.11912,0.26248124,293435.28,1.0,1.1104563,0
6.0638895,4.1032205,6.08195,0.49712873,1007397.94,1.0,1.4778367,0
2.6480048,1.8434764,2.6838014,0.28095445,756090.94,1.0,1.4364191,0
2.3278737,1.5394675,2.1336765,0.57619685,129697.44,1.0,1.5121293,0
1.2209445,1.0880499,1.2796566,0.33260632,1042115.75,0.0,1.1221403,0
3.6228092,3.3247035,3.304564,0.52445495,114118.52,0.0,1.0896639,1
2.5631242,1.8396561,2.6033077,0.54787934,83086.21,1.0,1.3932626,0
3.0803282,2.467224,2.8765688,0.5113796,1008809.25,0.0,1.2484996,0
2.0407786,1.9189504,1.9214755,0.40520707,64977.26,1.0,1.0634869,0
6.1526127,5.5103455,5.824376,0.46844476,151699.2,1.0,1.1165566,1
7.454026,5.7656565,6.7299504,0.67716074,69495.95,0.0,1.2928321,1
4.0838685,3.4118152,4.403912,0.43630874,1062320.5,1.0,1.1969782,0
5.215388,5.1264415,5.5327287,0.50321454,101399.81,0.0,1.0173504,1
6.963944,6.790195,6.311125,0.41648167,478581.78,1.0,1.0255882,1
7.990871,7.032543,7.282858,0.6530641,299541.22,0.0,1.1362705,1
4.985429,3.5757153,5.267481,0.51167464,442910.16,0.0,1.3942465,0
7.14028,5.356317,6.4359674,0.3854039,384181.5,0.0,1.3330578,0
7.287144,5.798961,7.2419624,0.5010688,1071052.5,1.0,1.2566293,0
6.3733215,5.0281577,5.8727574,0.46384522,934011.4,1.0,1.2675263,0
3.795265,3.7028816,3.8648186,0.70888734,1067769.4,1.0,1.0249491,1
0.8330012,0.5705365,0.91602486,0.49329686,878049.0,0.0,1.4600314,0
0.32328334,0.26518697,0.30207732,0.29258767,429900.3,1.0,1.219077,0
3.922165,3.6516948,4.2804027,0.574795,263721.88,1.0,1.074067,1
4.0556536,4.1507335,4.352104,0.7679131,659246.4,1.0,0.9770932,1
3.3774266,2.8707635,3.7056146,0.6795396,460168.6,0.0,1.1764907,1
4.6317053,4.1487827,4.878287,0.33455995,789924.94,1.0,1.1164011,1
4.5068693,3.3999927,4.8286543,0.45969078,94772.484,1.0,1.3255526,0
6.7255816,5.444231,6.8528266,0.49539754,869929.3,1.0,1.2353593,0
1.0475254,0.7221169,1.1244733,0.49721768,394493.06,1.0,1.4506314,0
1.9563859,1.9927427,1.8043795,0.5571443,581576.56,0.0,0.9817554,1
6.385439,5.9615126,6.6940527,0.44838485,1175406.0,0.0,1.0711105,1
6.8131275,5.0570774,6.9885297,0.3626564,297911.75,1.0,1.347246,0
7.959629,5.775831,7.2589374,0.64277005,185303.92,1.0,1.3780924,1
7.0087137,5.3488526,6.716577,0.3314651,291285.94,1.0,1.310321,0
7.1412125,5.306507,6.735744,0.3796825,454229.06,1.0,1.3457463,0
2.651914,2.3817737,2.6016207,0.33053285,666670.56,0.0,1.1134198,0
3.3329608,2.490799,3.1318855,0.59183186,1177260.1,0.0,1.3381091,0
2.2910638,2.1383693,2.187888,0.5159707,1050365.9,1.0,1.071407,1
4.9291353,4.177955,4.7280564,0.63252556,872199.94,0.0,1.1797961,1
7.5226817,6.3921094,7.672851,0.38222098,878609.0,1.0,1.17687,0
2.8881989,2.0853667,2.6772876,0.31204802,376350.9,0.0,1.3849838,0
4.544614,4.6212068,4.3092947,0.43341485,1117164.5,1.0,0.98342574,1
2.511137,2.2204916,2.419304,0.4726254,670485.0,0.0,1.1308924,0
1.5244398,1.239809,1.5089113,0.53136444,236898.72,1.0,1.2295763,0
1.7224472,1.2665627,1.5633235,0.24764125,1142847.9,1.0,1.3599384,0
0.65197366,0.6326633,0.71706825,0.57180965,632504.8,0.0,1.0305223,1
7.6044893,7.170581,7.300906,0.3658642,228838.97,1.0,1.0605123,1
3.3424609,2.8968782,3.2003026,0.40288764,895517.0,1.0,1.1538148,1
6.706143,6.0490384,6.779737,0.67605644,318858.62,1.0,1.1086296,1
5.51437,5.1694064,5.904823,0.17252047,265816.97,0.0,1.0667317,0
1.696985,1.2713913,1.6823263,0.5483753,357730.2,1.0,1.3347465,0
1.5686055,1.4628949,1.4898111,0.5478093,715017.94,0.0,1.0722612,1
6.533508,5.105964,6.6195874,0.37718225,386477.88,0.0,1.2795836,0
2.2647514,1.9795828,2.2570252,0.43294936,96935.49,1.0,1.1440549,0
7.3236246,7.26604,7.2109504,0.683157,495621.62,1.0,1.0079252,1
1.2924322,1.1679784,1.4175093,0.79443854,319545.75,0.0,1.1065547,1
5.4861274,4.5126605,6.0302963,0.65970886,638164.44,0.0,1.215719,1
6.552896,5.3346334,6.6340785,0.7828807,578495.9,0.0,1.2283685,1
2.0349998,1.8341258,1.8591775,0.3963002,139795.53,1.0,1.1095203,1
2.3544173,2.3401556,2.385928,0.26298738,332111.16,1.0,1.0060943,0
7.7232475,6.501599,8.422158,0.49210677,373706.9,1.0,1.1878997,1
2.2638614,1.7028668,2.456603,0.6207288,607447.1,0.0,1.3294413,0
3.553665,2.7163126,3.3514621,0.22178748,995551.7,0.0,1.308268,0
3.5736215,3.271656,3.3521426,0.36103147,301393.1,1.0,1.0922974,1
2.173671,2.099465,2.0224948,0.37769073,231914.67,0.0,1.0353452,0
6.2511706,5.612042,6.6509757,0.55348456,51174.812,0.0,1.1138852,1
6.2204247,5.5567546,6.2080526,0.5341429,747478.7,0.0,1.1194348,1
3.1508806,2.609524,3.0488214,0.38372588,424485.84,1.0,1.2074541,0
6.713981,5.681276,6.478733,0.5269717,820678.6,1.0,1.1817735,1
1.8619845,1.6138891,1.778349,0.32827923,843663.75,1.0,1.1537251,0
0.23358504,0.16794151,0.2514599,0.4360363,101409.055,0.0,1.3908714,0
4.6551056,4.421735,4.5710154,0.3102816,531173.44,1.0,1.052778,0
7.9538064,6.5801797,7.5466,0.47746432,1163180.1,1.0,1.2087522,1
0.5014256,0.48102036,0.5225261,0.37992662,366415.38,0.0,1.0424207,0
1.822385,1.438458,1.871755,0.6035563,658983.0,1.0,1.2669017,1
4.2475343,3.8515573,4.4304886,0.49607193,668485.6,1.0,1.1028095,1
6.5175376,4.8557606,6.93721,0.46598858,349633.94,0.0,1.3422279,0
0.8945276,0.6956315,0.82318616,0.7652187,946144.8,1.0,1.2859217,1
3.2828302,2.457147,2.955853,0.5574932,54235.293,1.0,1.3360335,1
6.027191,4.2851152,5.4854264,0.4447769,310809.1,1.0,1.4065412,0
3.098037,3.0723488,3.2261677,0.4124397,731406.4,1.0,1.0083611,1
1.672924,1.5358316,1.8183,0.32282412,1104887.8,1.0,1.0892627,0
1.7248675,1.274554,1.6666033,0.49011743,60960.824,1.0,1.3533107,0
3.3983805,3.1318388,3.5895014,0.54614204,740998.06,0.0,1.0851071,1
3.9394531,3.1059937,4.1200256,0.2128436,53871.72,1.0,1.268339,0
6.9221525,6.4807415,7.5839953,0.29540247,766240.06,1.0,1.0681112,0
5.209569,5.2414126,5.1791377,0.4225846,523334.72,1.0,0.99392456,1
5.5851355,4.4614954,5.2121296,0.33527288,549622.44,1.0,1.2518528,0
7.8673,5.8553925,8.284631,0.5064886,1162636.1,1.0,1.3435991,0
3.4123788,2.229299,3.629965,0.5273228,834583.3,1.0,1.5306958,0
3.3461642,2.5598993,3.4848964,0.4816539,275876.8,1.0,1.3071469,0
7.4021063,6.8453894,7.9397683,0.58252615,1196937.8,0.0,1.0813273,1
2.1178296,1.8984282,2.063267,0.41226315,345179.4,1.0,1.11557,1
5.892559,4.4069695,6.1168475,0.49311426,838792.9,1.0,1.3370999,0
6.0856705,3.9693847,5.7982426,0.34950295,832339.25,1.0,1.5331521,0
0.9627464,0.9483765,0.95243347,0.54269296,1027183.75,1.0,1.0151521,1
3.852205,2.9545739,3.6538103,0.5113862,508696.9,1.0,1.3038107,0
1.7643872,1.4831266,1.64248,0.32021976,850359.2,1.0,1.1896404,0
1.6459271,1.3970292,1.4931697,0.4767411,769832.25,1.0,1.1781623,1
3.8178592,3.020155,3.948754,0.4943267,551882.94,1.0,1.264127,0
2.4575517,1.7558025,2.6420023,0.5421518,1103351.0,1.0,1.3996743,0
6.4092717,5.3006644,6.1713843,0.54771775,339719.03,1.0,1.209145,1
7.2793183,5.2941527,7.1762943,0.3918221,307914.62,0.0,1.3749733,0
6.4612207,5.6962495,5.819682,0.6145467,774946.5,1.0,1.1342939,1
2.2750409,2.1941469,2.235389,0.57845837,268806.62,0.0,1.0368681,1
2.3382483,1.6850097,2.2359836,0.39131308,1004494.0,1.0,1.3876764,0
2.186881,1.7372779,2.2193344,0.32859543,440626.53,0.0,1.2587975,0
1.2532971,0.8544344,1.3556958,0.40277725,534264.4,1.0,1.466815,0
7.5616274,5.4902577,7.570932,0.2792528,834663.25,0.0,1.377281,0
3.3359728,2.873968,3.4530873,0.531201,1067867.0,1.0,1.1607552,1
1.952578,1.9104811,2.0328221,0.677534,843462.6,1.0,1.0220346,1
6.804034,6.1728454,6.3310614,0.7132319,158336.02,0.0,1.1022525,1
3.3137233,2.4395266,3.2120388,0.33659878,438770.12,0.0,1.3583468,0
0.47391114,0.37652174,0.4372442,0.61802065,912572.4,1.0,1.2586554,1
1.4631443,1.1994696,1.445805,0.5126751,1093913.2,0.0,1.2198261,0
5.1861525,5.0865107,5.5878572,0.14060895,778901.2,1.0,1.0195894,0
6.306661,5.877058,6.282613,0.45014042,735578.3,1.0,1.0730983,1
1.8452883,1.7403833,1.8291062,0.43344754,486102.5,1.0,1.060277,1
7.3556857,5.5644026,6.9280605,0.6816227,599759.44,0.0,1.3219184,1
6.8377776,5.400794,6.578239,0.3693568,547061.7,1.0,1.2660689,0
6.81737,6.2666965,7.412662,0.58445966,113452.945,1.0,1.087873,1
1.975757,1.6635838,1.8979102,0.48393676,75130.82,0.0,1.187651,0
0.5941807,0.52537525,0.6216778,0.28312865,760014.44,1.0,1.1309644,0
6.9659038,5.985152,6.3280244,0.4171722,636314.6,0.0,1.1638641,0
2.5852418,2.6599565,2.393062,0.72974473,331624.44,1.0,0.9719113,1
5.027548,3.9283042,4.837987,0.4739944,1076663.6,0.0,1.2798265,0
6.127742,5.595728,6.6197023,0.63588005,287584.12,0.0,1.095075,1
1.2006874,0.9155555,1.1332788,0.6276581,855573.6,0.0,1.3114306,0
6.2905393,5.194419,6.5758085,0.43276042,956617.4,1.0,1.2110189,0
7.5203896,6.7753606,7.0203204,0.30748662,1016261.0,1.0,1.1099615,0
5.881325,4.463738,6.0140567,0.32722726,1015459.44,0.0,1.3175784,0
3.6415374,3.420431,3.704775,0.7177501,963309.0,0.0,1.0646429,1
7.0380893,6.718214,7.2097454,0.5227606,576470.2,1.0,1.0476131,1
4.3141694,3.8925252,4.1297617,0.23992683,767498.3,0.0,1.1083215,0
6.0092134,5.562877,5.603114,0.62509406,1036368.06,1.0,1.0802348,1
6.5999465,5.484366,7.1101036,0.2319723,533332.8,1.0,1.203411,0
6.0449524,4.566681,6.1289096,0.37608138,821483.25,1.0,1.3237079,0
2.445268,2.3552306,2.3044417,0.51219416,233466.78,1.0,1.0382288,1
1.1191825,0.75091636,1.0997823,0.87806284,699396.5,1.0,1.4904222,1
2.0590405,1.8105425,1.8807653,0.62240016,212202.78,0.0,1.1372507,1
4.1224246,3.419616,4.1021223,0.42764154,809334.6,1.0,1.2055227,0
4.14116,3.5428858,4.078124,0.5042471,483355.6,0.0,1.1688664,1
4.744626,3.6954687,4.3961105,0.6379564,312019.38,1.0,1.2839037,1
3.2817943,2.5200675,3.2452826,0.7132795,464854.75,1.0,1.3022646,1
6.337753,4.0497456,6.514617,0.4628541,856629.7,1.0,1.5649756,0
7.3225994,6.076472,7.950132,0.46720746,1094238.5,1.0,1.2050741,0
2.1244555,1.6016529,2.210787,0.37549272,62973.09,1.0,1.3264145,0
5.944881,4.256061,5.947777,0.5997738,243025.14,0.0,1.3968035,1
5.4881806,3.945336,5.7845984,0.6538958,861593.3,1.0,1.3910552,1
4.280106,3.5577168,4.091726,0.20919727,704045.06,1.0,1.2030485,0
1.6705358,1.2276932,1.7269269,0.4404791,417060.5,1.0,1.3607111,0
6.4028115,5.7853284,5.769013,0.3179831,799527.75,0.0,1.1067326,0
7.692885,5.283751,7.035222,0.52263606,1047265.7,1.0,1.4559516,0
5.830323,4.6291776,5.975225,0.31430808,346675.47,1.0,1.2594728,0
7.359308,5.6732244,6.9067836,0.30197886,608523.0,0.0,1.2972002,0
7.876645,6.395638,8.173956,0.6685279,73882.445,1.0,1.2315651,1
2.9459953,2.3319354,3.02657,0.47516087,1137895.4,0.0,1.2633263,0
5.1781435,4.521837,4.7262645,0.49101406,971890.3,0.0,1.1451415,1
3.8966753,2.964278,3.8128943,0.56475276,630854.1,1.0,1.3145446,1
7.8957043,6.8412895,8.074151,0.64562285,1190797.8,0.0,1.1541251,1
0.931701,0.6389832,0.97148126,0.43721107,303251.44,0.0,1.4580994,0
3.4165244,2.779281,3.6325061,0.4405528,905566.1,1.0,1.2292836,0
7.0292044,5.9443407,6.7908344,0.44119003,934932.56,1.0,1.1825036,0
2.4156003,2.0081184,2.5782745,0.6622263,1005484.2,1.0,1.2029172,1
6.3447843,4.9012556,6.159839,0.48977974,837860.75,1.0,1.2945223,0
3.1857088,2.945282,2.8715894,0.45633525,269179.2,1.0,1.0816312,1
7.8438325,6.79814,8.016406,0.55863446,155034.23,0.0,1.1538204,1
7.0915327,5.2354274,6.7251396,0.7746881,257410.78,0.0,1.354528,1
2.5502987,1.9892137,2.3587108,0.5111425,1037066.3,1.0,1.2820637,0
6.207506,4.0878334,5.9075074,0.45958292,512294.38,0.0,1.518532,0
2.827481,2.4279816,3.0129151,0.7914498,678091.0,1.0,1.1645397,1
4.9296303,4.3889203,5.337805,0.6994702,79178.945,1.0,1.1231989,1
5.33615,4.9267673,5.8288865,0.67772377,615142.8,1.0,1.0830935,1
6.670844,5.0649004,6.4077864,0.424897,520659.66,1.0,1.3170732,0
0.39071655,0.29018804,0.3872727,0.41002584,664744.25,1.0,1.3464254,0
1.9172316,1.7203187,2.0332341,0.22487684,481564.44,1.0,1.114463,0
5.752959,4.1343765,5.5434394,0.64473754,136758.53,1.0,1.3914938,0
4.5954814,3.8129966,4.489917,0.5115496,100554.37,0.0,1.2052152,1
4.0657196,3.9967446,3.852086,0.22986682,1142266.5,1.0,1.0172578,0
0.63063765,0.5410352,0.6397652,0.68027717,744391.44,0.0,1.165613,1
2.9165518,2.0780294,3.0094538,0.44939736,789905.7,1.0,1.4035182,0
6.947782,5.420967,6.695493,0.46788794,1102731.6,1.0,1.28165,0
0.44096413,0.3503195,0.39900467,0.2730546,683490.75,1.0,1.2587484,0
3.2922027,2.5424893,3.4475338,0.57382977,757885.75,0.0,1.2948737,0
7.5721564,6.7364388,7.7487354,0.5752655,651494.4,0.0,1.1240593,1
0.5968697,0.47800475,0.5633255,0.49280187,252370.62,1.0,1.248669,0
6.0477047,4.671388,5.8235135,0.43726432,408237.53,0.0,1.2946268,0
2.2093785,1.7296281,2.4113657,0.89397013,1066990.9,1.0,1.2773719,1
6.959549,6.755588,7.1407804,0.31949484,560444.0,1.0,1.0301914,0
6.01933,5.034286,6.1342726,0.39178446,284771.97,0.0,1.1956671,0
7.1085005,6.397425,7.307099,0.6062385,1002246.44,1.0,1.1111503,1
1.8842133,1.4983659,2.0554674,0.34783402,150400.62,0.0,1.2575122,0
4.3440833,3.292792,4.2049503,0.33676895,785459.8,1.0,1.3192705,0
6.2783055,5.1990595,6.00321,0.6697278,855143.1,0.0,1.2075849,1
2.116458,1.7705855,2.064284,0.59077877,399333.53,0.0,1.1953435,1
1.9998212,1.6573877,2.1201901,0.5726207,241917.52,0.0,1.2066103,1
0.41202065,0.387158,0.3807861,0.5272737,565536.7,1.0,1.0642184,1
7.6764193,7.5231223,7.226312,0.396177,918287.1,1.0,1.0203768,1
5.7381315,5.279656,5.426259,0.46209934,1069695.2,1.0,1.0868382,1
5.1573706,4.653082,5.2980404,0.48813877,987637.44,1.0,1.1083773,1
6.003159,5.327255,6.1731477,0.62693244,175958.58,1.0,1.1268766,1
4.346581,3.7524567,4.2352095,0.5638786,306193.06,1.0,1.1583294,1
3.9138439,2.847687,3.7386541,0.36082348,759533.6,1.0,1.3743939,0
3.7063515,3.449926,3.8951173,0.6184313,866396.6,1.0,1.074328,1
5.195426,4.9380507,4.70885,0.2482241,60048.973,0.0,1.0521208,0
1.7719728,1.3527187,1.8565801,0.45193672,213959.78,1.0,1.3099344,0
7.1268578,7.1514664,6.7138906,0.32869273,158119.44,1.0,0.99655896,1
6.5316687,5.6987348,7.05783,0.37143448,442275.62,0.0,1.1461611,0
2.9265962,2.2835662,2.876079,0.78898793,832922.6,1.0,1.2815902,1
4.7131524,4.7214155,4.8472857,0.2793989,1134673.2,0.0,0.99824995,0
1.300013,0.99613273,1.2014639,0.37712088,152951.81,1.0,1.3050599,0
7.784301,5.3152366,7.401133,0.57656026,632005.06,1.0,1.4645257,0
7.242563,5.4114065,7.533147,0.4294996,478336.6,0.0,1.3383883,0
7.3908005,6.189776,7.465234,0.52333367,508069.78,0.0,1.1940336,1
2.7908719,2.1768835,2.9418454,0.7144324,128253.266,1.0,1.2820493,1
1.5192508,1.4599075,1.5385156,0.5981942,381569.03,1.0,1.0406486,1
1.8518229,1.3531704,1.8775007,0.42969763,340324.4,1.0,1.3685068,0
0.90201086,0.6699322,0.96664155,0.47994208,876043.44,1.0,1.3464211,0
1.1368629,1.0106353,1.1197394,0.5795909,788137.06,0.0,1.1248993,1
0.75617534,0.5266306,0.81592,0.59524846,781757.0,0.0,1.4358743,0
7.92062,7.2682652,7.718193,0.5031129,647147.0,1.0,1.0897539,1
0.77764994,0.6049652,0.75099117,0.55409133,443397.97,1.0,1.2854457,0
1.2338282,1.1648862,1.3027798,0.55423737,330360.84,1.0,1.0591835,1
6.652586,5.7513733,6.00269,0.48616603,62976.367,0.0,1.1566951,1
4.7258735,3.5264778,4.416038,0.40921435,220117.25,1.0,1.3401116,0
6.240454,4.3568215,5.705979,0.61138934,302863.78,0.0,1.4323411,0
5.121114,3.686455,5.133512,0.5437693,1171898.1,0.0,1.3891703,0
7.0809655,6.8297315,7.2623386,0.18785304,1166019.4,0.0,1.0367854,0
5.1800466,4.836451,4.6727915,0.37612468,932816.06,1.0,1.071043,0
4.272576,3.3809469,3.9832911,0.42789927,751874.94,0.0,1.2637216,0
5.7594476,4.2253165,5.531997,0.4698303,819129.7,0.0,1.3630809,0
3.6896634,3.643578,3.5378163,0.68059176,740631.44,1.0,1.0126485,1
2.8992977,2.03757,2.6656914,0.95,793854.7,1.0,1.4229193,1
3.8476892,3.4710128,3.595933,0.13117686,302122.44,0.0,1.1085206,0
1.52377,1.3589356,1.6295354,0.545661,1173207.2,1.0,1.1212966,1
6.4132595,5.298227,6.670535,0.5104379,920134.3,0.0,1.2104539,0
2.2334895,1.917368,2.1424053,0.47292653,319380.28,0.0,1.1648725,0
1.397546,0.96629333,1.3314162,0.5814409,640695.1,0.0,1.4462959,0
2.1215475,1.7710049,1.9434221,0.5224683,957599.94,1.0,1.1979343,0
6.768147,6.7340355,6.563622,0.4457849,1097834.1,1.0,1.0050656,1
2.7755702,2.4800973,2.718987,0.5043864,491421.2,0.0,1.1191375,1
5.551189,4.953744,5.9999266,0.583485,606289.8,0.0,1.1206048,1
6.8799953,5.4714713,7.214522,0.56922066,406365.1,0.0,1.2574306,1
0.8064084,0.6187428,0.8030463,0.52829486,483066.25,1.0,1.3033013,0
6.1671906,5.444299,5.7168093,0.41248286,311865.75,1.0,1.1327795,1
2.5997906,2.2749,2.680988,0.9228714,84398.46,0.0,1.1428154,1
1.8896544,1.3367159,2.054437,0.553927,528780.44,1.0,1.4136544,0
5.5734315,4.5709248,5.1030836,0.6143695,591165.4,0.0,1.2193224,1
7.2964134,6.08991,7.805131,0.42382964,946881.44,0.0,1.1981152,0
2.50115,2.2920752,2.3411336,0.52843606,651014.8,0.0,1.0912163,1
4.636904,3.2517443,4.823568,0.52724123,425356.8,0.0,1.4259742,0
2.460706,2.2714522,2.3051186,0.21320753,582729.25,1.0,1.0833185,0
4.5234275,3.4086752,4.6139083,0.39250088,965552.75,1.0,1.327034,0
5.0505238,3.910232,4.785497,0.3897285,603093.56,1.0,1.2916174,0
4.960616,3.5652933,5.0019855,0.40993148,688460.44,0.0,1.3913627,0
5.0636616,4.8411503,5.165095,0.33952412,248948.78,0.0,1.0459626,1
1.2536224,0.92703265,1.2833383,0.5065784,58780.58,1.0,1.3522958,1
5.609616,4.6616993,5.814702,0.7096038,1119128.1,1.0,1.2033414,1
5.4630527,4.143454,4.99217,0.51957333,358159.6,0.0,1.318478,0
5.5241876,4.520155,5.7488976,0.32280943,449711.25,0.0,1.2221234,0
0.7777503,0.6579163,0.724023,0.34536442,182073.55,1.0,1.1821417,0
3.685343,2.7961366,3.815828,0.4434423,639947.7,1.0,1.3180125,0
3.390474,3.3058052,3.135536,0.28765902,897663.7,0.0,1.0256121,0
0.87634957,0.6490832,0.8727416,0.54566854,838977.1,1.0,1.3501344,0
1.9344698,1.3076437,1.8906612,0.70296484,1033942.44,0.0,1.4793556,1
3.6395085,3.207991,3.9796908,0.41361436,379555.6,1.0,1.1345134,1
5.9946694,5.4790044,6.1515007,0.5114201,411862.78,1.0,1.0941164,1
2.0490842,1.5891291,1.880324,0.4356559,1160409.6,0.0,1.2894385,0
6.6720495,5.648983,6.940114,0.4055558,575089.75,1.0,1.1811062,1
4.4572268,3.70544,4.184568,0.5284364,1009690.75,0.0,1.2028873,0
6.131289,5.1797237,5.8690543,0.40050417,753227.4,0.0,1.1837096,0
3.8859367,3.5786047,3.791464,0.37873992,257994.52,1.0,1.0858804,0
4.093715,3.8141758,4.3198724,0.2571063,1151053.9,1.0,1.0732895,0
5.033811,4.300058,5.480895,0.50968826,423109.22,0.0,1.1706381,1
7.438171,6.9823937,8.069427,0.6600514,788060.25,0.0,1.0652752,1
4.036138,3.6539261,3.770305,0.6060963,342693.0,0.0,1.104603,1
4.323529,3.2513478,3.9434159,0.723799,712018.3,0.0,1.3297651,1
4.8955765,3.9008431,5.217248,0.3988227,672281.75,0.0,1.2550046,0
5.952618,5.422607,5.700487,0.6276214,350193.97,0.0,1.097741,1
0.7604326,0.5804517,0.7730293,0.3346051,1187086.5,1.0,1.3100704,0
4.222362,3.7640972,4.6265497,0.6063888,211786.05,1.0,1.1217463,1
3.9564145,2.9399476,3.7082856,0.7466281,559464.44,1.0,1.3457432,1
7.389143,6.690002,7.204201,0.5747572,86084.11,0.0,1.1045053,1
4.049351,2.7582994,4.347059,0.74927175,835130.94,0.0,1.4680609,1
3.8529003,3.5657897,3.9684722,0.4101902,581419.1,1.0,1.0805181,1
7.70516,6.325749,8.379443,0.47986534,694106.44,1.0,1.2180629,1
3.7144964,2.6035945,3.8123505,0.36264744,853283.25,1.0,1.4266801,0
1.6108986,1.5006641,1.5476128,0.5052185,928610.06,0.0,1.0734571,1
1.8919457,1.6848031,2.0073955,0.54045105,1160701.9,1.0,1.1229477,1
0.9424628,0.76900864,0.9913321,0.50390524,1043595.56,1.0,1.2255555,0
0.20443141,0.16244644,0.22216047,0.42887917,422375.4,0.0,1.2584542,0
3.5691762,3.1235616,3.5521634,0.42639264,886354.44,1.0,1.1426623,0
6.2000923,5.581211,6.203613,0.5517756,137359.1,0.0,1.1108866,1
5.921038,4.6137886,5.712408,0.47610697,206637.89,0.0,1.2833354,0
0.4507629,0.397993,0.42991585,0.32722956,578554.5,1.0,1.1325899,0
4.645867,3.5895088,5.107227,0.21540709,578568.25,1.0,1.2942904,0
1.4034084,1.019922,1.5373652,0.41067672,631613.25,0.0,1.3759958,0
7.540395,6.5798125,7.5851045,0.2926597,596476.56,0.0,1.1459894,0
1.505447,1.1152798,1.6424685,0.37466452,787585.5,0.0,1.3498379,0
5.0877857,3.6564038,4.941416,0.43650422,1147497.2,1.0,1.3914727,0
2.7446592,2.372116,2.9367824,0.47808513,248592.5,1.0,1.157051,0
5.2041783,3.8086984,5.344554,0.40009913,461081.84,1.0,1.3663929,0
3.415617,2.6935523,3.5639,0.82868016,135405.3,1.0,1.2680717,1
6.125216,5.22682,6.392524,0.31083456,279980.7,0.0,1.1718819,0
1.9992971,1.6823274,2.0536096,0.6813819,1185400.9,1.0,1.1884115,1
7.2651763,6.72982,7.7771215,0.4756148,95490.23,1.0,1.0795499,1
4.1016355,3.372348,4.013051,0.40137103,295729.5,1.0,1.2162551,0
6.0975266,4.916919,6.5233645,0.5881364,540479.94,1.0,1.2401112,1
6.8278956,4.9311666,6.395574,0.43206838,386569.75,1.0,1.384641,0
7.9908633,7.383865,7.5113463,0.3789553,677006.7,0.0,1.082206,1
1.9467762,1.5323305,2.0314,0.7684715,1189013.6,0.0,1.2704675,0
2.4377608,1.7846763,2.5597122,0.170831,859523.25,0.0,1.36594,0
2.153378,2.0022466,2.3266394,0.46326894,516739.4,0.0,1.0754809,1
2.2503965,2.1364505,2.1489859,0.52851075,835377.25,0.0,1.0533342,1
4.743069,4.057543,4.3219504,0.7112034,1053095.1,1.0,1.168951,1
7.949476,5.7971296,7.9613547,0.44023538,313353.22,0.0,1.3712779,0
7.924169,5.656168,8.519021,0.8991523,874468.9,1.0,1.4009784,1
4.308831,3.5380614,4.7151246,0.6138679,756042.9,0.0,1.2178509,1
5.184412,4.4238725,5.555436,0.14490607,893893.3,0.0,1.1719171,0
6.90777,5.326168,6.8938947,0.28194758,146784.17,0.0,1.2969494,0
7.476881,5.2289724,8.020274,0.5355401,892882.9,1.0,1.4298948,0
1.7901129,1.3846225,1.687708,0.32842007,956229.6,1.0,1.2928528,0
4.3226256,3.487374,4.686737,0.582175,840317.0,0.0,1.2395072,1
6.696129,6.303934,6.7856507,0.43194053,276826.6,0.0,1.0622144,1
2.5649762,1.7371247,2.5082202,0.32059604,235546.1,0.0,1.4765643,0
3.6305106,2.494817,3.6897902,0.3553116,899133.1,1.0,1.455221,0
7.8878446,6.3496294,8.335887,0.62778705,794864.7,1.0,1.2422527,1
7.883364,5.9127164,7.473621,0.19655697,1181180.8,0.0,1.3332897,0
7.267633,6.1355953,6.688955,0.6567912,572957.1,0.0,1.1845033,1
6.427897,4.4609637,6.7275915,0.66118056,313713.94,0.0,1.4409212,0
2.299218,1.9039555,2.507283,0.45028898,935180.4,1.0,1.2076007,1
2.7026305,2.3725455,2.776671,0.2893336,910804.06,1.0,1.1391269,0
4.4688063,4.5049944,4.149361,0.5833796,651108.56,1.0,0.99196714,1
4.5740633,4.2721977,4.705234,0.4270461,907956.5,0.0,1.0706582,1
4.142922,3.2533605,3.8252692,0.27273235,407181.28,0.0,1.2734284,0
5.166028,3.402837,4.963029,0.78637105,298078.38,1.0,1.5181533,1
3.3849196,2.6276362,3.0678186,0.367338,195009.64,1.0,1.2881994,0
6.0435586,5.254792,6.0284514,0.27917737,384049.6,1.0,1.1501042,0
2.8016894,1.9622496,2.7015874,0.54275763,802751.5,1.0,1.4277946,0
2.7792807,2.2128422,2.5555606,0.4898229,347194.7,1.0,1.2559777,0
1.1923625,0.9870466,1.1468208,0.7229282,1065954.8,1.0,1.2080103,1
1.6719552,1.3251829,1.7213013,0.44292197,337227.6,0.0,1.2616788,0
6.834063,6.2588606,6.545777,0.44450656,837114.94,1.0,1.091902,1
3.6810021,3.0502963,3.4182317,0.5502842,656699.4,1.0,1.2067688,1
1.9773687,1.76624,1.995085,0.5299277,293279.2,1.0,1.1195357,1
6.1228604,6.160903,6.4329557,0.53450567,689626.56,1.0,0.99382514,1
4.521053,3.4136968,4.81957,0.5407927,1147943.1,0.0,1.3243862,0
0.36501688,0.26425016,0.3629799,0.5246924,1135804.1,1.0,1.3813308,0
2.6676195,2.0124552,2.7802315,0.43752757,385333.16,1.0,1.3255546,0
1.580611,1.4360901,1.6859833,0.62490165,666961.8,1.0,1.1006349,1
5.3158083,4.458406,5.4996176,0.4460154,223484.3,1.0,1.1923114,1
2.345242,1.6119301,2.3580337,0.62065256,589391.0,1.0,1.4549279,0
0.7065849,0.66889626,0.64439684,0.70816433,419719.16,0.0,1.0563445,1
0.6284929,0.48943558,0.60210055,0.39836887,1118905.6,1.0,1.2841177,0
4.737473,3.6352036,4.5667486,0.86067253,777583.9,1.0,1.3032209,1
0.36944294,0.3288719,0.36168548,0.39310807,262666.53,1.0,1.1233643,0
6.8205786,6.6893163,7.4356484,0.39419177,1191189.9,1.0,1.0196227,1
1.4120976,1.2391596,1.3298782,0.5809986,848301.8,1.0,1.1395607,1
4.931217,4.417261,4.972201,0.56623435,204876.75,0.0,1.1163518,1
3.6685667,2.8867676,4.02898,0.5107723,969484.44,1.0,1.2708216,0
3.6542418,3.1125774,3.7410626,0.62273765,691192.1,1.0,1.1740243,1
0.7600177,0.6975095,0.71577114,0.5378945,510300.44,0.0,1.0896163,1
6.4614677,5.33566,7.0561695,0.8098613,275764.8,1.0,1.2109969,1
7.165809,5.5324636,6.9311905,0.4920162,369616.84,1.0,1.2952294,0
0.28593,0.2849608,0.26007453,0.37182596,242346.36,1.0,1.0034012,1
1.5931126,1.066774,1.5712429,0.4172436,973858.25,1.0,1.4933927,0
7.2504525,6.1543446,6.87438,0.5706987,363921.25,0.0,1.1781031,1
4.48605,3.9503846,4.772138,0.5728927,590456.1,1.0,1.1355983,1
1.3703088,1.3958099,1.2935593,0.5309714,1163101.5,1.0,0.9817302,1
1.7817656,1.7610277,1.8957465,0.37257448,1193740.8,1.0,1.011776,1
5.3478928,4.6981373,4.8517914,0.6662972,959958.3,0.0,1.1383007,1
5.8535714,4.121523,6.355992,0.7905486,968747.25,0.0,1.4202447,1
4.8755293,4.532711,4.4291196,0.5043838,1136574.0,1.0,1.075632,1
7.6345572,6.596544,8.304169,0.77159077,966346.4,0.0,1.1573572,1
4.053696,3.6783814,3.708071,0.6299384,568594.0,1.0,1.1020325,1
2.542121,2.030358,2.7315514,0.8328031,119357.54,0.0,1.2520554,1
3.9224167,3.5715697,4.182341,0.5708966,289625.38,1.0,1.0982333,1
3.005397,2.7525642,3.0621533,0.52049047,561231.7,1.0,1.0918535,1
1.950444,1.8602672,1.7694373,0.6263602,355221.7,1.0,1.0484751,1
0.55851334,0.41372558,0.5720453,0.43496224,428560.03,1.0,1.3499608,0
2.9472575,2.136886,3.0167222,0.5610676,117770.38,1.0,1.3792301,0
5.748993,4.5383425,5.8147583,0.6996075,684948.1,1.0,1.2667606,1
0.34381485,0.24256234,0.35285896,0.6229266,454316.97,1.0,1.4174289,0
3.6255925,3.252619,3.9650257,0.49535635,347666.34,1.0,1.1146686,1
5.2232733,4.232386,5.740907,0.5300623,751929.06,1.0,1.2341202,0
4.961152,4.229269,4.9814887,0.6136515,368293.78,1.0,1.173052,1
6.257858,4.454845,5.746967,0.608667,597702.7,1.0,1.4047308,0
6.5220537,4.7601995,6.044599,0.61250967,333362.5,1.0,1.370122,0
5.7513056,5.174003,6.0047665,0.5509157,832591.3,0.0,1.1115775,1
1.001822,0.76319927,1.0983903,0.3763183,1032275.9,1.0,1.3126612,0
3.905175,3.0681415,3.855232,0.40022707,143967.19,1.0,1.2728145,0
4.9065666,3.5793216,4.5121164,0.569175,992827.9,0.0,1.3708091,0
2.115415,1.6234169,2.0532408,0.6247189,1029452.9,0.0,1.3030634,0
0.53190416,0.48773494,0.5196715,0.6052904,1159667.0,1.0,1.09056,1
1.9440045,1.4810066,2.1370811,0.3987175,1002013.6,0.0,1.3126239,0
3.7481763,2.8842087,3.8880458,0.4773249,685249.44,1.0,1.299551,0
3.4286566,3.1261108,3.1666152,0.3238582,130792.195,1.0,1.0967802,0
1.5780025,1.2548419,1.5265838,0.2912857,135616.06,1.0,1.2575309,0
6.630441,5.297302,6.0317903,0.5122219,276205.88,0.0,1.2516639,1
7.420356,5.860414,7.6475086,0.70372343,564164.7,0.0,1.2661829,1
1.7705169,1.7715577,1.8316845,0.5149706,1148755.6,1.0,0.9994125,1
7.450669,5.5476356,6.79128,0.7862203,251656.7,0.0,1.343035,1
0.33931547,0.27798012,0.32815334,0.4753844,669616.94,1.0,1.2206465,0
7.414707,6.9633985,8.012093,0.5046826,1197781.5,1.0,1.0648116,1
7.6250443,7.0811996,8.123442,0.35134897,65844.6,1.0,1.0768013,1
0.29400453,0.264692,0.2983683,0.4479134,104029.57,1.0,1.1107421,1
6.1515503,6.151094,6.1326323,0.32150927,360399.25,1.0,1.0000741,1
7.7675724,5.7130938,8.533225,0.2681994,308920.47,0.0,1.3596088,0
7.2660375,7.2308574,7.5889335,0.32406032,623391.6,1.0,1.0048653,1
7.771539,6.9809327,8.475074,0.5127913,533519.8,1.0,1.1132523,1
4.492523,3.3906949,4.1075907,0.38949406,721189.9,1.0,1.3249565,0
0.8096179,0.6028519,0.76300836,0.4250191,219139.03,1.0,1.3429797,0
6.828356,5.0583844,6.188008,0.5614806,838719.06,0.0,1.3499085,0
4.98786,4.5250826,5.3548846,0.26768026,296897.75,1.0,1.1022694,0
4.9949465,3.855538,5.1889815,0.5121554,569790.7,1.0,1.2955252,0
3.4545782,2.501112,3.2318625,0.62721133,88352.65,1.0,1.3812169,1
4.6603675,4.36126,5.102348,0.6401839,967539.7,0.0,1.0685828,1
1.3979223,1.2413417,1.525356,0.5774851,771173.06,1.0,1.1261382,1
5.9702063,4.583651,5.6413646,0.49217266,290088.62,0.0,1.3025001,0
0.785135,0.7737855,0.8082195,0.40643916,742014.25,1.0,1.0146675,1
5.89229,4.842265,6.090392,0.4876462,552558.5,1.0,1.2168459,1
6.8220315,6.5411243,6.145309,0.74801946,1000207.94,1.0,1.0429448,1
3.8852556,2.6352248,4.031947,0.54095995,1181278.5,0.0,1.4743545,0
4.1766768,3.0372376,3.9439025,0.48396772,193198.52,1.0,1.3751564,0
2.6352713,2.402267,2.8467882,0.5845539,613622.6,1.0,1.0969936,1
7.761777,5.4604135,8.28726,0.5074586,346726.44,0.0,1.4214633,0
5.9183707,4.5857983,6.3981066,0.53386897,912134.5,1.0,1.2905868,1
3.0781107,2.0911443,3.2366667,0.46299243,89632.83,0.0,1.4719743,0
1.5634977,1.3514833,1.4587137,0.43775934,676261.3,1.0,1.1568753,1
1.9127208,1.897333,1.8593767,0.64940006,1035659.5,1.0,1.0081102,1
3.8185937,3.4129443,3.9781587,0.20744754,497679.28,1.0,1.1188562,0
7.5520334,7.767573,7.2851825,0.5717903,1013581.5,0.0,0.97225136,1
5.9263415,6.017426,6.175287,0.42848706,218923.98,1.0,0.9848632,1
1.8789012,1.6223785,1.8173329,0.21421812,1106074.5,1.0,1.1581153,0
6.904577,5.601421,6.4595485,0.35380858,960170.3,1.0,1.2326474,0
3.149964,2.8690958,3.1614072,0.49459308,499763.25,1.0,1.0978943,1
6.843433,6.8345923,7.0983205,0.5152219,200221.94,0.0,1.0012935,1
2.0852568,2.0791,2.0924284,0.61100066,648486.06,0.0,1.0029614,1
5.0255527,4.89405,5.168145,0.6212027,820990.25,1.0,1.0268699,1
7.42803,5.404467,7.335998,0.26799276,198265.52,1.0,1.3744241,0
2.2115734,1.9767202,2.3346832,0.55662555,1123150.5,0.0,1.1188095,1
5.6048274,5.790411,5.7729344,0.6092816,927107.0,1.0,0.96794987,1
7.9010386,7.2926655,8.018932,0.5328384,1144376.0,0.0,1.0834225,1
1.3746667,1.2279439,1.3568982,0.5753662,394129.88,0.0,1.1194866,1
0.8895379,0.77926433,0.89589405,0.21012188,548444.8,1.0,1.1415098,0
5.4587226,4.831057,4.9685397,0.35146776,326125.66,0.0,1.129923,0
2.8499403,2.041386,2.9449687,0.70490706,364851.0,0.0,1.3960812,1
0.7557069,0.69183064,0.7110313,0.45804375,217079.7,1.0,1.0923294,1
3.907384,2.6803808,4.188832,0.8334656,194021.38,0.0,1.4577719,1
6.0794115,4.565424,6.4591846,0.30823663,821402.1,0.0,1.3316203,0
2.4239547,1.6896671,2.437507,0.73456585,230484.83,1.0,1.4345753,1
2.8133657,2.2982662,3.008687,0.40839416,203450.39,0.0,1.2241253,0
6.7964554,4.9026575,7.0286264,0.6293654,664773.56,1.0,1.3862798,1
4.256561,4.0693555,3.9511611,0.45569265,859597.8,1.0,1.0460037,1
6.773309,5.799103,7.099475,0.51735175,944744.25,1.0,1.1679926,1
3.681838,3.592669,4.0469337,0.5893315,717274.9,1.0,1.0248197,1
7.6332064,5.9893875,6.932443,0.407997,281795.62,0.0,1.2744553,0
5.276198,3.4965663,5.0070267,0.62016594,709214.6,1.0,1.5089655,0
1.1040112,0.9327897,1.1255925,0.46011895,769666.94,1.0,1.1835585,1
7.1037254,6.6305614,6.983238,0.5267075,346812.03,0.0,1.0713611,1
4.0162683,3.575637,4.126761,0.10322429,216158.1,0.0,1.1232315,0
1.3047839,1.2902249,1.3273318,0.4493997,1114498.2,1.0,1.0112841,1
1.390983,1.3824608,1.4711007,0.6895313,160339.23,1.0,1.0061646,1
5.5627646,4.851022,5.0853715,0.60420156,368758.62,1.0,1.1467202,1
0.5695056,0.58292884,0.56274164,0.63298184,316165.53,0.0,0.97697264,1
2.4354315,2.1574824,2.6108086,0.50799763,1075782.0,0.0,1.1288303,0
1.2903432,1.1863524,1.2549263,0.7514412,627253.25,1.0,1.087656,1
3.640404,3.0704315,3.6431625,0.5432658,1150066.4,1.0,1.1856327,0
3.4319594,2.4514487,3.103575,0.400985,1002452.1,1.0,1.399972,0
4.270636,3.174013,4.0350456,0.6282711,918101.8,1.0,1.3455006,0
2.3811634,2.1166382,2.3638546,0.63838977,253296.4,1.0,1.1249743,1
0.44994,0.38766396,0.44084835,0.5944387,446006.84,0.0,1.1606444,1
4.992212,3.8109815,5.206532,0.4395599,993310.94,1.0,1.3099543,0
3.1150005,2.8289442,3.1847017,0.54222083,1181060.4,1.0,1.1011176,1
5.280413,4.0265784,5.6820226,0.70899874,1059608.9,0.0,1.3113896,1
1.0476024,0.76514906,1.121934,0.5716325,1140674.0,1.0,1.3691481,0
0.30746338,0.304649,0.29155028,0.27833563,788127.25,1.0,1.009238,0
2.1366951,1.684676,1.9305633,0.40568545,605239.9,1.0,1.2683122,0
3.761069,2.8616543,4.027707,0.3987102,641929.75,0.0,1.314299,0
3.2737615,2.6469226,3.1618779,0.3868515,577265.56,1.0,1.236818,0
6.52036,5.2055287,6.32098,0.18330735,228100.92,1.0,1.2525836,0
3.1471336,2.919158,2.9321182,0.7835866,401626.4,0.0,1.0780964,1
4.337441,4.32961,4.504873,0.36855686,153930.2,1.0,1.0018088,1
4.8294215,4.2929173,4.617032,0.37940776,151844.19,1.0,1.1249744,0
0.37028486,0.31143588,0.34634542,0.20874374,408609.66,0.0,1.1889602,0
4.2180405,3.4264972,4.220901,0.62996435,816044.75,0.0,1.2310065,0
2.8896837,2.35099,3.0344083,0.48637027,755766.56,1.0,1.2291349,1
3.485985,2.6953962,3.3253498,0.44736296,693382.5,1.0,1.2933109,0
0.9822417,0.679269,1.0258609,0.4552998,911272.1,1.0,1.4460276,0
6.306,6.0706716,6.2580433,0.58817065,536095.3,0.0,1.0387648,1
7.550753,6.4886174,7.4054356,0.42799678,558417.2,0.0,1.1636921,0
0.3736968,0.29956037,0.36319748,0.20166484,645721.2,1.0,1.2474842,0
4.8907075,3.6410167,4.5440354,0.30626962,126579.125,0.0,1.3432258,0
6.157984,5.5446973,5.951856,0.2984793,718945.94,1.0,1.1106077,0
2.4214993,1.7874829,2.6051707,0.5412977,912775.25,0.0,1.3546978,0
6.3429337,5.3478527,5.838248,0.6395029,353188.75,1.0,1.186071,1
5.1323695,4.9278245,5.6028023,0.71987087,1033035.94,1.0,1.0415082,1
7.4474688,6.419554,6.8628373,0.25476584,356148.8,1.0,1.1601224,0
7.8518376,7.8606215,7.6351767,0.5930405,640195.5,0.0,0.99888253,1
0.53029966,0.38082638,0.54157454,0.4077393,1055645.5,1.0,1.3924972,0
3.6705146,3.5212324,3.918525,0.9385187,898847.9,0.0,1.0423949,1
4.4665046,4.6169443,4.148117,0.7075331,712546.56,0.0,0.9674158,1
1.3445972,1.1216675,1.2480826,0.7552843,766141.1,1.0,1.1987485,1
2.8230295,2.3242486,2.8955126,0.620366,175219.53,1.0,1.2145988,1
7.9036503,6.1127524,7.5760384,0.5572832,854219.56,1.0,1.2929773,1
0.32659757,0.30991742,0.33603635,0.43961257,753714.6,0.0,1.0538212,1
3.7295618,3.7822506,3.9686887,0.4101019,147214.39,1.0,0.98606944,1
6.772706,6.3220677,6.1995597,0.37998423,192955.17,0.0,1.0712802,0
2.72643,2.5657568,2.9142776,0.59263635,1166656.4,1.0,1.0626221,1
3.9424284,3.1396322,3.577821,0.7340604,254828.22,0.0,1.2556975,1
7.828757,6.6827483,8.453219,0.4464788,1080139.0,1.0,1.1714876,0
3.9040394,2.955081,4.275406,0.39164767,367208.97,1.0,1.3211277,0
1.2211863,1.0238894,1.2620851,0.2774745,505539.7,0.0,1.1926935,0
0.60342765,0.53309387,0.66187024,0.53670377,688812.7,1.0,1.1319351,1
7.5742493,6.2489467,8.062018,0.6843901,769748.5,1.0,1.2120842,1
2.2733135,1.6292621,2.0661535,0.6918991,622445.94,1.0,1.3953024,0
4.1316986,3.6132257,3.7216778,0.70676583,450703.3,1.0,1.143493,1
0.9074738,0.8050803,0.8205012,0.562311,623490.5,0.0,1.1271842,1
3.50451,3.3221934,3.4708014,0.5135283,855790.44,0.0,1.0548784,1
7.454823,5.511557,7.638782,0.6923378,505955.53,0.0,1.3525803,1
4.118821,3.1745687,4.1035585,0.33349082,677032.8,1.0,1.2974428,0
7.774854,6.491856,8.050286,0.43387327,486049.25,0.0,1.197632,0
2.218918,1.631714,2.1965525,0.7566272,429415.78,1.0,1.3598694,1
4.1354527,4.158758,3.7571118,0.33880916,393641.4,1.0,0.99439603,1
6.9043403,5.7569895,6.5262127,0.4948313,307547.1,1.0,1.199297,1
3.6963685,3.1904302,4.0605526,0.59469956,924885.56,0.0,1.15858,1
2.3800015,1.781453,2.3066328,0.5124048,1181481.0,1.0,1.3359889,0
6.872708,5.651011,6.631841,0.67241263,83342.89,0.0,1.2161908,1
3.2411377,3.126963,3.016068,0.72885174,275472.22,1.0,1.036513,1
4.3396416,3.5242302,4.7624474,0.57194966,1158887.2,0.0,1.231373,0
7.816911,5.166358,7.395516,0.7085094,443041.47,0.0,1.513041,0
1.6545697,1.2188495,1.7031567,0.36069867,497320.72,1.0,1.3574847,0
2.550925,2.4439054,2.3172843,0.4763691,812412.94,0.0,1.0437903,1
0.44234288,0.43511948,0.40398932,0.8607787,455587.97,0.0,1.016601,1
3.256334,2.4228914,3.3974974,0.7914396,616605.5,0.0,1.3439867,1
1.7614307,1.4275422,1.8090487,0.3084591,1085827.5,0.0,1.2338904,0
5.5042725,3.7849529,5.7026052,0.49808565,699501.4,1.0,1.4542513,0
1.6143074,1.3482451,1.527448,0.5204112,816912.44,0.0,1.1973397,1
5.4635396,4.0552115,5.9933815,0.56247884,299646.34,0.0,1.3472885,0
2.2551084,2.0256646,2.281437,0.6911064,350670.2,1.0,1.1132685,1
2.970699,2.6286438,3.2496765,0.77587384,1075291.2,0.0,1.1301261,1
2.921113,2.0045211,2.7249138,0.50561243,1105219.8,0.0,1.4572623,0
5.7906637,4.733669,5.680756,0.6682979,978026.0,0.0,1.223293,1
3.8387723,2.6034906,3.712619,0.5972294,190375.1,1.0,1.4744713,0
3.0181315,2.3573167,3.1721013,0.49683037,991312.4,1.0,1.2803249,0
6.850457,4.860742,7.189653,0.24527627,72111.88,1.0,1.4093438,0
4.661215,3.7781513,4.64867,0.65277106,736037.6,1.0,1.233729,1
1.8678805,1.8593049,1.6871248,0.59077907,826551.7,1.0,1.0046122,1
7.220712,4.659991,6.7516627,0.55843836,540363.0,1.0,1.549512,0
2.8726723,2.633134,2.6142845,0.3528101,601095.5,1.0,1.0909709,0
0.50403917,0.37147215,0.53902096,0.79387057,903126.7,1.0,1.3568693,1
4.057882,3.2722387,3.8872652,0.5228708,1079108.1,1.0,1.2400934,0
1.1667168,1.012726,1.0775616,0.32879367,267738.47,0.0,1.1520559,0
2.0600383,1.9760752,1.9999561,0.30465195,209257.4,1.0,1.0424898,0
6.027465,4.1847396,5.51789,0.60162085,774490.9,1.0,1.4403441,0
1.2198641,0.8610333,1.3366923,0.60608745,315373.53,0.0,1.4167444,0
6.494165,6.220432,6.253891,0.4305485,273358.4,0.0,1.0440055,1
7.507877,7.2257757,8.158159,0.56939375,284015.03,0.0,1.0390409,1
4.93095,4.6180763,5.1111555,0.6001409,276364.34,0.0,1.0677499,1
5.740802,3.852666,5.8167033,0.52098876,598685.8,1.0,1.4900856,0
5.7659755,4.5545955,5.7377186,0.39479885,1159048.4,0.0,1.2659688,0
7.943902,7.0581946,8.241608,0.64420336,1002280.5,1.0,1.1254864,1
2.8639984,2.4143608,2.970697,0.6256447,674835.94,0.0,1.1862347,1
1.4702811,1.3007395,1.3263468,0.58515203,143340.05,1.0,1.1303424,1
4.2495046,3.503862,4.5960803,0.37494022,823871.2,0.0,1.2128059,0
4.3593483,3.2760704,4.24423,0.30034512,568813.8,0.0,1.3306638,0
1.5877174,1.5222285,1.5411253,0.5114786,945113.94,1.0,1.0430218,1
4.9822536,4.2689037,4.8891754,0.63943565,618050.94,0.0,1.1671036,1
0.31017292,0.21987979,0.32166687,0.6560559,818514.8,0.0,1.4106476,0
7.4358134,6.636144,7.251432,0.5876573,280056.97,1.0,1.1205021,1
2.2636793,2.0370672,2.2065582,0.43243188,1008197.75,1.0,1.1112443,0
0.5085696,0.3675982,0.46416792,0.3793689,946337.7,1.0,1.3834932,0
1.0443456,0.85763043,1.0269346,0.49746996,480116.72,1.0,1.2177106,0
2.0739417,1.7907789,1.9285495,0.4988924,1158190.8,1.0,1.1581228,1
2.3364682,1.8449844,2.5026326,0.6660943,234453.98,1.0,1.2663891,1
0.45591798,0.37529233,0.4408281,0.42804283,73015.25,1.0,1.2148343,0
2.3789675,2.0854828,2.5982451,0.4405026,927608.06,1.0,1.1407275,0
1.7049456,1.2701335,1.7678676,0.80824864,740652.3,1.0,1.3423357,1
3.1532433,3.0885108,3.3147848,0.73268336,177559.89,1.0,1.0209591,1
3.2043083,2.6915145,3.4912548,0.36758295,233432.64,0.0,1.1905224,0
2.8442605,2.2309854,2.6957529,0.7203128,200510.64,0.0,1.2748898,1
2.7578063,2.4775934,2.7949214,0.33171773,241881.12,1.0,1.1130989,0
0.89990395,0.82229245,0.81724346,0.4348912,580618.44,1.0,1.0943843,0
0.39659858,0.31135166,0.36493087,0.45196348,108606.64,1.0,1.2737963,0
1.7764915,1.6371316,1.7290901,0.48836127,647294.5,0.0,1.0851245,1
6.101866,6.18247,6.324586,0.59296346,746179.4,1.0,0.98696244,1
7.928316,7.655455,8.45427,0.515971,886473.4,1.0,1.0356426,1
7.442504,6.947744,7.0799117,0.5922091,1137938.1,0.0,1.0712116,1
4.132911,3.2401586,4.3387938,0.43972388,144848.7,1.0,1.2755274,0
4.348226,3.4908864,4.108457,0.5561334,90431.555,0.0,1.2455937,1
2.6537364,2.274591,2.3915765,0.51184505,210009.4,1.0,1.1666873,1
6.2367277,4.6537786,5.680927,0.2917505,437911.9,0.0,1.3401428,0
6.165102,5.3815827,6.2705975,0.57245153,654166.0,1.0,1.1455928,1
6.7853246,5.510286,6.7814536,0.5144083,54928.777,0.0,1.2313925,0
7.1849356,5.5028925,6.8550396,0.39291355,846225.1,0.0,1.3056653,0
3.5879242,2.585617,3.2338305,0.4362737,1150414.8,0.0,1.3876472,0
6.1816297,4.835827,6.2657123,0.4399519,337245.75,0.0,1.2782983,0
6.48991,5.2991557,6.902158,0.46326223,60116.594,1.0,1.2247065,1
2.6059852,2.2633028,2.3811119,0.7638437,916232.1,0.0,1.151408,1
7.4480896,6.6845446,7.800346,0.8135382,935557.9,0.0,1.1142255,1
0.93586373,0.69410056,0.96104646,0.091094196,100035.8,1.0,1.3483114,0
7.9552994,6.2860255,7.922452,0.57322615,759920.6,0.0,1.2655531,0
6.2067075,5.867193,5.646045,0.6432427,329265.7,1.0,1.0578666,1
0.92751306,0.68888086,1.0060867,0.46758848,777805.9,0.0,1.3464056,0
5.318591,4.273091,5.294595,0.6392135,885335.3,1.0,1.2446707,1
0.4665994,0.38627225,0.45723075,0.74812514,306154.7,1.0,1.2079548,1
6.207458,5.611715,6.656227,0.2942237,349873.53,0.0,1.1061606,0
6.433939,5.639334,6.8786244,0.5200643,753310.5,1.0,1.140904,1
4.8988,4.174841,5.1214614,0.7935121,719602.0,0.0,1.1734099,1
6.883511,6.9454837,7.3369417,0.3143352,1069091.8,0.0,0.99107724,1
0.9634896,0.937024,0.89109844,0.48271516,636923.7,1.0,1.0282444,1
2.352206,1.847963,2.4749515,0.43274042,969732.5,1.0,1.2728642,0
3.4305847,2.6785328,3.3125958,0.6577839,891808.1,1.0,1.2807701,1
0.53117204,0.44471192,0.5702126,0.6786869,815555.0,0.0,1.1944182,1
3.6960855,2.9450579,3.6001585,0.5243491,270538.94,1.0,1.2550129,1
2.268665,1.9519467,2.066438,0.5048314,367814.5,0.0,1.1622577,1
3.263333,2.5801775,3.2074518,0.24212782,701784.9,1.0,1.2647707,0
3.5158005,2.7097383,3.6963558,0.7134504,125835.21,0.0,1.2974687,1
7.0594115,5.2623873,7.0607276,0.44702506,101806.8,1.0,1.3414845,0
2.3086596,1.9879388,2.4303877,0.47865126,107289.56,1.0,1.1613333,1
7.1711965,6.3890147,6.5046678,0.64574,1109503.9,1.0,1.122426,1
3.5225735,3.543526,3.295131,0.52963996,842210.3,1.0,0.99408716,1
2.7569003,2.0585165,2.7919724,0.6505763,1012275.75,1.0,1.3392655,0
4.119594,3.4252803,4.0251017,0.5905115,1157929.4,1.0,1.2027028,1
3.4583976,3.5094883,3.5830214,0.53056806,856114.5,1.0,0.9854421,1
2.207504,1.8816172,2.4117222,0.5465664,642619.5,1.0,1.1731951,1
4.1208987,3.5894103,4.2526536,0.3315841,600870.6,0.0,1.1480713,0
1.3840535,1.1733036,1.3611786,0.47765297,907931.25,0.0,1.179621,0
2.9450536,1.9879951,2.9700065,0.6626071,1048081.8,1.0,1.4814188,0
4.613164,4.3471785,4.994051,0.365204,1004058.56,0.0,1.0611857,1
3.4245844,2.9859877,3.5430675,0.3927086,616887.1,1.0,1.1468849,0
6.6265163,5.9055314,7.0283213,0.36805636,939535.4,0.0,1.1220864,0
2.2024298,1.839603,2.1150014,0.5230071,598074.44,1.0,1.197231,1
7.7642183,5.7900887,8.143611,0.7103793,492043.44,0.0,1.3409498,1
6.320832,4.775451,5.865013,0.582074,392322.3,1.0,1.3236094,1
7.7472258,7.362989,8.134239,0.17345561,112727.5,1.0,1.0521849,0
6.737465,5.663946,7.2516127,0.59729373,281336.9,0.0,1.1895355,1
1.3084106,0.8807324,1.4131444,0.4336865,889508.1,1.0,1.4855938,0
4.306389,3.6647255,3.9761662,0.5764074,247467.44,1.0,1.1750917,1
1.5258324,1.3786974,1.6265014,0.47757497,1086353.6,1.0,1.1067203,1
6.5821733,5.0733647,6.0686803,0.3709315,140370.05,1.0,1.297398,0
4.756465,3.7842472,4.7359138,0.48927927,108795.91,1.0,1.2569118,1
2.2549047,2.021924,2.3372183,0.43377948,603244.9,0.0,1.1152271,0
7.450872,7.1852894,7.4274006,0.54615724,306063.53,1.0,1.036962,1
1.0984513,0.89896685,1.0632809,0.36709926,168395.88,0.0,1.221904,0
4.598127,4.4738665,4.7671733,0.33128452,118848.14,1.0,1.0277747,0
5.824116,4.3105617,6.011512,0.60981226,656391.0,1.0,1.3511269,0
0.6590186,0.6661373,0.66994417,0.6663259,348383.84,1.0,0.9893135,1
4.863277,4.8887234,4.8909283,0.58700866,689131.4,1.0,0.99479496,1
6.5640297,5.710539,6.834126,0.40268406,220542.45,0.0,1.1494589,0
0.72671306,0.5988108,0.7126202,0.3889895,78087.63,0.0,1.2135938,0
4.195495,3.0351129,3.833649,0.3976266,81348.1,0.0,1.3823193,0
2.216746,1.9244312,2.2333515,0.6335592,179573.78,0.0,1.1518967,1
5.3708105,4.0441904,5.6108384,0.37624267,965448.8,0.0,1.3280311,0
1.1256834,0.7801396,1.080467,0.6326061,565791.1,1.0,1.4429257,0
7.5090013,7.744884,6.969481,0.59553546,767439.5,1.0,0.9695434,1
7.178883,5.7571406,7.770195,0.68565905,1056237.9,1.0,1.2469528,1
1.6506004,1.4623381,1.7706815,0.65947294,294495.6,1.0,1.1287407,1
2.721474,2.2197006,2.785937,0.5813983,1052050.9,0.0,1.2260544,0
4.7835526,3.558576,5.057753,0.27969784,907480.8,1.0,1.3442323,0
5.800886,4.81762,6.3447833,0.59151924,888370.8,0.0,1.204098,1
3.6527169,3.0551832,3.7033136,0.517321,1051347.2,1.0,1.1955804,0
1.4190723,1.1475261,1.3464674,0.44401193,194759.34,1.0,1.2366362,1
1.0123817,0.9339399,1.0404878,0.70433366,671576.3,0.0,1.0839902,1
7.9981694,6.7537546,8.661367,0.47729966,606063.3,1.0,1.1842552,0
3.7517467,3.6398735,3.8944242,0.42058265,813599.5,1.0,1.0307354,1
7.005748,5.7587466,6.3419394,0.6686084,323687.2,0.0,1.2165403,1
3.9625328,3.2864585,4.293113,0.4392361,196425.2,0.0,1.2057152,0
7.3943896,5.40901,7.769544,0.413076,1169460.6,0.0,1.3670504,0
0.8845232,0.6028992,0.8671566,0.3309269,585533.75,1.0,1.4671162,0
1.0893497,1.0739086,1.1955595,0.3769736,316823.34,1.0,1.0143784,1
7.451131,6.4943204,7.7814837,0.3898416,197954.55,1.0,1.1473304,1
7.5904455,6.3210444,8.084495,0.5931571,732638.0,0.0,1.2008215,1
2.6547961,2.2596347,2.8900995,0.34713915,219926.61,0.0,1.1748785,0
2.9702861,2.2714384,2.6967695,0.22132418,260499.03,1.0,1.3076675,0
3.729112,3.3045714,3.9337802,0.5454845,1144975.6,0.0,1.1284707,1
3.4460611,2.827753,3.3677297,0.40490732,83540.516,1.0,1.218657,0
1.6823527,1.7131772,1.8065356,0.49755996,264854.75,0.0,0.9820074,1
7.207328,5.419238,7.7534933,0.69236237,821901.9,0.0,1.3299522,1
2.1757994,1.6869715,2.318801,0.5107317,299428.12,1.0,1.2897664,0
5.7011247,4.677459,6.0194764,0.7264432,259231.0,0.0,1.2188509,1
0.7238143,0.5143107,0.76641554,0.48977798,689975.3,1.0,1.4073482,0
0.5022604,0.50266314,0.48182365,0.6510435,850349.9,1.0,0.99919873,1
5.2990975,4.5330243,5.2000346,0.41788593,545227.7,1.0,1.1689982,1
2.8443236,2.2714798,2.625342,0.5161536,948481.06,1.0,1.2521896,0
5.3125834,3.7792273,5.663842,0.3600548,987491.56,1.0,1.4057326,0
0.9333654,0.9296978,0.9606209,0.37787014,766546.94,1.0,1.0039449,1
7.608841,6.245471,7.7803693,0.46630004,714491.9,1.0,1.2182974,1
6.038413,5.4341607,5.7317557,0.3007199,988750.9,1.0,1.1111952,0
7.0348845,4.9861536,7.196738,0.523904,67284.43,0.0,1.410884,0
1.2644703,1.2877675,1.2529768,0.454586,637230.06,1.0,0.98190886,1
2.6972556,2.2807643,2.964429,0.535187,198042.45,0.0,1.1826104,0
3.0730846,2.7542627,3.2962325,0.30302134,304790.28,1.0,1.1157557,0
4.3899465,3.2128334,4.4127593,0.60525984,1141349.1,0.0,1.3663785,0
2.5155742,1.6403133,2.6707628,0.75464207,54266.773,1.0,1.5335938,1
0.6729198,0.6046629,0.62776756,0.72297996,403066.12,1.0,1.1128842,1
3.0772514,3.142762,2.8319333,0.785586,227515.17,0.0,0.9791551,1
2.1854846,1.6548109,2.2425916,0.50636464,705979.44,1.0,1.3206854,0
3.210186,2.9961932,3.355791,0.44715083,1020898.94,1.0,1.0714215,1
1.7362844,1.2916825,1.5810802,0.5731375,499522.12,1.0,1.3442037,0
2.2427917,1.6532623,2.1086564,0.46426705,1012763.2,1.0,1.3565856,0
5.090228,3.5336185,5.1281686,0.23893443,556271.94,0.0,1.4405144,0
3.2275999,2.3760622,2.9453893,0.62289494,1095400.5,1.0,1.358382,0
2.8939905,2.0037644,2.8500323,0.46483973,1023986.7,1.0,1.4442768,0
4.364464,3.6105566,4.3488216,0.2798971,255642.42,1.0,1.2088064,0
6.2205124,4.314115,6.745287,0.42375767,1067823.6,1.0,1.4418976,0
3.15517,2.9182372,3.0388556,0.468251,271448.7,0.0,1.0811903,1
4.782652,4.0995326,4.4657235,0.5017749,613953.94,1.0,1.1666335,1
7.7363806,7.265663,6.97436,0.50357676,275404.5,0.0,1.0647866,1
4.271445,3.384945,3.9481888,0.70535296,494431.84,0.0,1.261895,1
7.296421,6.1099677,7.662506,0.30671892,1183444.9,1.0,1.1941832,0
6.3906465,4.7966666,6.3202496,0.47717836,929911.25,1.0,1.3323098,0
0.6580057,0.587373,0.6183576,0.36815542,687184.8,1.0,1.1202519,0
3.546971,3.1677673,3.8541586,0.68842524,1125800.2,1.0,1.119707,1
5.6468835,4.4876413,5.9716225,0.4157819,463659.03,0.0,1.2583188,0
7.896353,5.6777406,7.2873306,0.44842553,249186.73,1.0,1.3907561,0
3.775335,3.33072,3.6008823,0.6574543,1003295.5,1.0,1.1334893,1
0.92372656,0.82678765,0.98828423,0.6987162,64001.664,1.0,1.1172477,1
4.5836716,4.1401515,4.7600803,0.7208935,975284.7,0.0,1.1071265,1
1.1871976,1.1664659,1.2929876,0.25353304,75135.74,0.0,1.0177732,0
6.0618525,6.089686,5.54811,0.5724371,377037.5,0.0,0.99542946,1
4.1598806,3.2390213,4.389016,0.54051757,458824.62,1.0,1.2843018,0
5.842765,5.342916,5.347779,0.49231607,416308.5,1.0,1.0935535,1
6.9810224,5.510139,6.752969,0.5099852,329946.84,1.0,1.2669412,1
5.1057944,4.4811125,5.3617673,0.6928661,174405.23,0.0,1.1394033,1
4.977027,3.793356,5.187067,0.65578836,53657.082,1.0,1.312038,1
6.0856485,6.2350674,5.479661,0.634537,940918.6,1.0,0.97603565,1
6.771149,6.521704,6.3675113,0.53103715,575453.1,1.0,1.0382484,1
6.9786196,5.2289386,7.3674316,0.8405886,236235.7,0.0,1.3346149,1
0.48415554,0.39582616,0.44795498,0.43990657,144503.58,1.0,1.2231519,0
4.5382843,3.7640479,4.380696,0.2576058,370203.47,1.0,1.2056925,0
1.8869007,1.6151437,1.7676069,0.4602134,457530.25,1.0,1.1682556,1
6.910698,6.726128,6.373674,0.5086607,580631.2,1.0,1.0274407,1
5.257502,4.037396,5.611464,0.6954776,166211.53,0.0,1.3022013,1
3.4777353,2.8325229,3.172628,0.42335328,1176911.9,0.0,1.2277871,0
1.667213,1.3569267,1.6792336,0.5736845,359058.25,0.0,1.2286685,1
2.8443842,2.3539634,2.95399,0.27841336,557490.25,0.0,1.2083384,0
5.689466,4.865903,5.186051,0.66221267,865367.75,0.0,1.1692518,1
1.7940044,1.2862358,1.841878,0.5102479,406718.84,1.0,1.3947711,0
0.92994696,0.64436966,0.8990849,0.4579166,144871.5,0.0,1.4431887,0
7.126624,5.749898,7.6020346,0.81974787,483021.53,1.0,1.2394348,1
6.1608405,5.4934382,6.5276074,0.66048604,685803.6,0.0,1.1214908,1
1.7584004,1.3456969,1.861761,0.3440237,1018017.0,0.0,1.3066839,0
2.48003,1.8370256,2.4297664,0.48359123,473115.0,0.0,1.3500247,0
7.7821474,7.4153304,8.284171,0.91044796,1072949.1,0.0,1.0494673,1
5.723839,5.4241858,5.872638,0.7968225,677986.7,1.0,1.055244,1
4.9620714,4.114388,4.8416753,0.6384445,875109.6,1.0,1.206029,1
2.599502,1.8833754,2.3814924,0.22294278,84690.766,1.0,1.3802358,0
2.5331762,2.2132092,2.3137114,0.69982255,1080086.4,1.0,1.1445714,1
0.5082842,0.4327333,0.4830125,0.4047222,295464.16,0.0,1.17459,0
5.8821588,4.884247,5.646384,0.6985277,424748.97,1.0,1.2043123,1
0.53676677,0.40142184,0.58266336,0.3915997,652203.56,0.0,1.3371638,0
0.23788723,0.15239218,0.261673,0.57332444,1153804.4,0.0,1.5610199,0
5.890062,4.656726,5.470305,0.4039576,447526.38,0.0,1.2648505,0
7.6012154,7.2300434,8.274331,0.44550794,303577.0,1.0,1.0513375,1
6.1007237,4.982718,6.3527327,0.5933295,1154836.2,1.0,1.2243768,1
3.8787935,2.9521103,3.8777137,0.30216524,979734.0,0.0,1.3139054,0
3.991153,3.1541944,4.354098,0.8558627,812933.25,0.0,1.2653478,1
3.601864,3.4665189,3.7558029,0.34591678,521081.8,1.0,1.0390435,1
2.7322206,1.9516042,2.7833977,0.33752745,533523.25,1.0,1.399987,0
4.269371,3.6422846,4.021343,0.5937701,1143271.0,1.0,1.1721684,1
3.5629776,3.3618562,3.3808694,0.69379115,129302.27,1.0,1.0598245,1
4.8657093,3.8029718,5.266159,0.4514446,921125.25,0.0,1.2794492,0
7.2053366,6.825037,6.794688,0.33927962,741323.06,1.0,1.0557213,1
7.9610734,6.979067,7.2164044,0.36164317,1163700.5,0.0,1.1407075,0
0.81419766,0.5997553,0.7761302,0.34549707,692166.1,1.0,1.3575498,0
3.200531,2.3187587,3.1880846,0.5462269,372621.03,0.0,1.3802779,0
1.6095083,1.2403226,1.5715126,0.48950207,946906.6,1.0,1.297653,0
2.9465396,2.3405354,3.2033617,0.5638749,1183472.9,1.0,1.258917,0
2.4422896,1.9260672,2.4025164,0.5547304,1093571.8,0.0,1.2680188,1
1.5613897,1.511738,1.6828822,0.62364686,388950.1,1.0,1.0328441,1
6.1597934,5.967532,6.276414,0.4385084,448302.84,0.0,1.0322179,1
4.071052,3.2012599,4.090695,0.3892693,918043.25,1.0,1.2717031,0
7.3701158,5.981425,6.869236,0.5234441,737919.06,1.0,1.2321672,1
0.45422107,0.31865364,0.43342063,0.4917515,63354.676,0.0,1.4254382,0
0.7224285,0.6257763,0.77547884,0.5379428,213140.89,0.0,1.1544516,0
3.3455338,2.47641,3.5328553,0.39324304,148315.86,1.0,1.3509612,0
0.8261631,0.77076566,0.81747574,0.5963326,255538.03,1.0,1.0718732,1
2.249291,2.092443,2.4332929,0.323244,400646.22,1.0,1.0749592,1
7.891032,6.0029473,8.394762,0.4339423,1162279.5,0.0,1.3145262,0
1.8298849,1.5768322,1.6879168,0.6693562,827939.75,0.0,1.1604818,1
1.7453184,1.4079615,1.7822949,0.33030275,112975.484,1.0,1.2396066,0
4.674397,4.593322,4.9537797,0.65753645,748469.9,1.0,1.0176507,1
4.084387,3.1982408,4.336266,0.2886351,552163.94,0.0,1.2770729,0
4.727419,3.3480706,4.341038,0.26221612,917145.56,1.0,1.411983,0
3.1385353,2.7792783,2.9656718,0.27592066,1066517.2,1.0,1.1292627,0
6.6487465,4.388697,6.5331106,0.5175209,124995.21,0.0,1.5149705,0
1.2809283,1.0148916,1.2172997,0.6094394,1176922.4,1.0,1.2621331,1
3.5414627,2.4604824,3.2644765,0.69388914,116591.05,1.0,1.4393368,1
5.5801425,4.640864,5.7238874,0.6819306,892229.4,0.0,1.202393,1
6.9722443,6.377024,6.9826655,0.6294048,1088601.8,0.0,1.0933383,1
3.0826585,2.3142478,2.8699489,0.3752325,914477.06,1.0,1.3320348,0
4.6284156,3.6108084,4.708378,0.37392446,223407.81,1.0,1.2818226,0
0.73929155,0.6557914,0.6745318,0.61816883,289191.62,0.0,1.1273273,1
1.5284889,1.1336007,1.4927348,0.7131963,97355.93,1.0,1.3483485,1
0.73927766,0.60797405,0.78252804,0.34532887,200732.7,1.0,1.2159691,0
5.877471,5.112752,6.335972,0.6940999,120168.96,1.0,1.1495708,1
2.4468677,1.890266,2.3221924,0.21194938,111684.58,1.0,1.294457,0
5.8452134,5.280173,6.2654943,0.5584888,696428.6,0.0,1.1070117,1
0.7179066,0.586949,0.7741557,0.4844289,138205.2,1.0,1.2231157,0
6.9278727,5.5476303,7.0759664,0.46937153,538820.9,0.0,1.2487986,0
6.7171354,5.1501036,7.3649063,0.50469065,866112.44,0.0,1.3042719,0
0.8936442,0.6612013,0.8482785,0.37194046,67404.97,0.0,1.3515463,0
0.38530076,0.28367147,0.35208583,0.5669117,784709.25,1.0,1.358264,0
0.63905275,0.559104,0.6829484,0.50910026,920761.44,0.0,1.1429944,1
6.8583155,6.7004423,6.8458753,0.6402967,667170.6,0.0,1.0235616,1
2.0306873,1.8866153,1.9683263,0.73855853,596930.5,0.0,1.0763654,1
4.476532,3.1095314,4.078329,0.51903754,890467.0,1.0,1.4396162,0
3.5247047,3.1436212,3.2177908,0.37719226,659192.5,0.0,1.1212244,0
6.405099,6.1121464,5.880799,0.32931513,635675.5,0.0,1.0479295,0
4.0134068,3.338464,3.7594726,0.7547378,972088.8,1.0,1.2021716,1
4.1051545,3.1504047,4.4913683,0.73555595,1013188.0,1.0,1.3030562,1
7.914917,7.0453267,7.5688834,0.63310575,473680.97,1.0,1.123428,1
1.3710105,0.99317825,1.4579456,0.50897807,527800.94,1.0,1.3804275,0
6.6794906,4.6376123,6.0374765,0.6222748,970874.25,0.0,1.4402865,0
0.603648,0.5403446,0.5821358,0.69566983,676598.3,0.0,1.1171538,1
3.9256604,3.4686031,4.244575,0.40730646,839835.44,0.0,1.1317699,0
7.1134114,5.6932473,6.6653247,0.5044693,136451.3,1.0,1.2494471,0
5.388669,4.381839,5.155904,0.33406466,159674.05,1.0,1.2297734,0
5.544674,5.604486,5.906758,0.48064077,661571.7,1.0,0.98932785,1
2.2538748,1.710494,2.0832076,0.73164105,992111.7,1.0,1.3176748,1
3.4648833,3.3331509,3.1552498,0.66178215,414023.4,1.0,1.0395219,1
3.0593324,2.5461838,3.3444479,0.52025104,1154727.1,1.0,1.2015363,0
4.267257,3.2493424,4.1860013,0.096015036,924374.1,0.0,1.3132678,0
3.805378,3.1323638,3.9255297,0.40163112,948968.44,1.0,1.2148582,0
2.7498071,2.2619338,2.5447352,0.5153609,1009139.06,0.0,1.2156886,0
2.582749,2.0439167,2.4382064,0.46761298,342661.44,0.0,1.2636272,0
2.1566525,1.627235,2.139391,0.5049159,429874.44,0.0,1.3253479,0
3.0473685,2.5115957,3.1541197,0.5363885,186196.56,1.0,1.2133197,1
1.3695436,1.153767,1.3129123,0.4199479,487409.2,1.0,1.1870191,0
7.0024137,6.051971,7.5410867,0.49887034,91206.984,1.0,1.1570468,1
4.896531,4.620642,5.1718574,0.4775835,914210.6,1.0,1.0597079,1
1.2435341,1.0597303,1.256357,0.3945196,972940.7,0.0,1.1734439,0
5.612103,4.518335,5.5663204,0.77695066,295665.84,0.0,1.2420732,1
6.8117986,5.6854196,6.9746585,0.42853123,613383.9,0.0,1.1981171,0
2.0527782,1.7204918,2.147889,0.16186862,822791.7,0.0,1.1931347,0
1.3746847,1.0131301,1.2743189,0.76748985,903921.6,1.0,1.3568687,1
0.2672146,0.1941048,0.28606078,0.37305862,1164854.1,0.0,1.3766512,0
0.5685527,0.38768956,0.56734765,0.6349863,280751.28,1.0,1.4665153,0
6.1455607,4.9942303,6.680647,0.39786702,333732.5,1.0,1.230532,0
7.9000535,7.6819806,8.619815,0.5853917,1031961.0,0.0,1.0283875,1
0.55006653,0.46249157,0.49843913,0.49277788,161795.2,1.0,1.1893547,1
6.0349536,4.7522583,5.895523,0.6500496,953764.6,1.0,1.2699127,1
0.76052487,0.6004816,0.7645136,0.46794435,203341.83,1.0,1.2665248,1
4.818636,4.349299,4.8567953,0.40170202,584141.3,0.0,1.107911,0
6.0973873,4.877549,6.4905386,0.538553,731079.6,1.0,1.2500924,1
3.0017943,2.421264,2.7863278,0.44262624,933059.2,1.0,1.2397633,0
0.28529084,0.2685699,0.29227945,0.21062407,181709.12,1.0,1.0622592,0
4.842477,3.515132,5.27113,0.4097749,997666.8,0.0,1.3776089,0
7.9317083,6.378652,8.71963,0.9303154,1028141.2,1.0,1.2434771,1
2.209416,1.9066527,1.9929309,0.22679406,962524.4,0.0,1.1587931,0
1.6780319,1.4308809,1.8366286,0.5361575,1127907.9,1.0,1.1727265,1
1.1666219,1.0782762,1.0784744,0.4635656,1053058.9,0.0,1.0819324,1
4.530994,4.283658,4.5644784,0.775463,933175.56,1.0,1.0577395,1
4.8522716,3.7949395,4.6061354,0.33334425,716236.2,0.0,1.2786163,0
6.3797126,4.51243,6.5154614,0.5151955,979918.25,1.0,1.4138086,0
6.0739717,5.508485,5.5115542,0.60292965,1171632.8,1.0,1.1026574,1
7.1618237,6.878951,6.7870207,0.4731058,782917.1,0.0,1.0411215,1
6.485027,6.6039877,6.2263727,0.38486704,328995.9,0.0,0.9819865,1
2.1286833,2.0822284,2.3056223,0.49667057,335022.75,1.0,1.0223103,1
4.535844,3.249934,4.61171,0.45357555,965385.3,1.0,1.3956726,0
2.5198133,2.290694,2.6247432,0.45315462,1187867.5,1.0,1.1000218,1
2.772326,2.5572042,2.8699203,0.63960683,291858.62,0.0,1.0841238,1
7.4691663,6.785243,7.308263,0.56044245,1165597.4,0.0,1.1007956,1
5.518788,4.7599216,4.982385,0.58276504,358532.53,1.0,1.1594284,1
7.801805,5.970033,7.188616,0.54954445,524723.4,1.0,1.3068278,1
3.451918,2.8117242,3.4234798,0.64398205,1094376.2,0.0,1.2276872,1
4.392013,3.5164776,4.7796474,0.69563895,1156086.6,0.0,1.2489809,1
3.9995003,2.6522086,3.7985315,0.456993,701997.56,1.0,1.5079886,0
1.036839,0.9733318,1.077964,0.62292033,1142604.0,1.0,1.0652473,1
2.0462756,2.0690324,2.1799366,0.30557176,1018781.94,1.0,0.9890012,0
4.3155637,4.1763105,4.666665,0.1620416,1046354.9,1.0,1.0333437,0
0.7255196,0.5584905,0.69555366,0.77396077,1048485.56,1.0,1.2990723,1
7.465403,5.0618014,8.109344,0.44999623,494186.12,0.0,1.474851,0
1.1659807,0.949264,1.1911618,0.53787094,85265.98,1.0,1.2282997,0
1.7442498,1.6370128,1.7471825,0.31621763,239350.11,1.0,1.0655078,1
6.1695056,5.3156686,6.5130143,0.30929846,135638.62,0.0,1.1606265,0
0.95608944,0.9856366,0.9061266,0.39305842,328757.94,0.0,0.97002226,1
7.2221694,5.40519,7.673671,0.59643465,113587.984,0.0,1.3361545,0
5.8604674,4.901184,6.0362377,0.42251858,368481.84,0.0,1.1957248,0
0.73524266,0.63126516,0.77926403,0.44963142,727304.06,0.0,1.1647129,1
5.596407,3.9600468,5.9945602,0.38832334,212218.84,0.0,1.4132174,0
5.126703,4.867546,5.2470236,0.6748682,413104.25,1.0,1.0532417,1
6.1073256,5.387047,5.541464,0.6302795,307756.4,0.0,1.1337056,1
6.659943,4.4477544,6.3905454,0.42737776,159367.53,1.0,1.4973722,0
5.8031344,4.1201077,6.241874,0.60261744,827513.4,1.0,1.4084909,0
4.7721753,4.6992044,4.893347,0.46321446,1076980.2,0.0,1.0155283,1
2.7152138,2.5030322,2.9270313,0.4493676,873391.9,1.0,1.0847698,1
5.6387343,4.7492847,5.508512,0.49254337,836846.44,1.0,1.1872808,1
7.664378,7.282876,7.671625,0.5964851,1180471.0,1.0,1.0523835,1
4.78267,3.6432376,5.129502,0.36617008,890966.4,1.0,1.3127527,0
5.38189,5.0807,5.6639347,0.57535917,104168.01,1.0,1.0592812,1
3.6095986,3.3852203,3.5211644,0.8746731,300983.4,1.0,1.0662818,1
6.097742,4.611651,5.515567,0.5274682,783081.44,1.0,1.3222471,0
7.981806,6.9132094,8.588965,0.50535774,784901.0,0.0,1.1545731,1
1.4510367,1.1459728,1.5341396,0.48737484,1007488.2,1.0,1.2662052,0
1.7787611,1.3016938,1.7606751,0.57173175,232660.03,1.0,1.3664974,1
4.4076147,3.3604531,4.4483767,0.25843942,1178399.4,1.0,1.3116131,0
3.9547281,3.7633402,3.720855,0.75516266,643734.6,1.0,1.0508559,1
4.658244,3.1287117,4.5763535,0.64717805,1108474.4,0.0,1.4888698,0
0.58277756,0.48650226,0.54352117,0.4033226,658744.5,1.0,1.1978928,0
3.3533564,3.0398912,3.1592436,0.5047321,264952.03,1.0,1.1031172,1
4.7472305,3.4568024,5.0760894,0.41639778,453671.66,1.0,1.373301,0
4.7644925,4.5103545,4.633443,0.5448853,304341.28,1.0,1.0563455,1
5.3272047,5.3342814,5.662524,0.50920266,353859.34,1.0,0.99867344,1
5.817685,4.3864264,5.7873163,0.534295,1073911.5,0.0,1.3262925,0
5.204068,3.5403502,4.757328,0.34575176,484003.78,1.0,1.4699304,0
6.363897,6.2243514,6.187651,0.42776847,260071.6,1.0,1.0224192,1
5.073133,3.8997645,4.726408,0.6719087,469223.7,0.0,1.3008819,1
4.39256,2.964377,4.5626187,0.4199313,759846.3,0.0,1.4817818,0
4.9283323,4.5639706,5.3338294,0.10347582,281019.03,1.0,1.0798343,0
0.98930824,0.90003586,1.0413609,0.47740543,108628.21,1.0,1.0991876,1
2.330621,2.0603366,2.4604075,0.86172366,1052938.0,0.0,1.1311846,1
4.3137183,3.5649455,4.6259165,0.6273317,325103.38,1.0,1.2100377,1
7.0093,6.8388767,7.3971453,0.41237813,1126817.2,0.0,1.0249197,1
5.496602,4.886846,5.571986,0.49240974,104215.66,1.0,1.124775,1
0.905183,0.81125456,0.94397485,0.6019789,798463.94,0.0,1.1157817,1
4.8197446,4.308215,4.7387295,0.23656224,815028.94,0.0,1.1187335,0
1.9295563,1.754947,1.7639185,0.37159115,229432.42,0.0,1.0994955,0
5.925329,5.0410757,6.168955,0.55975205,815016.9,1.0,1.1754097,1
6.6540384,4.998742,6.9490266,0.739173,495783.22,0.0,1.3311427,1
4.828959,3.8216207,4.5621324,0.43410152,489034.3,1.0,1.2635893,0
4.8126283,3.89701,5.249559,0.7350526,1059101.4,1.0,1.234954,1
2.8410132,2.3890305,2.586749,0.38685146,1145276.8,1.0,1.1891909,0
3.6807501,2.914564,3.8544514,0.0,245631.02,1.0,1.262882,0
6.9400454,5.89425,7.590297,0.6115716,836713.9,1.0,1.1774263,1
5.8418984,4.4397483,5.618913,0.5810598,227916.67,0.0,1.3158175,1
4.2540784,2.7239554,4.6050105,0.6104276,90250.586,0.0,1.5617285,0
3.0722127,2.3159685,3.272789,0.60456574,221960.47,1.0,1.3265346,1
0.59296197,0.46522874,0.62191147,0.5287625,779854.25,1.0,1.2745601,0
1.3154577,1.1939732,1.4348464,0.46117774,885403.0,1.0,1.1017481,1
1.7055964,1.4606156,1.7581483,0.46689674,633092.2,0.0,1.1677244,0
3.1123917,2.2137632,3.109205,0.4309398,1144415.5,0.0,1.405928,0
7.5643206,6.923982,7.830102,0.43994138,928798.8,1.0,1.0924813,1
4.1401963,2.9747813,4.067183,0.22834478,235860.95,1.0,1.391765,0
2.0317533,1.5302845,1.9605961,0.3178538,289128.25,1.0,1.3276963,0
1.0248511,0.99877954,0.9392239,0.47548681,735494.25,1.0,1.0261034,1
2.838783,2.311377,2.7695217,0.16386995,433295.7,1.0,1.2281783,0
6.562699,5.9649124,6.9606547,0.19882403,51027.043,1.0,1.1002171,0
3.1900737,3.039854,3.4742684,0.44985768,77938.44,1.0,1.0494168,1
6.2255454,5.660039,6.817161,0.48075035,519313.84,1.0,1.099912,1
6.4610987,4.749636,6.081866,0.4529967,652157.6,0.0,1.3603356,0
1.064402,0.9469984,1.0796084,0.1430139,801316.56,0.0,1.1239744,0
4.947546,4.1269464,5.0224996,0.73285925,927610.8,1.0,1.1988393,1
7.680949,5.9406686,7.1832967,0.2845654,1164072.8,1.0,1.2929436,0
3.336677,3.2871122,3.3911505,0.37727582,1014695.1,0.0,1.0150784,1
0.5973639,0.5065611,0.5809678,0.3107348,459331.44,1.0,1.1792533,0
7.401761,7.3940215,8.056679,0.6948546,664897.94,1.0,1.0010468,1
7.092597,5.888346,6.7453465,0.563213,298308.0,0.0,1.2045143,1
4.272703,3.6521688,4.5589414,0.42901352,1164066.1,1.0,1.1699085,0
4.5075746,3.5391295,4.8653455,0.4184516,665759.4,0.0,1.2736393,0
1.8515806,1.6895664,1.9389279,0.526939,337120.78,0.0,1.095891,1
6.591716,5.5488815,6.215563,0.31301686,882650.3,0.0,1.187936,0
4.0890803,2.9746504,3.8931062,0.5571109,611073.9,1.0,1.3746424,0
0.4642468,0.29983148,0.5079898,0.41770327,1196233.9,1.0,1.5483592,0
5.527517,5.361192,5.058594,0.5779459,135917.17,1.0,1.0310237,1
7.613871,5.5469823,7.0307794,0.5728584,435793.0,1.0,1.372615,0
6.6673737,6.06391,7.3055344,0.41095826,1133129.6,0.0,1.0995172,0
2.3621454,2.1216326,2.4929585,0.19209327,580379.94,0.0,1.1133622,0
0.6159357,0.4831217,0.64628696,0.46297622,408563.7,1.0,1.274908,0
7.534741,6.6658454,7.0226917,0.28257903,745603.06,1.0,1.1303504,0
7.5090895,5.276224,7.4924774,0.5117952,814167.56,1.0,1.4231938,0
4.3528395,4.2577467,4.6494966,0.46151423,156728.61,1.0,1.0223341,1
5.210076,5.184144,5.0317564,0.41180077,348295.47,0.0,1.0050021,1
3.8082805,3.1249142,3.574273,0.30566567,405321.6,1.0,1.2186832,0
3.47417,3.118055,3.1343582,0.6780184,332682.12,1.0,1.1142105,1
1.1316978,0.9591512,1.159434,0.43194765,490309.25,1.0,1.1798952,0
0.95467263,0.9385005,0.9153039,0.8530026,434914.78,0.0,1.0172318,1
2.0153108,1.6206979,2.1618934,0.5052394,891134.9,0.0,1.2434833,0
6.7257977,5.790682,6.434595,0.5527384,738774.7,1.0,1.1614864,1
1.337492,1.2981759,1.244289,0.50588185,543573.44,1.0,1.0302856,1
1.9682494,1.3358953,2.1495047,0.55123574,280004.62,1.0,1.4733561,0
4.47919,3.539295,4.8955545,0.6639031,533735.4,0.0,1.2655599,1
1.8780235,1.364414,1.9475193,0.665634,257556.62,1.0,1.3764323,0
1.4730121,1.2350451,1.5992156,0.23500884,1144967.8,0.0,1.1926788,0
4.593867,3.51589,4.2831683,0.6283246,249839.67,1.0,1.3066014,1
3.0711274,2.8254254,3.046768,0.5745709,1037479.0,0.0,1.0869612,1
5.0840425,4.2769384,4.783229,0.50538385,757917.9,1.0,1.1887107,1
7.3152018,5.6614904,7.2841606,0.75688267,982440.5,0.0,1.2920982,1
1.3777465,1.3014941,1.4579803,0.762915,1071845.6,1.0,1.0585883,1
7.3247824,7.2209606,7.8300867,0.63568944,974582.7,0.0,1.0143778,1
7.239422,6.790996,6.521509,0.4184699,727689.1,0.0,1.0660324,0
6.666883,5.7495527,6.5195494,0.32112753,357042.94,1.0,1.1595482,0
5.12403,3.6863408,5.630355,0.61316,809006.75,0.0,1.3900044,0
5.0371437,4.1893134,5.1271224,0.70393,55570.082,1.0,1.2023793,1
5.1858587,3.3735669,4.9744787,0.19570133,484086.25,0.0,1.5372036,0
5.5858655,4.1867566,5.4618526,0.6629442,1036658.25,1.0,1.3341748,1
0.32856116,0.3033446,0.31690145,0.46177018,717616.6,1.0,1.0831283,1
7.673122,7.334112,7.5927052,0.22864957,349717.25,1.0,1.0462238,0
4.7677093,3.6380327,4.714775,0.5704094,1076008.0,0.0,1.3105185,0
6.2954335,4.4045057,6.3040752,0.636408,67559.42,1.0,1.4293168,0
3.1427984,3.2422397,3.1204882,0.4472977,1065363.9,0.0,0.9693294,1
0.29669827,0.22703002,0.29765445,0.3413968,923372.4,1.0,1.306868,0
4.1759305,3.2996976,3.7817132,0.75681365,218332.69,1.0,1.2655494,1
4.156083,3.195797,3.785715,0.39970446,122339.97,0.0,1.3004841,0
3.6085165,2.652104,3.5155206,0.67392087,1143920.8,0.0,1.3606241,0
2.849793,2.2409415,3.0691938,0.27304244,127088.164,1.0,1.2716945,0
2.1486435,2.2002296,2.2736225,0.56240076,1169825.9,1.0,0.97655416,1
4.31485,3.1503506,3.9784243,0.5581261,533723.4,0.0,1.3696412,0
3.1271694,2.6171677,3.1239367,0.6310124,456529.97,1.0,1.1948678,1
7.7654686,6.9969583,7.9279027,0.7239475,797550.6,0.0,1.1098349,1
1.548833,1.2138021,1.5430061,0.37795556,620453.75,1.0,1.2760178,0
2.6933913,2.2700152,2.7998164,0.57811624,498554.97,0.0,1.1865082,1
2.4928918,2.0231934,2.7408164,0.2950149,786186.0,1.0,1.2321569,0
4.4378114,3.6977413,4.079657,0.29331276,452576.5,1.0,1.2001412,0
4.094386,3.32705,4.1071067,0.41324982,89506.76,0.0,1.2306355,0
5.2211757,4.7273774,5.234094,0.5613991,998335.3,1.0,1.104455,1
7.610014,7.100632,7.7049546,0.7515302,641835.25,0.0,1.0717375,1
2.4247246,2.2552412,2.263222,0.77884185,839687.2,1.0,1.0751508,1
5.603618,4.1717477,5.758679,0.4467663,711449.94,1.0,1.3432305,0
0.3953136,0.32306644,0.35928795,0.5458302,756321.2,0.0,1.2236294,1
2.2466302,2.1230428,2.354973,0.6414508,301780.7,1.0,1.0582124,1
3.817014,2.7799857,3.9415703,0.6148074,1124859.8,0.0,1.3730336,0
0.44175935,0.40192387,0.42677698,0.47458148,564881.1,1.0,1.099112,1
5.017822,3.8818963,5.508554,0.5114158,1108111.2,1.0,1.2926213,0
5.490823,4.41291,5.8518753,0.48347285,977955.75,1.0,1.2442635,0
6.0245075,6.0719137,6.072144,0.46874392,878094.1,1.0,0.9921925,1
4.229281,3.330875,4.644182,0.44878843,579135.56,1.0,1.2697208,0
4.9107685,4.087724,5.234968,0.48205122,76040.19,1.0,1.2013453,0
3.289309,2.6100087,3.051148,0.4391279,412493.97,1.0,1.2602674,0
0.52177364,0.5057382,0.5312763,0.32968736,814586.25,0.0,1.031707,0
0.97962445,0.7553265,0.9954665,0.629387,430251.34,1.0,1.296955,1
5.308968,4.5346007,5.4713645,0.57743865,163996.47,1.0,1.1707686,1
7.9653316,7.8296103,8.667486,0.7814891,645422.6,1.0,1.0173343,1
0.32326525,0.30066037,0.3227501,0.55542773,227651.48,1.0,1.0751842,1
4.5491514,4.2417426,4.16464,0.43745598,402153.6,0.0,1.0724722,1
6.0578685,5.3351164,6.032827,0.40603468,627200.0,0.0,1.1354706,1
6.648844,5.0949335,7.0315437,0.50710493,183721.8,1.0,1.3049912,0
4.452598,4.2672615,4.3266864,0.5829313,179407.81,0.0,1.0434322,1
5.0353446,4.030355,4.559107,0.4632934,291602.16,1.0,1.2493552,1
5.6344547,3.9714277,5.412731,0.27946138,730576.5,0.0,1.4187479,0
6.8999367,4.8916073,7.1513014,0.38914844,1123177.6,1.0,1.4105663,0
1.1538584,0.9365335,1.0583211,0.5027037,324892.16,1.0,1.2320524,1
7.424221,5.221992,7.2400484,0.61104256,877797.25,0.0,1.421722,0
0.40293574,0.35851753,0.3733708,0.27712643,267785.28,1.0,1.1238942,0
6.722358,5.1549554,6.689995,0.5397625,780842.25,0.0,1.3040574,0
0.79857534,0.6668437,0.74131966,0.53316796,208377.28,0.0,1.1975449,0
1.7181001,1.2018229,1.5837573,0.43226352,1022188.25,1.0,1.4295784,0
0.23037434,0.22391835,0.2394879,0.41196167,903885.3,0.0,1.0288318,0
3.6730022,2.8097296,3.42177,0.38955143,832835.44,0.0,1.3072441,0
2.808002,2.1037688,2.6141353,0.52112097,66861.04,0.0,1.3347484,0
1.4947447,1.1717478,1.5224032,0.6690228,1011871.3,0.0,1.275654,1
3.7185032,3.1348338,3.3790736,0.67966765,223478.1,0.0,1.1861883,1
3.3384929,2.8790288,3.0266728,0.33140296,663512.4,1.0,1.15959,0
6.187756,5.51206,6.102917,0.47195327,943160.9,1.0,1.122585,1
7.166416,5.3518414,6.97306,0.17097352,776421.1,0.0,1.3390561,0
5.2900248,5.168094,5.337232,0.5163776,991878.44,0.0,1.023593,1
1.170401,1.0161275,1.285916,0.5896472,865179.94,0.0,1.151825,0
2.504048,1.6666758,2.4713485,0.73564416,919487.56,0.0,1.5024207,0
7.3238826,6.812257,7.4352913,0.23203139,393584.12,0.0,1.0751038,0
0.89212906,0.744895,0.96693295,0.336791,485971.7,1.0,1.1976576,0
3.3734756,2.8422348,3.3621266,0.5216205,626670.9,1.0,1.1869096,1
7.551536,6.118309,7.9761143,0.25724176,724084.9,1.0,1.2342521,0
7.6151857,6.339255,7.6892853,0.5258318,845421.7,1.0,1.2012746,1
3.4073849,2.9575477,3.5008883,0.59345037,688910.94,1.0,1.152098,1
5.405696,3.983637,5.873291,0.30780685,867025.8,0.0,1.356975,0
3.7626157,2.9234262,3.3868837,0.5198878,223362.84,0.0,1.2870569,0
6.076992,6.2907696,6.564294,0.31816837,503843.6,1.0,0.96601725,1
0.4463344,0.41441172,0.44612834,0.7063139,1100301.2,1.0,1.0770313,1
1.3244258,1.1234703,1.3527061,0.5309969,299500.66,1.0,1.1788703,1
4.990751,3.575545,4.940901,0.4039904,215210.0,1.0,1.3958014,0
2.0139077,1.8222448,1.91761,0.31427878,906529.0,1.0,1.1051795,0
5.395208,4.2417493,4.926912,0.55837244,273593.53,1.0,1.27193,0
2.9395387,2.303019,3.2012317,0.70369035,576250.94,1.0,1.276385,1
7.115835,4.7891207,7.292132,0.38427442,868606.44,1.0,1.4858334,0
6.5902233,5.7465625,7.082474,0.4340533,607577.6,1.0,1.1468114,1
4.0441346,3.4351227,3.874935,0.3871789,1086737.6,0.0,1.1772898,0
6.228582,4.235748,5.952031,0.7333239,1059870.8,0.0,1.4704798,0
2.3148756,1.738756,2.2388477,0.21370393,628393.1,0.0,1.3313401,0
4.0552263,3.2732031,3.8370862,0.69283897,1154976.8,1.0,1.2389168,1
1.74036,1.4465517,1.7396537,0.4434203,385539.94,1.0,1.2031095,0
6.914912,6.305821,7.5182266,0.48925772,318975.72,0.0,1.0965918,1
6.6199274,4.7930717,7.117829,0.4489048,820781.6,0.0,1.3811451,0
7.2367673,6.1224194,7.2296762,0.5359401,708699.4,1.0,1.182011,1
7.0443206,6.851428,6.8312473,0.3905302,338772.94,1.0,1.0281537,1
7.6848507,6.618907,7.8565116,0.65875745,476801.2,1.0,1.1610453,1
1.9810226,1.574346,2.0254998,0.6648496,317981.06,0.0,1.2583147,1
7.4682293,6.833143,7.7427077,0.35248864,322523.72,0.0,1.092942,0
4.6554627,3.9171333,4.6886096,0.60012007,472706.56,0.0,1.1884872,1
3.4954617,2.318498,3.16462,0.44652593,1112852.6,0.0,1.5076406,0
4.570916,3.665695,4.1833453,0.507745,1010132.56,0.0,1.2469441,0
2.8722985,2.7427864,3.144463,0.72877264,639280.94,0.0,1.0472192,1
2.4507134,2.0316498,2.571404,0.39889488,599434.94,1.0,1.2062676,0
2.0822518,1.9380454,2.2689245,0.6389824,86200.3,1.0,1.0744082,1
0.8429383,0.669715,0.8158843,0.56856877,581640.56,0.0,1.2586522,0
4.0732064,3.1585696,4.1016774,0.47089577,767343.4,1.0,1.2895731,0
7.1245413,5.1270013,6.870839,0.5551105,945378.75,0.0,1.3896117,0
5.1151853,4.6595926,5.533541,0.5372618,459376.66,1.0,1.0977752,1
4.26361,2.8863146,4.0826054,0.326247,1107297.1,0.0,1.4771813,0
3.5430248,2.9793494,3.6803603,0.40899143,1016221.7,1.0,1.1891941,0
3.8223326,3.0058427,3.5739236,0.34321213,144568.45,0.0,1.2716343,0
1.8323634,1.4738433,1.6876987,0.45850718,1088390.2,1.0,1.2432551,0
6.6189,5.400935,6.163036,0.7017553,306253.66,1.0,1.2255099,1
1.7473872,1.2703121,1.757681,0.58715415,1111815.8,0.0,1.3755574,0
5.7896576,4.530529,6.1886125,0.28511164,775281.8,1.0,1.2779208,0
6.127883,6.1578555,6.7397885,0.45899484,523708.28,1.0,0.9951326,1
4.6839786,3.3521087,4.7989073,0.5350437,551918.8,0.0,1.3973229,0
6.9308257,5.560868,6.9774055,0.6116133,697206.94,0.0,1.2463568,0
2.4701927,1.8134034,2.6119237,0.40238494,1020453.8,1.0,1.3621861,0
7.0766144,5.980146,6.4591713,0.31438524,1012460.9,1.0,1.1833514,0
5.8894014,5.027831,6.2538347,0.49154857,527138.5,0.0,1.1713603,1
6.4302487,5.105971,6.7625375,0.58535445,1026381.3,1.0,1.2593586,1
5.383722,4.6654363,5.41553,0.535227,592747.25,1.0,1.1539589,1
6.8014755,6.062763,6.152597,0.36729836,530183.56,1.0,1.1218442,0
7.9461713,6.265767,7.4728923,0.76319283,329741.44,1.0,1.2681881,1
3.4772704,3.1374521,3.3866613,0.48517767,1002119.5,0.0,1.1083102,1
6.5485425,6.283626,7.126415,0.52905655,763073.06,1.0,1.0421598,1
6.007722,4.3846064,6.174123,0.4007049,545785.5,1.0,1.370185,0
3.7323873,2.734699,3.739921,0.6659762,811733.1,1.0,1.3648256,0
7.430202,5.1929617,7.4130034,0.58577704,1040163.8,0.0,1.4308217,0
3.2765222,2.598608,3.4599917,0.5471995,277497.4,1.0,1.2608759,0
4.6106343,3.7105901,4.447999,0.32725176,501308.38,0.0,1.2425609,0
1.0263504,0.84964234,0.94311845,0.6641045,487345.44,0.0,1.2079793,1
1.9610465,1.522075,2.0304844,0.61353546,137425.14,0.0,1.2884033,1
6.75743,5.2663713,6.5263476,0.65224004,434178.5,0.0,1.2831283,1
3.2931113,2.505505,3.1782427,0.5055544,926061.94,1.0,1.3143502,0
3.273856,3.3267589,3.2442048,0.4887708,341341.16,0.0,0.9840977,1
2.1186519,2.022268,2.0096405,0.47268608,982552.3,1.0,1.0476613,1
4.0345607,2.6311953,4.3748374,0.8418497,1148541.6,1.0,1.5333565,1
6.485372,5.656618,6.9354186,0.41863307,307566.03,1.0,1.1465106,1
7.18228,5.460589,7.8877068,0.32206327,521116.25,0.0,1.3152941,0
0.7468926,0.69343,0.8162862,0.44401157,201034.14,1.0,1.0770987,1
4.683602,3.7757638,4.509798,0.42003095,845965.7,0.0,1.2404382,0
3.8447323,3.4662569,3.7529185,0.688977,604530.0,1.0,1.1091884,1
4.9913983,3.4828467,5.1893153,0.29660115,727017.94,0.0,1.4331375,0
3.6887503,2.7590244,3.3315656,0.41580638,945497.3,1.0,1.3369764,0
3.3094296,3.2320366,3.6363277,0.52857846,942606.0,0.0,1.0239456,1
3.8806696,2.838203,3.5010183,0.6902439,643372.0,1.0,1.3672981,1
4.739593,3.6487894,4.769439,0.60696983,1064669.0,1.0,1.2989495,1
4.107669,3.446337,4.246262,0.7428526,1121721.0,1.0,1.1918942,1
3.8827267,3.5745978,4.20433,0.5518689,775320.3,1.0,1.0861996,1
6.5791154,5.980084,6.768773,0.4694571,94167.36,1.0,1.1001711,1
6.016054,5.1583548,6.132728,0.6283335,942360.56,1.0,1.1662738,1
2.8627522,2.587934,2.748448,0.29492587,1075704.8,0.0,1.1061921,0
6.4445014,4.9151144,6.5616903,0.24351725,690134.44,1.0,1.31116,0
6.858475,6.162125,7.2009897,0.64643955,855411.56,0.0,1.1130049,1
1.3972392,1.35622,1.4015963,0.53158504,459450.88,0.0,1.0302452,1
4.744923,4.5903172,5.010293,0.6446006,627420.06,1.0,1.0336809,1
2.4254336,1.8001997,2.2166586,0.37214413,967822.3,1.0,1.3473135,0
5.965544,4.571587,5.7691317,0.69271755,1057355.4,0.0,1.3049176,1
2.0625255,1.7995081,2.252201,0.6005538,182498.7,1.0,1.1461607,1
5.4369473,4.171745,5.2449627,0.49533194,69763.81,1.0,1.3032789,0
2.1899724,1.5770322,2.2433443,0.5311022,479630.66,1.0,1.3886667,0
4.186921,4.089739,4.2035728,0.5520392,499555.25,0.0,1.0237626,1
7.5994425,6.7158084,8.2630625,0.37149018,939329.94,1.0,1.1315752,0
3.1741989,2.3119671,2.960113,0.4422478,59886.812,1.0,1.3729429,0
7.0307603,4.989699,6.748669,0.5496684,928603.75,1.0,1.409055,0
7.8981676,5.2230096,8.470592,0.4362299,666775.44,1.0,1.5121871,0
7.0238366,6.697969,7.2573123,0.27958718,852499.2,0.0,1.0486517,0
1.493755,1.271535,1.5066161,0.5442333,635647.4,0.0,1.1747652,0
6.593334,4.553942,6.454743,0.62540513,959333.6,1.0,1.4478301,0
0.45076528,0.3730892,0.4427701,0.66028017,552629.8,1.0,1.2081971,1
3.2677548,2.3742046,3.5519989,0.57984656,447717.0,1.0,1.3763577,0
6.99172,5.036454,7.2309427,0.6227461,781996.94,1.0,1.3882227,0
5.572267,4.5618973,6.0504775,0.64812636,561111.7,0.0,1.2214803,1
4.3553753,3.761084,4.766685,0.51194835,398940.4,1.0,1.1580106,1
3.2253394,2.432109,3.2556627,0.1821625,1100578.4,0.0,1.3261491,0
6.5359163,4.737301,6.679561,0.6739672,881764.6,1.0,1.379671,1
5.7345557,4.4972873,5.9138923,0.36600226,276409.06,1.0,1.2751143,0
3.8535614,2.8774526,4.114963,0.33036846,901121.9,1.0,1.3392268,0
7.161378,5.024828,7.389212,0.33448887,340256.34,0.0,1.4251986,0
1.9935945,1.350201,1.8399472,0.8726867,545964.3,1.0,1.4765168,1
1.5290538,1.0643816,1.6643536,0.5660822,300035.34,0.0,1.4365654,0
5.2138696,4.21199,5.3816876,0.34375754,180292.52,1.0,1.2378637,0
7.7815557,6.6042757,8.357263,0.39748752,508923.22,1.0,1.1782603,1
2.1286013,1.5584902,2.0965607,0.49989125,688343.6,1.0,1.3658099,0
2.147429,2.0856712,2.13657,0.5813606,397439.94,1.0,1.0296105,1
1.2880911,1.0930948,1.3367438,0.54189384,136253.45,0.0,1.1783891,1
6.912396,4.841345,7.2945185,0.36070904,337082.9,1.0,1.4277842,0
1.9659008,1.2622335,1.8001591,0.54757196,332506.0,0.0,1.557478,0
4.1247926,3.0650966,4.048354,0.40832183,729365.06,1.0,1.3457301,0
7.9288054,5.7474875,8.356733,0.65703726,374470.97,0.0,1.3795254,1
0.294699,0.22923192,0.3237113,0.5084445,663842.25,1.0,1.2855933,0
4.5405917,3.0709348,4.097105,0.38609987,590890.56,0.0,1.4785699,0
4.1958547,4.0725417,3.9984884,0.6033431,356311.47,0.0,1.030279,1
6.4980893,5.145038,6.452406,0.5574868,902399.75,0.0,1.2629819,1
2.971196,2.7517118,2.8065572,0.42877015,817729.9,1.0,1.0797627,1
3.4006627,3.1206422,3.078907,0.6095138,832313.94,0.0,1.0897317,1
1.5099163,1.1894308,1.5218576,0.59436756,548618.4,1.0,1.2694443,1
5.9783587,5.910283,6.1569905,0.68027335,414085.8,1.0,1.0115182,1
6.3207293,6.1749954,6.2146196,0.6065208,729352.1,1.0,1.0236007,1
1.2659739,0.9375316,1.2330277,0.46790797,1152953.9,0.0,1.3503267,0
3.2689652,2.5139794,3.586454,0.24642052,549054.2,1.0,1.3003149,0
7.164659,5.6441164,7.1324587,0.527997,815075.9,1.0,1.2694031,1
0.22111674,0.17159273,0.23429836,0.5512706,558702.1,1.0,1.2886137,0
2.5303206,2.0278802,2.4226172,0.5076795,1122491.9,0.0,1.2477664,0
4.52933,3.3920367,4.828436,0.04836884,354424.2,0.0,1.3352833,0
2.805932,2.3951037,2.987588,0.6018245,577159.94,0.0,1.1715285,1
2.3219526,2.1593082,2.2140756,0.36319247,617700.1,1.0,1.0753224,0
3.7882924,2.78874,3.9063773,0.6028584,887945.2,1.0,1.3584244,1
1.6158803,1.4082845,1.6747031,0.7551027,879505.2,0.0,1.1474103,1
4.331077,3.383152,4.2813697,0.46208036,900358.2,1.0,1.2801899,0
5.7122283,5.0887713,6.0250072,0.5657726,892881.3,0.0,1.1225162,1
4.6873007,4.2558093,4.5062633,0.50491667,590222.0,0.0,1.1013888,1
0.9262528,0.645871,0.9233391,0.5788375,228899.17,1.0,1.4341142,0
6.786387,5.9485674,7.451659,0.51551676,1051003.9,1.0,1.140844,1
1.5648271,1.1940255,1.4642637,0.42245296,423558.2,1.0,1.3105475,0
6.1655335,5.552538,5.731212,0.36425868,176865.78,1.0,1.1103992,1
3.0124078,2.7283034,2.7968392,0.73856986,198099.27,1.0,1.1041323,1
6.3055387,5.2908244,6.933708,0.56578296,618972.56,1.0,1.1917875,1
1.8089286,1.5668848,1.6858901,0.6245772,539824.06,1.0,1.1544746,1
1.6559644,1.5367645,1.5533738,0.55985945,813055.6,0.0,1.0775656,1
4.076802,3.9721463,4.235623,0.6463652,753645.4,0.0,1.0263473,1
0.45690092,0.4081126,0.48061377,0.3656049,173523.75,0.0,1.1195462,0
1.9573193,1.6664999,1.9679128,0.5124772,391261.06,1.0,1.174509,1
5.8472958,4.5355606,6.4117575,0.5758229,1080693.0,1.0,1.2892113,1
6.731591,6.0196605,6.1108155,0.69390047,931685.06,1.0,1.1182675,1
0.83012587,0.81273717,0.85018516,0.9009614,1051122.4,0.0,1.0213952,1
7.080206,5.4530187,7.230971,0.5611278,75285.766,1.0,1.2984012,0
6.4206343,5.0537353,6.1910896,0.4008349,1098902.0,0.0,1.270473,0
6.9835377,5.134269,7.541439,0.32065353,1040239.75,1.0,1.3601813,0
5.6477427,4.374818,5.707475,0.36427778,570118.7,0.0,1.2909664,0
5.458394,4.0393085,5.181479,0.38388208,824626.25,1.0,1.3513188,0
4.2957273,3.13668,3.9420674,0.064837635,362792.66,0.0,1.369514,0
5.2917404,4.448061,4.8759356,0.39865175,807376.44,0.0,1.1896734,0
7.3690553,5.276861,7.9546437,0.6075111,968586.94,1.0,1.3964846,1
0.9840716,0.7563133,0.9349288,0.51131,606089.25,1.0,1.3011428,0
2.662963,2.2371778,2.879731,0.46120632,82514.53,0.0,1.1903224,1
0.7651488,0.5836204,0.7070155,0.2567071,528797.2,1.0,1.3110385,0
7.5694804,6.3841734,8.302108,0.6575615,883727.3,0.0,1.1856633,1
3.6730707,3.1447966,3.9179535,0.576772,859319.56,1.0,1.1679835,1
5.4676867,5.300743,5.0480185,0.49806026,609249.0,1.0,1.0314944,1
6.7607365,5.4597297,6.201024,0.16962212,1183565.4,1.0,1.2382914,0
7.929802,5.4401593,8.411041,0.42638412,184602.75,1.0,1.4576416,0
1.4619032,1.006058,1.3385379,0.56505775,232031.4,1.0,1.4531002,0
6.436198,6.4154043,6.1300683,0.4957149,347076.44,0.0,1.0032413,1
7.1218987,6.2331862,7.5509925,0.5287907,974076.7,1.0,1.1425775,1
0.58122796,0.5084277,0.62860733,0.60281694,927241.06,1.0,1.143187,1
6.0819063,5.6259403,6.407473,0.5232108,938676.1,1.0,1.081047,1
2.9668574,2.0417874,3.1982088,0.59745127,1061566.2,0.0,1.4530687,0
5.259055,4.454356,5.3220463,0.37346762,559347.44,0.0,1.1806543,0
4.209576,3.7064152,4.444985,0.31658423,416358.9,1.0,1.135754,0
2.2259896,2.2173088,2.1566217,0.5716041,740439.44,0.0,1.0039151,1
1.2547266,0.8716883,1.3262998,0.60236126,521352.5,0.0,1.4394213,0
1.1121885,0.9612512,1.1521696,0.57784605,652416.7,1.0,1.1570216,1
1.0059183,0.7465468,1.0209728,0.5197379,211249.92,1.0,1.3474283,0
5.1747622,5.041491,5.684271,0.45139387,505839.88,1.0,1.0264349,1
2.9410048,2.331986,2.923229,0.5316479,593529.1,0.0,1.2611588,0
1.8897408,1.5904745,1.93481,0.556895,150556.5,1.0,1.1881616,1
5.5967035,4.1435513,5.6077914,0.5658946,1193669.5,1.0,1.3507022,0
5.5574265,5.062659,5.2912383,0.89107096,93453.81,0.0,1.0977288,1
4.405513,4.086926,4.2560472,0.36187944,1107443.0,0.0,1.0779526,0
7.492671,5.832047,8.210148,0.95,142227.89,1.0,1.2847412,1
3.206231,2.9825366,3.1370473,0.31147683,1038192.3,1.0,1.0750014,0
6.7197313,6.5832934,6.9608436,0.5578503,680478.06,1.0,1.0207249,1
0.7860874,0.7646476,0.7966362,0.3207736,275785.1,1.0,1.0280387,0
5.9706826,4.930494,6.4361634,0.5459366,316027.66,1.0,1.2109705,0
7.9098897,7.497327,8.31755,0.6473184,454349.62,1.0,1.055028,1
6.8034663,5.6809683,6.2328615,0.5048874,963126.1,0.0,1.1975892,0
4.721385,4.133863,4.584882,0.64596206,219218.14,1.0,1.1421242,1
5.088775,4.17293,5.3044515,0.43644768,328566.12,1.0,1.219473,0
2.9556584,2.3871164,2.7554758,0.19252038,846579.6,1.0,1.2381711,0
5.4999847,4.168543,5.503768,0.59400636,756090.0,0.0,1.3194022,0
6.209084,5.058201,5.9827867,0.50459576,533948.25,1.0,1.2275282,0
7.986182,5.466747,7.290992,0.4280579,119616.664,1.0,1.4608656,0
4.0412107,3.1732857,4.443025,0.43841577,692273.6,0.0,1.27351,0
0.6781717,0.47191516,0.7364083,0.56098723,313604.47,1.0,1.4370627,0
4.847692,3.3706439,5.087678,0.37782007,753915.4,1.0,1.4382095,0
1.1283884,1.0450644,1.0609165,0.5562867,365693.28,1.0,1.079731,1
2.1091673,1.8422618,2.315244,0.67829555,1177380.6,1.0,1.1448793,1
2.7644832,1.9109459,2.836798,0.8090105,729183.06,0.0,1.4466571,1
5.902033,4.9795165,6.4521914,0.710679,707001.4,0.0,1.1852623,1
1.6337034,1.5679283,1.4842453,0.52426183,1012283.6,1.0,1.0419502,1
1.492873,1.2968165,1.3953797,0.53864974,1192139.5,1.0,1.1511829,1
0.5507211,0.5417981,0.57024384,0.43996271,946047.8,1.0,1.0164691,1
7.0112715,6.5758758,7.582241,0.4301535,732979.8,1.0,1.0662111,1
5.609342,5.063937,5.2456126,0.6308048,1043053.5,0.0,1.1077038,1
0.51158243,0.45617533,0.49286857,0.4538735,258390.42,1.0,1.1214601,1
0.42068,0.37884194,0.42809886,0.55491495,928863.75,1.0,1.1104367,1
4.5576596,3.5018106,5.0131164,0.35562357,831883.7,1.0,1.3015152,0
2.4037683,2.3370788,2.5478334,0.7055469,697738.75,0.0,1.0285355,1
4.8544655,4.7406263,5.2657,0.4516315,1046769.56,0.0,1.0240136,1
3.5899127,3.2753377,3.7155685,0.66319686,866105.7,1.0,1.0960435,1
7.401838,6.836751,7.9604864,0.39442652,874243.5,1.0,1.0826544,1
2.4449103,1.8072283,2.4483552,0.3864934,1096202.6,1.0,1.3528508,0
5.497334,4.45181,5.084109,0.69920474,854323.9,1.0,1.2348536,1
0.62162364,0.53065825,0.6476768,0.40609887,343737.5,1.0,1.1714199,0
7.655712,7.310061,7.8110847,0.26481497,261169.0,0.0,1.0472842,0
7.8499084,7.3548923,7.826908,0.34400892,640176.4,0.0,1.0673044,0
5.964782,5.827704,5.6963563,0.6285063,320148.97,1.0,1.0235218,1
3.8286574,3.6041331,4.0462804,0.61409307,854581.2,1.0,1.0622963,1
1.9159489,1.7299333,2.0387268,0.38562483,1019116.0,0.0,1.1075276,1
6.537627,4.7597995,6.360047,0.4052422,385588.4,1.0,1.3735089,0
5.943562,6.0544224,6.4520535,0.6009524,1100495.6,0.0,0.98168933,1
1.9312415,1.3385929,1.8809295,0.69738805,908939.2,0.0,1.44274,0
3.7194793,3.1745372,3.4275467,0.48968008,1186362.0,1.0,1.1716604,0
3.8098316,2.8557465,3.5557375,0.5831358,278509.97,1.0,1.3340931,0
6.6460023,5.408036,6.6387124,0.63101494,580779.1,0.0,1.2289124,1
5.5339885,4.676027,5.0689816,0.8229505,786354.1,0.0,1.183481,1
5.2167068,3.6265533,5.444586,0.3266426,927355.2,1.0,1.4384751,0
5.268654,4.6604195,5.5796056,0.3996915,1098722.6,1.0,1.1305107,1
2.3096666,2.0155568,2.3325176,0.424029,1074960.5,0.0,1.1459198,0
3.0993478,2.2826984,3.3431726,0.62412864,321540.22,1.0,1.3577561,0
0.5561658,0.45839915,0.60669756,0.46221235,535841.8,1.0,1.2132785,1
6.338141,4.3461957,6.271693,0.54683685,876050.6,0.0,1.4583192,0
3.5773861,2.551417,3.283416,0.51827645,202161.38,1.0,1.4021173,0
3.6182592,2.5587578,3.423788,0.5002606,1153270.0,0.0,1.4140687,0
2.1137788,1.8453505,2.180412,0.51610947,908995.7,0.0,1.145462,1
1.8335328,1.5504036,1.7989833,0.6544851,1003168.2,1.0,1.1826165,1
4.785011,3.8915064,4.962065,0.35441214,1093561.0,0.0,1.2296038,0
2.0139136,1.7685494,2.0810716,0.4777316,254644.64,1.0,1.1387374,1
0.700829,0.59407514,0.71559805,0.31770834,535450.6,0.0,1.1796976,0
6.186558,5.444484,5.7631903,0.5339835,799420.25,1.0,1.1362982,1
3.1364615,2.8672435,3.002168,0.47067067,995830.3,1.0,1.0938944,1
3.1658375,2.5605853,3.0885036,0.66038644,898705.06,1.0,1.2363727,1
3.5642827,2.6860795,3.795546,0.49927652,189760.77,1.0,1.326946,0
6.5573497,4.8700485,6.7963295,0.43342412,792522.75,1.0,1.3464649,0
2.7025278,2.2369995,2.7808657,0.4629935,388161.75,1.0,1.2081039,1
6.1126823,5.430939,6.323127,0.7585136,517472.47,1.0,1.1255295,1
7.5284495,5.63924,7.5332713,0.26448792,1193364.4,0.0,1.3350115,0
5.354772,5.1250916,4.8617387,0.40587258,230614.19,0.0,1.0448148,1
3.5671124,3.281155,3.3538852,0.5054012,170037.61,1.0,1.0871514,1
6.0327597,4.3831654,5.598766,0.40453604,520515.75,1.0,1.3763478,0
3.7715995,2.7914624,3.4427135,0.57360226,1043747.25,0.0,1.3511195,0
3.4325328,2.4543278,3.3086023,0.49152717,236539.52,1.0,1.3985633,0
4.297209,3.5187602,4.544496,0.5383977,141945.75,1.0,1.221228,1
2.678234,2.422775,2.4720807,0.5176742,531676.25,1.0,1.1054407,1
1.0131516,0.82159984,0.9344141,0.4845432,777142.8,1.0,1.233145,0
3.4358456,2.283531,3.1776514,0.30637643,227896.39,0.0,1.5046197,0
1.1660837,0.90228194,1.1124022,0.52641386,975277.2,1.0,1.2923717,0
3.4014435,2.3890069,3.1988583,0.23548867,1022803.25,1.0,1.4237899,0
4.544083,3.3628604,4.1023626,0.39920586,650985.3,1.0,1.3512553,0
7.459547,6.010516,7.126109,0.57338077,85033.44,1.0,1.2410825,1
0.48253417,0.4077801,0.53043,0.67845315,643517.6,0.0,1.1833196,1
5.0473757,4.2903857,4.882313,0.8524124,296309.6,1.0,1.1764386,1
3.7703345,3.774955,3.5526044,0.4357619,563011.56,1.0,0.99877596,1
0.3580368,0.26003525,0.35772988,0.3702313,923697.8,1.0,1.376878,0
2.1464758,1.9738601,2.030295,0.57834256,112581.69,0.0,1.0874507,1
1.124185,0.764942,1.1375954,0.78049535,50174.832,0.0,1.4696343,1
1.8909943,1.5034332,1.8534225,0.72991174,203466.45,1.0,1.257784,1
2.3416479,2.343945,2.5275004,0.34473813,102174.72,1.0,0.99902,1
3.3301895,2.9406366,3.6151998,0.47892362,349483.1,0.0,1.1324723,1
4.326507,2.975058,4.5108695,0.6275551,514908.25,1.0,1.4542598,0
0.20772195,0.17861396,0.19591065,0.6379567,946664.75,1.0,1.162966,1
1.462581,1.2086109,1.4549459,0.5887793,84876.31,0.0,1.2101339,1
0.9298178,0.9257476,0.8936336,0.4326877,453638.7,1.0,1.0043967,1
4.4874525,3.6465347,4.7551537,0.5874448,1118860.6,1.0,1.2306074,1
2.766784,1.7928082,2.5062492,0.6394026,712837.2,1.0,1.5432682,0
4.4775023,3.8711438,4.6230135,0.36019698,1000777.94,0.0,1.1566354,0
1.9302218,1.4446659,1.8619795,0.69953537,606041.2,0.0,1.3361025,1
0.38898897,0.27350143,0.38751116,0.64879394,161826.25,1.0,1.4222558,0
7.5426617,6.7873406,7.275644,0.38870576,264979.97,0.0,1.1112838,1
1.0448034,1.0018909,1.0165498,0.6387365,921794.7,1.0,1.0428314,1
1.1894982,0.8189904,1.2309791,0.6219671,1043723.6,1.0,1.4523958,0
1.3430653,1.3179654,1.3687162,0.6276729,587673.06,1.0,1.0190444,1
7.8539567,6.830093,7.4519744,0.73639596,616325.1,1.0,1.1499048,1
5.01775,4.2994514,4.5597672,0.49843073,567640.6,1.0,1.1670674,1
4.960262,3.9395425,5.3134537,0.5497282,71117.58,1.0,1.2590958,1
7.896246,6.2164474,7.884096,0.10419076,159836.31,1.0,1.2702185,0
0.8898224,0.67525744,0.91095215,0.6673734,1190671.2,0.0,1.3177528,0
7.801107,5.473105,7.783163,0.65293795,98315.68,1.0,1.425353,1
1.7913026,1.2985632,1.8339142,0.70340514,451314.4,1.0,1.3794496,1
5.0599575,3.64851,5.1884527,0.35949793,844289.2,0.0,1.386856,0
3.476652,2.590849,3.1394448,0.6443068,538555.56,0.0,1.3418968,0
3.1948242,2.4771457,3.2160757,0.6528124,1180063.4,1.0,1.2897199,0
7.463698,6.956247,7.4668446,0.4023625,87649.49,0.0,1.0729489,1
1.3639762,1.1653453,1.2537172,0.65839463,1055742.8,1.0,1.1704482,1
7.9771385,6.126542,8.369425,0.5694561,204955.9,0.0,1.302062,1
3.1571755,2.9590647,2.990388,0.24529824,285545.4,1.0,1.0669504,0
5.260444,4.0452394,4.791765,0.5876721,657549.4,0.0,1.3004037,0
7.7496724,6.356718,8.219549,0.38491896,1052172.9,1.0,1.2191311,0
0.6492882,0.5611414,0.6967033,0.24861021,526193.25,1.0,1.1570848,0
7.398342,5.934003,7.014656,0.554983,387609.97,0.0,1.246771,1
4.6289287,3.5531502,4.8025556,0.4902004,511922.8,0.0,1.3027676,0
5.694296,4.333234,5.130504,0.71057206,158494.83,0.0,1.3140985,1
1.3636366,1.114242,1.4239503,0.52725786,1013969.5,0.0,1.2238245,0
4.360422,3.833473,4.3297424,0.6167779,1102497.4,1.0,1.13746,1
5.453407,4.303657,5.772413,0.5763214,827140.9,0.0,1.2671565,0
3.758729,2.8201425,3.6783178,0.6531436,561370.06,1.0,1.3328153,1
1.4088844,1.0246584,1.366921,0.3670389,756273.44,1.0,1.3749795,0
2.1041288,1.8405415,2.2475398,0.5297805,684646.8,1.0,1.1432118,0
6.8642635,4.9271703,6.2308936,0.4788896,109288.42,0.0,1.3931453,0
0.46887374,0.46044067,0.43953773,0.5980525,503584.53,1.0,1.0183153,1
5.729124,5.1362586,5.6284394,0.538372,805353.0,1.0,1.1154275,1
7.995242,6.389505,8.149292,0.4078943,1024968.94,1.0,1.2513086,0
0.25836736,0.24249445,0.23279482,0.44930997,462818.94,1.0,1.0654569,1
1.4561564,0.97890896,1.4780416,0.7472754,992162.94,1.0,1.4875299,0
5.4583254,4.1032934,5.3256803,0.24584733,920453.4,0.0,1.3302304,0
0.6679285,0.50895536,0.6852949,0.6064047,1118706.6,1.0,1.3123518,0
4.800362,4.039989,5.1910863,0.68621695,1187845.5,1.0,1.1882116,1
5.5352006,4.9669304,5.4697437,0.58682555,97992.09,0.0,1.1144108,1
4.7875414,4.8354855,4.839801,0.79565126,553091.3,0.0,0.99008495,1
3.0484407,2.4036384,3.0257542,0.64077735,939594.25,0.0,1.268261,1
5.638802,4.3687267,5.208586,0.55761856,996641.56,1.0,1.2907197,0
4.8354964,4.0348787,5.118966,0.42999056,145282.36,1.0,1.1984243,0
1.81957,1.3271987,1.959748,0.5604001,747579.2,0.0,1.3709853,0
4.5924573,3.493219,4.8785367,0.6022523,1083220.5,1.0,1.3146777,0
7.0788765,6.3974137,7.7125726,0.50052506,311117.94,1.0,1.1065216,1
5.4012995,5.2725325,5.366762,0.388576,449462.94,0.0,1.0244223,0
3.8799736,3.4639668,3.9981747,0.3193666,504075.16,1.0,1.1200955,1
2.708356,2.0279377,2.5287063,0.52781105,503718.4,1.0,1.3355223,0
0.86991245,0.55759627,0.9528687,0.27795258,695962.2,0.0,1.5601118,0
2.1080916,1.7818846,2.1420548,0.4292686,119927.39,1.0,1.1830686,0
0.2872567,0.26231334,0.2735639,0.13523893,946068.25,0.0,1.0950899,0
7.8956823,5.7661567,8.37791,0.6249528,191308.64,1.0,1.3693146,1
1.9353616,1.4760996,1.9688399,0.673107,985313.4,0.0,1.3111321,0
6.556032,4.7125025,7.145649,0.5118422,69658.516,1.0,1.3911998,0
1.5154301,1.3054177,1.5972564,0.7747189,955079.9,1.0,1.1608776,1
2.4120889,2.3011985,2.5940883,0.702108,458557.2,1.0,1.0481882,1
3.462563,3.039859,3.4948688,0.57196784,804237.06,1.0,1.1390538,1
2.730364,1.76328,2.739816,0.48301783,256047.83,1.0,1.5484575,0
6.4271364,5.734557,6.7579107,0.4475903,667561.06,0.0,1.120773,1
7.6700087,6.541316,7.0640993,0.58437365,393978.06,1.0,1.1725483,1
7.027297,5.0655007,6.4005065,0.47881597,54513.367,1.0,1.3872858,0
1.3979074,1.1174752,1.5331415,0.5822345,883912.2,1.0,1.2509516,0
6.2581716,5.352618,6.7792215,0.59336805,200852.27,1.0,1.1691796,1
1.3539859,1.0476598,1.4773777,0.46556312,1130659.9,0.0,1.292391,0
7.324373,6.884065,6.683291,0.66436785,675283.2,0.0,1.0639604,1
4.239453,3.6034853,4.0438457,0.46571732,51925.465,0.0,1.1764867,0
2.8237724,2.18954,3.0505455,0.50320077,1136661.5,0.0,1.2896649,0
1.4247988,1.1893739,1.3078171,0.35337132,202701.25,1.0,1.1979402,0
0.2921109,0.24792354,0.2892736,0.45940748,1009032.4,1.0,1.1782298,1
2.1339865,1.5424945,2.06625,0.82372975,428669.5,1.0,1.3834646,1
7.3293567,6.117307,7.8861685,0.364942,703271.3,0.0,1.1981345,0
6.418645,4.6411033,6.44185,0.56565684,1011084.06,1.0,1.3829998,0
7.764391,5.804465,7.4388676,0.43182632,107681.88,0.0,1.3376583,0
0.98593986,0.8166163,0.9907318,0.16791478,832066.7,0.0,1.2073479,0
4.818994,4.3734527,4.4454703,0.58384556,220869.7,1.0,1.101874,1
2.2057736,1.7531562,2.3077698,0.41658136,873855.3,1.0,1.2581729,0
4.434945,3.3586295,4.5399094,0.5478562,234809.61,0.0,1.3204628,0
2.699548,2.3357165,2.7539217,0.6484578,75235.22,0.0,1.1557688,1
2.4110312,1.8282499,2.3810594,0.53518975,228753.86,1.0,1.3187647,0
4.6759934,4.6441784,4.4835706,0.5492448,769598.44,1.0,1.0068505,1
1.6298816,1.4642024,1.488206,0.369809,1183585.8,0.0,1.1131532,0
3.8592408,3.7457812,4.204282,0.6060238,1165640.2,1.0,1.03029,1
5.2763357,4.340195,5.1882777,0.4715474,907544.94,0.0,1.2156909,0
1.1998202,1.0976995,1.1988416,0.20023571,998267.5,1.0,1.0930315,0
7.4586353,5.4876466,7.273313,0.6240867,1055059.2,1.0,1.3591683,0
4.144653,2.9883437,4.549069,0.66994745,657606.8,1.0,1.3869398,1
6.592318,4.82862,6.98281,0.7221684,312892.88,0.0,1.3652593,1
5.3004622,3.5887864,4.8719306,0.82562345,810260.1,0.0,1.4769512,1
5.7380075,5.5137796,5.8621492,0.61603016,212831.78,0.0,1.0406667,1
5.7858214,5.4740925,5.768041,0.5770958,1007214.75,0.0,1.0569462,1
7.0257792,6.17795,7.4379845,0.6637322,523904.7,0.0,1.1372347,1
4.9861226,3.8745766,5.482058,0.36695072,356465.53,0.0,1.2868818,0
2.3700938,2.0813534,2.4858997,0.24920459,1019976.7,1.0,1.1387273,0
0.9761752,0.90461683,1.047422,0.42844868,177871.39,1.0,1.0791036,1
4.928755,4.6550517,4.9313526,0.6915866,1171050.4,1.0,1.058797,1
0.7175519,0.6492027,0.69941187,0.40083513,1142973.6,0.0,1.1052817,0
2.082089,1.970851,2.1417532,0.56984156,750106.3,1.0,1.0564415,1
0.67351604,0.5436554,0.7071135,0.5859946,868946.4,1.0,1.2388657,0
4.4813232,4.2347646,4.2371216,0.53663975,92721.85,1.0,1.0582224,1
1.4506373,0.99960524,1.4516202,0.30835515,552645.5,0.0,1.4512103,0
4.961177,4.1583176,4.5779667,0.55140585,1067309.1,1.0,1.1930732,1
6.368748,6.36799,6.0074525,0.43676698,63250.477,0.0,1.0001191,1
6.6106696,4.596745,7.115538,0.7554292,384212.9,0.0,1.4381196,1
2.6144392,1.7997193,2.428674,0.67053175,456916.75,0.0,1.4526929,0
4.4818454,3.4545474,4.760928,0.44205603,826341.56,0.0,1.2973756,0
4.591484,3.8629832,4.474489,0.76486045,860564.8,1.0,1.188585,1
3.88852,3.9298978,4.0156913,0.5515567,124968.06,1.0,0.989471,1
5.3098884,4.9833794,5.745646,0.24925452,300142.6,1.0,1.0655196,0
1.8386796,1.4149795,1.9419761,0.48825422,999321.9,1.0,1.2994391,0
7.838097,7.351321,8.349049,0.7452917,270590.4,1.0,1.0662161,1
0.9650226,0.8860575,0.9189233,0.37702423,379513.9,1.0,1.0891197,0
6.667925,6.10812,6.483456,0.489764,236580.97,1.0,1.0916493,1
4.8339486,3.424217,5.0590096,0.29602304,917463.8,0.0,1.4116946,0
2.109867,1.6887039,2.2268527,0.31983006,81172.43,0.0,1.2494003,0
6.016265,4.3546124,6.365271,0.37486404,397199.97,1.0,1.3815845,0
0.858951,0.5878748,0.9001992,0.31589025,662162.44,1.0,1.461112,0
6.240459,5.2665367,5.9054995,0.4072589,56923.49,1.0,1.1849265,1
4.8018847,3.344176,4.5993285,0.7607425,1147084.0,0.0,1.4358947,1
1.0638524,0.959107,1.1579058,0.49458912,1049682.5,1.0,1.1092114,0
0.8201434,0.71910715,0.82897806,0.61782825,794413.7,1.0,1.1405023,1
6.0565233,4.15303,6.3647404,0.66373533,555000.44,0.0,1.4583386,0
2.4849,1.9141768,2.5341983,0.33373454,228602.94,1.0,1.2981559,0
7.1365542,6.1094294,7.7424507,0.37527314,686685.25,1.0,1.1681213,0
6.1441693,6.0728216,6.597341,0.6148728,325089.16,0.0,1.0117487,1
5.645884,4.5388923,5.376434,0.40485755,783719.94,0.0,1.2438902,0
2.3731272,2.273119,2.55572,0.6049381,217424.0,1.0,1.0439961,1
5.7297673,5.648533,5.500622,0.75159836,874687.1,1.0,1.0143815,1
7.595552,6.5073533,7.5058947,0.28169256,421340.94,0.0,1.1672261,0
0.9141667,0.7695623,0.9783839,0.4464599,627279.0,1.0,1.1879047,0
2.7440686,2.2674906,2.6474879,0.4702593,236099.45,0.0,1.2101786,0
2.0304437,1.826556,1.9454786,0.42104504,344718.34,0.0,1.1116241,1
3.2673512,2.6574788,3.3775632,0.4088039,567743.5,1.0,1.2294928,0
5.990195,6.18769,6.5888267,0.42618188,576908.5,1.0,0.96808255,1
3.8990922,3.8432584,3.6113837,0.4977124,1199744.5,1.0,1.0145277,1
4.6516986,3.9355986,4.838753,0.5247327,435734.66,0.0,1.1819545,0
2.650408,2.484276,2.6646967,0.6430116,147034.5,0.0,1.0668734,1
1.3020563,1.1229721,1.2787801,0.4962322,652851.44,0.0,1.1594734,0
2.2820826,1.9873502,2.3961222,0.6677262,420099.6,1.0,1.1483041,1
6.905506,6.3502393,6.9812407,0.41123,1059443.1,0.0,1.0874403,1
4.8988523,3.4602287,5.190639,0.31979558,291842.9,0.0,1.4157597,0
3.1483116,2.2516034,3.3018572,0.4542869,1034012.56,1.0,1.3982532,0
6.3612666,5.26193,6.978461,0.5693739,813113.9,1.0,1.2089227,1
0.70276797,0.66557443,0.7464613,0.62907,266187.88,1.0,1.0558819,1
2.1803505,1.6557854,1.9914448,0.719035,516034.25,0.0,1.3168074,1
1.9948046,1.7967792,2.106346,0.54353005,616297.4,0.0,1.1102114,1
7.8858438,6.7920704,8.121951,0.6129539,650068.94,1.0,1.1610368,1
5.707569,4.046777,5.239309,0.7053169,506659.16,1.0,1.4103987,1
5.01873,5.0170135,5.1246147,0.38311297,722322.0,1.0,1.0003422,1
0.23888274,0.18838778,0.25086525,0.46847886,874252.5,1.0,1.2680373,0
1.6376181,1.2688401,1.538442,0.91563696,632111.4,1.0,1.2906418,1
5.1572223,3.752433,5.090087,0.6284583,742798.06,1.0,1.3743676,0
3.1618106,2.2284012,3.1886775,0.576605,1038534.6,0.0,1.4188696,0
7.409387,5.6245813,7.28069,0.63405365,622414.56,0.0,1.3173224,1
6.164849,4.566204,6.6284513,0.29964843,528744.1,0.0,1.3501037,0
3.6895957,3.1792223,3.4452732,0.40297604,334913.53,1.0,1.160534,0
6.046217,4.7297826,6.3745937,0.34815532,201069.62,0.0,1.2783287,0
7.8081536,5.808178,8.24243,0.5627912,386095.62,0.0,1.3443379,0
3.7956505,2.7041893,3.7561984,0.4446551,517088.2,1.0,1.4036186,0
5.211702,4.076198,5.2528515,0.5143083,928896.4,1.0,1.2785693,0
7.365584,7.340436,6.855241,0.45334756,300043.1,1.0,1.003426,1
2.1396623,1.832254,2.0092103,0.2560391,857468.0,1.0,1.167776,0
7.115152,5.311862,7.1602116,0.63274646,140888.98,0.0,1.3394836,1
0.9608487,0.8627643,0.9079407,0.23567054,232149.92,1.0,1.1136862,0
5.257896,5.016085,5.5801682,0.390853,425277.84,1.0,1.048207,1
6.3061376,5.8119645,6.452715,0.30267915,590295.25,1.0,1.0850269,0
4.9939284,4.885251,4.5510454,0.36803883,258067.67,1.0,1.022246,1
4.0651712,4.098741,3.9496202,0.5302788,178835.58,1.0,0.9918097,1
5.0153074,4.559347,5.3748307,0.68525344,700699.3,1.0,1.1000056,1
1.3829769,1.4123344,1.321419,0.26585075,523786.12,1.0,0.9792135,0
1.8814515,1.3784728,1.9641292,0.4164188,528276.2,1.0,1.364881,0
2.305215,2.0092907,2.1179392,0.23764336,404138.7,1.0,1.147278,0
4.862679,4.3929725,5.2813883,0.4091882,476934.66,1.0,1.1069223,1
3.6468284,3.7207394,3.6098828,0.5107838,261685.78,1.0,0.9801354,1
2.1069117,1.744585,2.1033576,0.61506164,361171.4,1.0,1.2076864,1
7.0859127,6.1468754,7.184875,0.1822157,673613.9,1.0,1.1527666,0
3.1165903,2.3059924,3.0314653,0.5825828,650635.6,0.0,1.3515182,0
3.6790473,3.2308645,3.8448145,0.354104,1091816.5,0.0,1.1387192,0
3.3956685,2.8087754,3.0660057,0.31757137,1007420.94,1.0,1.2089498,0
1.619155,1.4540569,1.5097663,0.51012313,58166.645,1.0,1.1135432,1
5.9066906,4.837985,5.539083,0.5940719,314228.5,0.0,1.2208989,1
3.6979744,2.8785472,3.7980714,0.4849318,1070849.5,1.0,1.284667,0
0.32680544,0.22573899,0.35233554,0.3360304,411966.22,0.0,1.4477139,0
7.719307,6.352751,7.045627,0.48485285,599361.5,1.0,1.2151126,0
6.5629563,5.465135,7.0255904,0.39122322,826232.7,0.0,1.2008773,0
5.843763,5.2441998,6.2171955,0.59060484,674860.7,1.0,1.1143289,1
6.9789166,6.3445745,6.3879776,0.6613037,55598.168,1.0,1.0999819,1
7.2730966,5.334142,6.75413,0.6517193,287548.0,1.0,1.3634988,0
2.8324196,2.6367304,2.7474728,0.49703774,165505.62,0.0,1.0742166,1
4.9654775,4.5339584,4.582808,0.6683991,242792.05,1.0,1.095175,1
4.948701,3.4880295,5.204337,0.34685296,219474.0,1.0,1.418767,0
2.2849374,1.6713327,2.286797,0.76742995,766195.6,0.0,1.367135,1
1.9312276,1.54928,1.8967608,0.34601268,517549.3,0.0,1.2465322,0
1.0884765,0.8638466,1.1374466,0.19548212,126533.98,1.0,1.2600346,0
5.342651,3.7268546,5.121353,0.70481545,144633.98,0.0,1.433555,1
6.291168,4.862523,6.7586412,0.39347982,1142909.9,0.0,1.2938074,0
6.135433,4.1129627,6.3243637,0.51751083,227976.27,1.0,1.4917309,0
2.6669478,1.9885126,2.5850754,0.3453788,341916.12,1.0,1.3411772,0
1.8010268,1.295058,1.8153892,0.8545405,710439.2,1.0,1.390692,1
3.7381907,3.5907853,3.558345,0.77327263,265171.72,1.0,1.041051,1
4.465145,3.5533798,4.898247,0.73198307,277158.8,1.0,1.256591,1
7.36888,5.969842,7.273975,0.5132537,133475.81,0.0,1.2343509,1
7.0236206,5.984053,7.580979,0.64710486,1177944.4,0.0,1.173723,1
7.345255,6.307066,8.047491,0.49204218,746958.1,0.0,1.1646073,1
6.8320465,4.708001,6.880954,0.6683302,659205.56,1.0,1.4511565,0
7.7237334,6.03683,8.079019,0.43840858,1071971.1,1.0,1.2794354,0
3.8309,2.8963554,3.886254,0.73770565,733588.94,1.0,1.3226622,1
0.5702933,0.5237261,0.52370805,0.43086916,352545.75,1.0,1.0889151,1
0.8517839,0.71904194,0.9288563,0.44790637,593097.06,0.0,1.1846094,0
3.244154,2.62458,3.2160182,0.43002066,599215.5,1.0,1.236066,0
2.2099593,1.962717,2.384132,0.52886784,507791.53,0.0,1.1259694,1
1.5255367,1.4104931,1.573013,0.4417706,916675.06,0.0,1.0815625,1
7.6349893,6.0332937,7.032117,0.57308835,176135.22,0.0,1.2654762,1
1.7242728,1.4149108,1.6956681,0.42785195,233096.98,0.0,1.2186441,0
7.6831584,6.5604663,7.215789,0.61861825,478025.72,0.0,1.17113,1
6.134543,5.072359,5.729491,0.72775507,131848.95,1.0,1.2094063,1
5.199376,4.6073966,5.423042,0.5116321,1185504.9,1.0,1.1284847,1
5.472948,5.0168266,4.958513,0.83274925,620163.56,1.0,1.0909183,1
2.7854998,2.052787,3.0451865,0.6691294,107622.09,0.0,1.3569356,1
5.2421308,4.0943737,5.189629,0.82073545,749080.6,1.0,1.2803255,1
1.6561985,1.5149643,1.6528058,0.49082017,948270.25,1.0,1.0932261,1
7.5141025,6.287992,7.21268,0.25078112,518873.7,1.0,1.1949923,0
2.553988,2.3665974,2.3423216,0.39407942,602612.06,1.0,1.0791816,1
2.1904547,1.693381,2.229113,0.40937948,855690.0,1.0,1.2935393,0
5.74707,5.11796,5.5686283,0.3570462,318890.47,1.0,1.122922,0
5.3203,4.6470675,5.4523206,0.1706143,737313.5,1.0,1.1448725,0
3.7201316,2.7950048,3.7616258,0.653697,775587.1,0.0,1.3309929,1
5.1330805,4.7952533,4.842457,0.22099712,975340.2,0.0,1.0704503,0
1.4440459,0.98086786,1.4329712,0.6393319,1074732.4,1.0,1.4722126,0
5.4519606,4.9279213,5.2426744,0.8278325,1132021.4,1.0,1.1063409,1
2.3107634,1.9772648,2.1904762,0.38325,195275.34,1.0,1.1686667,1
2.3281207,2.141391,2.4537015,0.55813557,988707.7,1.0,1.0872002,1
1.4650035,1.2168698,1.3219918,0.44020516,826745.4,0.0,1.2039114,0
2.7925417,2.7185533,2.6634607,0.6240614,476337.34,1.0,1.0272161,1
2.7837582,2.4675262,2.8010652,0.3208384,1111232.9,1.0,1.1281576,0
3.7425964,3.0711308,3.7247412,0.48023134,1039134.56,0.0,1.218638,0
1.6852721,1.5719538,1.8336318,0.66817707,940512.7,1.0,1.0720876,1
1.7054588,1.6588998,1.8226775,0.49266943,116106.98,1.0,1.0280662,1
4.425561,3.529204,4.6482573,0.25570583,253557.86,1.0,1.2539828,0
1.2052437,0.9874334,1.2086372,0.686248,1106078.6,1.0,1.2205824,1
5.5733967,4.050203,5.4941506,0.30560362,1179571.9,0.0,1.3760784,0
7.5627875,6.5181217,6.8618226,0.5118101,368899.6,0.0,1.160271,1
3.5290058,2.6154864,3.7560396,0.5873966,368995.06,0.0,1.3492733,0
7.2286215,6.045385,7.1284513,0.51797754,751850.6,0.0,1.1957256,1
0.9668694,0.813975,0.9322492,0.8806156,137608.94,1.0,1.1878368,1
0.53506947,0.4571563,0.54648083,0.610072,734612.8,1.0,1.1704301,1
5.8266773,4.0589905,6.1228333,0.46964747,1163992.5,0.0,1.4354992,0
6.135968,5.4898024,6.1642566,0.59039944,391495.8,1.0,1.117703,1
6.775854,5.2246504,6.3009796,0.5314917,904156.8,1.0,1.296901,1
0.64317787,0.5351699,0.6974166,0.5066554,653635.9,0.0,1.20182,0
6.259875,5.040862,5.775172,0.5365681,380408.03,1.0,1.2418263,1
3.1370022,2.244101,3.4316115,0.43488696,524350.56,0.0,1.3978881,0
2.5660336,2.0974836,2.5365124,0.5319353,683744.25,1.0,1.2233866,0
1.5495865,1.5871217,1.6880028,0.42417634,925829.5,1.0,0.9763502,1
7.968923,5.5530424,8.629786,0.21557055,671914.25,0.0,1.4350554,0
0.696576,0.60836786,0.6835176,0.6710301,1113911.4,1.0,1.1449914,1
6.6506624,4.5370946,7.049736,0.41518283,184491.02,1.0,1.4658418,0
5.1880565,4.3502064,4.7624,0.52120805,1151352.4,1.0,1.1926001,1
5.9336276,4.773088,5.4384475,0.38593665,683249.1,1.0,1.2431422,0
5.7513933,5.0175047,5.5857034,0.39046457,500587.53,1.0,1.1462657,0
6.895789,5.290135,7.0471997,0.34415162,137458.72,1.0,1.3035187,0
1.6335782,1.2491635,1.4732656,0.6422445,390685.44,1.0,1.3077376,0
0.20643201,0.15018906,0.20705853,0.6784582,553624.7,0.0,1.374481,1
4.868522,4.104079,5.3316617,0.50389016,1127626.8,0.0,1.1862643,0
2.9600973,2.6000946,3.1723042,0.41950133,919889.1,1.0,1.1384577,0
1.1655412,1.0774469,1.1031779,0.2460395,117901.69,1.0,1.081762,0
1.6518823,1.3752549,1.6611556,0.6193147,427077.47,1.0,1.2011462,1
2.7876446,2.7697086,2.6044455,0.39851645,615147.2,1.0,1.0064758,1
0.7478203,0.5943517,0.71241254,0.3324109,1027597.94,1.0,1.2582117,0
0.643923,0.44938907,0.69839895,0.5043895,942891.6,0.0,1.4328853,0
7.3450046,5.616708,8.0762415,0.44988114,298558.38,1.0,1.3077065,0
2.6344016,1.9973297,2.498762,0.27229187,108028.5,1.0,1.3189617,0
7.8613997,5.754485,7.4086895,0.29289192,202231.7,1.0,1.3661343,0
7.7220626,6.947821,7.5426936,0.5504815,628783.1,1.0,1.1114366,1
1.312056,1.1988307,1.2978481,0.4016463,153359.25,0.0,1.0944464,1
5.7764096,4.8185453,5.301876,0.5765388,337221.44,1.0,1.198787,1
4.886278,4.041538,4.5419993,0.5219797,994549.9,1.0,1.2090145,1
5.587047,4.2533045,5.5030484,0.6571313,512246.06,1.0,1.313578,1
0.9502898,0.78020734,0.9000044,0.37517825,1195568.5,1.0,1.2179965,0
1.6707686,1.2289983,1.7860298,0.5349077,919380.2,0.0,1.3594556,0
0.7977816,0.54732287,0.8379174,0.5957412,354656.0,0.0,1.4576069,0
4.9122467,3.8859518,4.9479475,0.40606737,58705.895,0.0,1.2641039,0
7.8954105,5.6955934,7.7890267,0.6690805,656288.6,1.0,1.3862314,1
5.441479,4.917755,5.801692,0.25005835,861734.1,1.0,1.1064966,0
5.74394,3.8897645,5.3602395,0.37505886,590135.5,1.0,1.4766806,0
7.879763,6.05309,8.490269,0.24444683,1092480.4,1.0,1.3017753,0
5.48849,4.8397183,4.993513,0.38961875,933143.56,0.0,1.1340516,1
0.5134163,0.53047836,0.5568918,0.4768124,648309.5,1.0,0.9678364,1
6.9626436,5.5405493,6.4596763,0.6247251,71762.5,1.0,1.2566702,1
3.0444906,2.3417163,3.234527,0.47670645,438983.94,1.0,1.3001108,1
0.23403625,0.21471502,0.21147726,0.41069394,618569.4,0.0,1.0899854,0
4.1564264,2.7585943,4.4183464,0.26761657,337769.5,1.0,1.506719,0
7.508717,6.024515,7.6349697,0.3178732,1013299.7,1.0,1.2463604,0
2.2071793,1.6439087,1.9948639,0.5465309,538141.8,1.0,1.342641,0
4.033803,3.3708205,4.2550244,0.63221824,284370.56,0.0,1.1966827,1
1.5554597,1.5325208,1.4315075,0.4371167,945964.3,1.0,1.014968,1
0.65000284,0.63006115,0.6551906,0.6816522,749526.4,1.0,1.0316504,1
0.8282506,0.79943824,0.800422,0.35751238,276640.22,1.0,1.0360408,1
5.870685,4.913125,6.174984,0.44141892,662657.94,1.0,1.1948984,1
6.9397807,6.264213,7.430037,0.45407817,848699.44,0.0,1.1078455,1
1.3177309,1.1390284,1.3083162,0.7294121,565698.3,1.0,1.1568903,1
2.4488847,2.0367055,2.575218,0.52004886,397739.34,0.0,1.2023755,1
1.7212298,1.3152105,1.8646513,0.23023508,843119.0,1.0,1.3087106,0
0.40947506,0.3061783,0.42496964,0.6427481,840356.0,1.0,1.3373746,0
4.5167646,3.6691012,4.3559594,0.77688915,69478.04,1.0,1.2310276,1
5.659393,4.1602545,5.6178665,0.4625389,319244.1,1.0,1.3603477,0
5.253444,4.395447,4.969756,0.36543766,793263.44,1.0,1.1952014,0
3.2268176,2.4307964,3.199976,0.6296386,307766.5,0.0,1.3274735,0
4.52908,4.098734,4.2989035,0.7946397,1157053.1,1.0,1.1049949,1
0.93397456,0.66045076,0.9913673,0.62730974,237209.58,1.0,1.4141473,1
1.403569,1.0204664,1.4344244,0.25654906,910448.5,1.0,1.375419,0
7.467998,6.272496,7.667014,0.6132023,1198071.0,0.0,1.1905942,1
6.1397605,4.205147,5.6611824,0.5606311,448565.25,0.0,1.4600586,0
7.397365,6.9892488,6.659789,0.35680544,743596.5,1.0,1.0583919,1
7.3501062,6.0918727,7.7752166,0.69332266,171568.77,0.0,1.206543,1
5.2652626,4.3145995,5.3098135,0.5657527,765097.0,0.0,1.2203363,1
7.4402614,4.9181385,8.082436,0.6972438,1185651.2,0.0,1.5128206,0
3.450292,3.288697,3.4759893,0.3407786,1168788.0,1.0,1.0491365,0
0.22820671,0.20195855,0.21518426,0.55981666,523544.9,1.0,1.129968,1
0.6880547,0.5840186,0.71536726,0.3657358,993713.5,0.0,1.1781384,0
1.0540011,0.7722708,1.0963684,0.53715,1000589.7,1.0,1.3648077,0
0.94375694,0.8825054,0.8617506,0.72158384,426356.62,0.0,1.0694064,1
2.9432786,2.9321911,3.0572724,0.28603733,996159.8,0.0,1.0037813,0
5.6699123,4.32066,5.3439245,0.29464984,236765.27,1.0,1.3122791,0
6.3670607,4.6823883,6.0544643,0.6433212,1175711.1,1.0,1.359789,0
4.8036637,3.5244105,4.3534784,0.4978816,1043795.56,0.0,1.3629694,0
1.3422022,0.88667387,1.376394,0.67568946,637182.25,1.0,1.5137495,0
6.0336323,5.390642,6.3132663,0.3789073,493120.38,0.0,1.1192789,1
2.967455,2.8486931,2.8075042,0.50767857,1137840.9,0.0,1.0416899,1
0.30134812,0.30551794,0.31897932,0.60321933,131795.05,1.0,0.9863516,1
2.3885913,2.0107884,2.5137684,0.53153,623148.0,0.0,1.1878879,1
2.7786844,2.0285897,2.728538,0.2316879,609988.94,1.0,1.3697616,0
2.3391151,2.1553724,2.137121,0.92338973,488523.4,1.0,1.0852487,1
6.532587,5.1997433,6.2453957,0.53184867,179521.72,0.0,1.2563288,1
6.1274257,4.9125433,5.7174144,0.29893744,339088.5,1.0,1.2473022,0
5.6253057,4.9710784,6.1415043,0.54713,1180586.0,1.0,1.1316068,1
1.2842396,0.900705,1.3658515,0.56437176,979144.1,1.0,1.425816,0
6.5011044,5.8363433,5.952901,0.64908856,1014025.6,1.0,1.1139003,1
5.4819727,5.18721,5.49673,0.63907176,635961.3,1.0,1.0568249,1
1.719734,1.6225594,1.6395552,0.4679233,811099.25,0.0,1.0598897,1
5.2551327,4.516882,4.763376,0.24168804,630756.8,1.0,1.1634426,0
3.9713907,3.2960293,3.8302486,0.56920445,828963.3,1.0,1.2049016,1
3.6269305,2.6060157,3.356786,0.25363758,1042988.7,0.0,1.3917531,0
1.0745606,1.0406468,1.0149724,0.6822867,328983.9,0.0,1.0325892,1
4.2427735,3.5025728,4.0955834,0.3900863,1143527.2,1.0,1.2113305,0
0.9794681,0.9298906,0.96162033,0.59524405,1100653.6,1.0,1.0533154,1
1.4811764,0.9858819,1.471828,0.40157467,532185.0,0.0,1.5023873,0
1.2338612,1.0126616,1.2388453,0.42619464,1173336.4,1.0,1.218434,0
7.6420445,6.1843596,7.4433527,0.37985453,1064902.8,0.0,1.2357051,0
2.4219446,2.1774235,2.4211452,0.6074122,96089.0,1.0,1.1122984,1
2.9705937,2.8089824,2.9217918,0.40679795,98431.29,1.0,1.0575337,1
2.7122288,2.526783,2.9641616,0.6152798,863377.25,0.0,1.073392,1
7.2063537,5.62955,6.583207,0.41072145,951222.75,1.0,1.2800941,0
4.591134,3.9721117,4.670057,0.46528727,335989.97,0.0,1.1558422,1
7.369447,4.771113,6.917917,0.50533473,623547.1,1.0,1.544597,0
2.5394142,2.0566669,2.4761512,0.52307326,670135.7,1.0,1.2347232,0
1.0957105,0.920002,1.105893,0.36136934,562435.1,1.0,1.1909871,0
4.538504,4.162615,4.774333,0.60557115,129490.8,1.0,1.0903012,1
2.8951886,2.4873497,3.1718128,0.45929912,301730.53,0.0,1.1639652,0
6.454873,4.932414,6.446639,0.5815851,986687.4,0.0,1.3086641,0
7.0595026,6.1833935,6.716381,0.49756575,134049.92,0.0,1.1416874,1
3.8860734,3.3840854,4.11269,0.5879681,765461.75,1.0,1.1483378,1
7.7766004,6.0863056,7.3435564,0.43829873,779281.94,1.0,1.277721,0
4.5135016,3.3448622,4.5205793,0.3815603,1149963.6,1.0,1.3493834,0
2.313179,2.1717117,2.4735801,0.56402874,1185568.9,0.0,1.065141,1
4.014009,3.507135,3.9367783,0.42593992,1136798.9,1.0,1.1445266,1
0.4910203,0.42996612,0.49661574,0.71881795,672519.6,0.0,1.1419976,1
6.471209,4.495111,5.9788146,0.5101485,98042.08,1.0,1.4396106,0
0.9911934,0.8599179,0.90316904,0.2939553,368895.72,0.0,1.1526605,0
2.6082382,2.347664,2.8619063,0.4121801,596819.9,0.0,1.1109929,1
4.609469,3.5035107,4.313445,0.35010433,94987.82,1.0,1.3156714,0
0.53520596,0.4105936,0.517603,0.66093785,92661.93,1.0,1.3034933,1
0.8186718,0.77083075,0.8194389,0.6160311,422626.5,1.0,1.0620643,1
5.629708,4.301883,5.48837,0.4908435,495446.44,1.0,1.3086612,0
0.75986135,0.67404187,0.698668,0.54351103,717971.0,0.0,1.1273206,1
3.9212463,3.5170546,3.6835515,0.4868481,1122786.2,0.0,1.1149234,1
2.841826,1.9601821,2.8381019,0.6290603,499853.47,1.0,1.4497765,0
1.9790194,1.6336701,1.9547968,0.57797474,105304.164,1.0,1.2113948,1
1.6724755,1.3427784,1.7722198,0.6049964,671050.2,1.0,1.2455335,1
6.1546082,5.3918133,5.922934,0.47122312,461656.8,0.0,1.1414728,1
7.6220293,6.6993933,8.293248,0.40526602,1086269.1,0.0,1.1377193,1
1.293402,1.138746,1.2372193,0.59975946,546222.75,1.0,1.1358125,1
7.6855135,5.239611,7.4262023,0.73270106,420067.03,0.0,1.4668099,1
4.8391476,4.542822,5.2740064,0.66590154,882462.3,1.0,1.0652294,1
5.2049513,4.6252437,5.559391,0.7372488,617240.9,0.0,1.1253356,1
5.737426,5.09484,5.527399,0.52430475,688363.94,1.0,1.1261249,1
5.692127,4.9759016,5.572917,0.35450134,224877.53,1.0,1.1439388,0
6.594527,4.857177,7.0459356,0.36782193,481471.62,0.0,1.3576872,0
3.9710555,3.5244508,3.642323,0.70693547,103387.67,1.0,1.1267161,1
4.360197,3.1724167,4.1811466,0.22070847,918110.6,1.0,1.3744087,0
2.7258506,2.2288187,2.7430542,0.7257135,332418.9,1.0,1.2230023,1
1.0210092,1.0446945,1.0881721,0.3818548,188593.12,0.0,0.977328,1
5.3841934,5.4158797,5.4537754,0.7885085,727938.8,0.0,0.9941493,1
0.46215776,0.42349052,0.461213,0.48940974,716344.1,1.0,1.091306,1
2.3499534,2.0641563,2.5671444,0.6083856,413167.22,0.0,1.1384571,1
0.93499297,0.7199327,0.86326224,0.857757,1156703.9,1.0,1.2987227,1
1.6876718,1.331069,1.7822037,0.45047784,780849.5,0.0,1.2679071,0
5.1821012,3.5017054,4.7955527,0.44796005,1115353.0,1.0,1.4798793,0
5.1021175,5.105565,5.3397,0.39577413,395685.03,1.0,0.99932474,1
3.4842284,2.7930298,3.514255,0.34973252,684573.5,0.0,1.2474726,0
0.9033414,0.754252,0.8608205,0.45052636,525548.8,0.0,1.1976652,0
3.5803165,2.4900239,3.6113486,0.4167739,525275.9,1.0,1.4378644,0
2.95141,2.4455788,3.1753726,0.31246147,104932.42,1.0,1.2068349,0
5.8195815,5.104334,5.7872057,0.46842784,302581.84,1.0,1.1401255,1
4.716408,4.334384,4.2509723,0.567468,1049724.2,1.0,1.0881379,1
4.034213,2.8558724,3.6764636,0.36561418,1027333.6,1.0,1.4126027,0
3.9984603,3.0955825,4.104529,0.47563252,170862.72,1.0,1.2916665,0
7.737116,5.872711,8.012451,0.71097565,70870.26,0.0,1.3174691,1
6.099095,4.0824447,5.979278,0.28707033,167352.64,1.0,1.493981,0
4.0764403,3.7138076,3.8667326,0.7897501,784621.6,1.0,1.0976446,1
3.9379363,3.216017,4.108029,0.39889646,325796.34,1.0,1.2244762,0
0.406537,0.3100659,0.39061385,0.53013563,927017.9,1.0,1.3111309,0
7.5515723,6.494596,6.908196,0.6918745,56703.516,0.0,1.162747,1
2.689557,2.0276268,2.6409354,0.73765105,873138.5,0.0,1.3264557,1
2.1963248,1.7352155,2.213517,0.57047313,1069349.4,0.0,1.265736,0
7.9953895,6.525311,8.739966,0.39582416,101527.445,0.0,1.2252886,0
5.8057795,3.8148909,5.9128633,0.3825783,1047504.2,1.0,1.521873,0
0.56943744,0.47851536,0.53621876,0.41376615,1105549.1,1.0,1.1900086,0
0.6827067,0.6245669,0.7280649,0.7833885,666216.2,0.0,1.0930882,1
0.3989122,0.4001858,0.38227612,0.4425282,377208.03,0.0,0.9968175,1
4.8770275,3.898437,5.32501,0.5485441,697236.25,0.0,1.2510213,0
0.7582031,0.6384469,0.73171335,0.34343642,407174.7,1.0,1.1875743,0
7.480429,5.6860785,8.093103,0.32654843,1123191.4,1.0,1.315569,0
7.507871,6.7126307,8.076899,0.5039588,675176.5,0.0,1.1184692,1
4.459222,3.3043933,4.7838464,0.45128834,968510.1,1.0,1.3494827,0
5.0097837,4.4112706,4.548268,0.46224415,751465.75,1.0,1.1356782,1
2.4767764,1.7913057,2.6500862,0.27813953,381668.34,1.0,1.3826654,0
0.6989858,0.6739325,0.72992295,0.4889769,625149.2,1.0,1.0371748,1
5.9521914,5.8080835,5.754934,0.7323905,1061875.0,1.0,1.0248116,1
0.9939307,0.72382104,0.99196243,0.3720443,490303.9,0.0,1.3731718,0
0.8673496,0.7835368,0.89162064,0.6346153,442531.62,1.0,1.1069672,1
2.6275403,1.7504482,2.8606224,0.0,1149895.0,1.0,1.5010672,0
0.29723215,0.27647865,0.31388217,0.3796482,434170.12,0.0,1.0750636,0
3.5854778,2.788818,3.534206,0.2134414,1038426.25,1.0,1.2856623,0
5.719911,4.020791,5.8862696,0.6854306,255022.83,1.0,1.4225835,1
6.4505215,5.311677,6.0452623,0.6318167,960483.7,1.0,1.214404,1
4.913597,4.2926645,4.838854,0.34485,757596.9,1.0,1.1446496,0
6.805619,5.537922,7.202116,0.5433916,188226.06,0.0,1.228912,1
3.3707173,2.716488,3.442574,0.6802564,123536.94,1.0,1.2408365,1
6.820422,4.4805174,7.206798,0.70357877,393053.38,0.0,1.5222399,0
4.1504917,2.9295402,4.158641,0.4391314,806074.44,0.0,1.4167725,0
1.9396818,1.6048839,1.893185,0.16867158,464130.78,1.0,1.208612,0
7.564336,6.888124,7.9312673,0.365219,361825.22,0.0,1.0981708,0
2.3447728,1.6785691,2.1542623,0.6149217,719143.6,1.0,1.3968879,0
0.4043716,0.2962654,0.44307858,0.8148341,1145438.0,0.0,1.3648964,1
2.0928576,1.8217614,2.280534,0.49185124,190130.64,1.0,1.1488099,1
3.060163,2.5659382,3.292961,0.40897673,791268.5,0.0,1.1926097,0
2.9405274,2.5165646,3.1665237,0.8599042,1099262.5,0.0,1.168469,1
4.2924066,3.521309,4.301898,0.5608599,672265.5,1.0,1.2189804,0
7.08839,5.7033267,7.0854774,0.3158348,1158814.2,1.0,1.2428517,0
2.4802382,2.2423716,2.6390142,0.48216385,737578.75,1.0,1.1060781,1
4.2620106,3.3350601,4.077258,0.6499891,823492.4,1.0,1.2779411,1
2.8530838,1.9030182,3.0527506,0.48944387,959972.06,0.0,1.4992415,0
6.60983,4.8525114,6.2144036,0.6191541,279682.12,0.0,1.3621463,0
1.4292918,1.334516,1.5376627,0.25924888,694220.94,0.0,1.0710188,0
1.0073801,0.7081158,1.0156578,0.28487387,756402.94,1.0,1.4226205,0
4.123363,3.5838165,4.4063997,0.38977158,188169.81,1.0,1.1505508,0
5.440723,4.9589252,5.4332614,0.457671,573838.56,1.0,1.0971577,1
6.4050965,5.060486,6.544,0.55009234,936280.1,1.0,1.2657077,0
4.7990737,4.3943105,5.2087097,0.59551406,96812.164,0.0,1.0921109,1
6.236028,5.496928,6.134022,0.8699171,525515.8,1.0,1.1344569,1
3.2631385,2.1727207,3.0805895,0.38921648,217575.3,1.0,1.5018674,0
0.45636782,0.39354843,0.41903514,0.45290166,252110.89,1.0,1.159623,1
1.1055746,0.92966145,1.1254703,0.3934017,639460.7,1.0,1.1892228,0
0.5020363,0.41746825,0.51319003,0.66190827,83904.09,1.0,1.2025735,1
2.7657604,2.5654533,2.8325288,0.6700926,538700.25,0.0,1.0780787,1
4.0648327,3.366929,3.688564,0.43285167,79560.94,0.0,1.2072818,1
2.9792764,2.2688692,2.6976843,0.8098619,1114394.1,0.0,1.3131107,1
4.5726757,4.0980816,4.9342985,0.39366516,1065397.0,0.0,1.1158088,1
3.9487514,3.342517,4.103149,0.65448767,293383.97,0.0,1.1813706,1
5.4879537,4.840882,5.0635343,0.7181784,125675.02,0.0,1.1336682,1
5.4023046,3.6749449,4.9427166,0.29576305,338231.0,1.0,1.470037,0
2.6809003,2.1560872,2.499595,0.5866448,82650.695,0.0,1.24341,1
2.9004726,2.350573,3.0785148,0.091243096,895007.1,1.0,1.2339427,0
4.764153,4.237816,4.976716,0.62363183,709978.6,1.0,1.1242001,1
4.8521733,4.277902,4.986727,0.33475912,675415.5,0.0,1.1342412,0
2.6546593,2.4719107,2.7294097,0.58512044,1029768.06,0.0,1.0739301,1
2.7764795,2.237051,2.9757607,0.6132483,980709.3,0.0,1.2411338,0
5.613551,5.220388,5.4265738,0.6680208,520213.8,0.0,1.0753131,1
5.2498045,4.886837,5.063153,0.6335323,751887.44,0.0,1.0742745,1
1.2533963,1.1004893,1.2347023,0.5083842,558079.1,1.0,1.1389445,1
3.6401267,3.2024944,3.9966233,0.44292852,767611.1,0.0,1.1366535,0
7.1631074,7.14022,7.241757,0.4888416,224253.58,1.0,1.0032054,1
0.48318428,0.3182204,0.48771665,0.33259976,395092.28,1.0,1.518395,0
6.870279,6.5036044,7.295678,0.46824682,339666.12,1.0,1.0563802,1
1.4727896,1.3846301,1.3779609,0.45639566,242587.06,1.0,1.0636702,1
4.1565394,3.664158,4.0778985,0.3817672,525913.8,1.0,1.1343777,0
3.509824,2.5500836,3.6090555,0.23882101,885474.3,0.0,1.3763565,0
0.27900884,0.2908961,0.30624104,0.30845958,505465.2,1.0,0.9591358,1
7.340096,5.0006557,6.832851,0.027483268,1180031.0,1.0,1.4678267,0
3.7484167,2.8601701,3.712452,0.4538181,397404.28,1.0,1.3105572,0
7.6432924,5.917871,8.2632885,0.5540748,1140349.2,1.0,1.2915611,0
2.4366024,1.9247284,2.5465083,0.09761506,272586.75,1.0,1.2659461,0
6.956951,5.4071636,7.115264,0.5355072,418890.78,1.0,1.2866174,1
7.3946385,6.484149,7.0354195,0.48162887,238693.69,0.0,1.1404178,1
4.543293,4.554429,4.259074,0.32348663,323596.7,1.0,0.99755484,1
1.7808868,1.3757889,1.736084,0.43531922,230678.31,1.0,1.2944477,0
5.54493,4.676061,5.273348,0.6576206,768551.44,0.0,1.1858121,1
4.482029,4.0417786,4.7585487,0.35387164,280707.44,1.0,1.108925,0
7.5673313,6.6690974,7.9013586,0.51182765,147901.97,1.0,1.134686,1
3.626322,2.777694,3.8694293,0.5519894,356383.84,0.0,1.3055154,0
2.2944064,1.4834898,2.1434722,0.3766689,830160.06,1.0,1.5466278,0
1.2786386,1.1029528,1.2300425,0.65124065,542926.0,1.0,1.1592867,1
5.649342,5.054447,5.9527698,0.56057614,229581.8,0.0,1.1176972,1
7.798055,6.9416375,7.2733216,0.46221337,122967.72,0.0,1.123374,1
0.42108142,0.31602538,0.3912356,0.85448605,888757.94,0.0,1.332429,1
5.975474,5.1384807,5.835718,0.65188676,859726.1,0.0,1.1628873,1
7.430057,6.954297,6.9640985,0.24707587,580753.44,1.0,1.0684123,0
0.783296,0.6970443,0.7173272,0.4416264,656911.3,1.0,1.1237391,0
1.0593264,0.95473176,1.0196598,0.86999637,326566.78,0.0,1.1095539,1
5.5972652,5.4661336,6.017731,0.3526728,608137.4,1.0,1.0239899,0
5.254114,4.447646,4.788109,0.50995004,887897.6,0.0,1.1813247,1
0.73685384,0.6255643,0.7465958,0.684649,937262.5,1.0,1.1779027,1
6.7084975,5.7748237,6.79303,0.59784824,441569.1,0.0,1.16168,1
4.282706,3.3961592,4.309122,0.6194704,830678.1,1.0,1.2610439,1
7.2761397,6.1246033,7.284156,0.6106387,609457.06,0.0,1.1880181,1
7.048329,6.328761,6.3677936,0.5038089,900236.2,1.0,1.113698,1
6.5375605,5.970917,5.9458475,0.38115284,844397.75,1.0,1.0949005,0
4.2240114,3.349209,4.233479,0.56521463,912910.2,1.0,1.2611967,1
2.163343,1.4776565,2.3659656,0.4395835,239615.88,1.0,1.4640365,0
4.146609,3.6013465,4.070291,0.42779732,420440.38,1.0,1.1514052,1
0.9863287,0.8127432,0.98086977,0.7223708,354731.3,1.0,1.2135799,1
5.3389997,4.465138,5.853747,0.4428506,564129.2,0.0,1.1957077,0
1.2450223,1.0122567,1.3145227,0.7559196,584649.3,1.0,1.2299471,1
4.187149,3.3038905,4.4133472,0.538515,817403.25,0.0,1.267339,0
0.6241794,0.6245799,0.6247706,0.47612783,705048.2,1.0,0.9993588,1
2.5361974,2.2753487,2.7380345,0.22736575,716856.1,0.0,1.1146412,0
2.0102277,1.6077868,2.042864,0.8179784,777932.56,1.0,1.2503073,1
5.036246,3.9851747,5.1940794,0.49910456,363823.16,1.0,1.2637454,0
6.3369365,5.9787583,6.7013807,0.15938303,310051.38,1.0,1.0599084,0
0.64696306,0.5273006,0.63487583,0.64815885,297466.84,1.0,1.2269341,1
6.832213,6.1141734,7.4515805,0.49247122,946365.5,1.0,1.1174386,1
6.913988,4.949218,7.5888033,0.3603012,161850.97,1.0,1.396986,0
2.8696988,1.895644,2.9197106,0.6396775,413506.62,1.0,1.5138385,0
5.340232,4.5627604,5.043374,0.11769014,372313.9,1.0,1.1703949,0
3.3403816,2.2934523,3.5240371,0.3928857,730714.6,1.0,1.4564862,0
1.4026889,1.206914,1.352792,0.45508963,1112820.4,0.0,1.1622112,0
4.323567,3.8745816,4.3902392,0.6278282,1060383.9,0.0,1.1158797,1
0.8736055,0.6684869,0.80139387,0.83603776,171195.42,1.0,1.3068401,1
7.052083,5.9171653,7.485632,0.46328467,671241.75,1.0,1.1918008,0
7.40946,6.0819783,8.089777,0.5689916,92777.0,1.0,1.2182648,1
6.6085825,6.39492,6.0722585,0.91225827,961267.1,1.0,1.0334113,1
4.5877194,3.9672956,4.8002214,0.50071055,480925.94,1.0,1.1563846,1
4.549269,3.4641495,4.8775797,0.5702299,297094.5,1.0,1.3132427,0
7.8799376,7.1726274,7.264524,0.31439728,606717.2,1.0,1.0986124,0
2.1336331,1.8210354,2.0255845,0.7938751,550368.8,0.0,1.1716594,1
0.79239726,0.6885996,0.77526104,0.39305356,1134597.6,0.0,1.1507374,0
4.5831394,3.8022037,4.8918233,0.5402857,88164.72,1.0,1.2053902,1
2.7645276,2.0639577,2.7608957,0.53603536,1142481.8,1.0,1.3394303,0
2.7142425,2.4532459,2.5171685,0.51280075,319526.94,0.0,1.1063882,1
0.25526577,0.22773582,0.24282774,0.43485296,216786.98,1.0,1.1208855,0
4.8506675,3.6258438,4.8190193,0.5361989,903097.4,1.0,1.3378037,0
2.2594628,1.8591255,2.0512598,0.76360214,650963.44,0.0,1.2153364,1
1.6652967,1.7070698,1.7089264,0.8421401,1079994.5,0.0,0.9755294,1
0.51536906,0.47220704,0.4664422,0.47372857,674032.7,1.0,1.0914049,0
3.0420203,2.2577665,3.2129035,0.4325805,631287.75,0.0,1.3473582,0
7.0559573,6.6757703,7.385966,0.37868533,287086.16,0.0,1.0569503,1
2.8260324,2.1105473,3.0325813,0.90292037,1142239.9,1.0,1.3390044,1
5.496779,4.6356235,5.1204834,0.51932526,814163.75,1.0,1.185769,1
6.101066,5.0874066,6.226242,0.6672564,741804.0,1.0,1.1992488,1
2.7591863,2.218549,2.9142678,0.6044991,958564.1,1.0,1.2436895,0
6.6087976,4.9961286,6.629614,0.83126026,166461.64,1.0,1.3227838,1
5.5966616,5.224583,5.1834087,0.46284497,1046375.44,1.0,1.0712168,1
4.5620894,3.5329869,4.1961417,0.33393976,625555.1,1.0,1.291284,0
0.20774122,0.2017855,0.21214107,0.7789178,972545.0,0.0,1.029515,1
0.47370797,0.39114213,0.47348133,0.63549596,869525.44,1.0,1.2110891,1
7.9287534,6.3499656,8.609929,0.56844246,568948.9,1.0,1.2486293,1
6.3018146,4.868399,6.722575,0.7302789,935166.3,0.0,1.2944326,1
7.513009,5.815113,7.849215,0.57699955,878794.8,1.0,1.2919799,0
7.237965,5.1928673,7.9362793,0.7354851,54280.164,0.0,1.3938283,1
0.35945526,0.3002996,0.37344605,0.5369888,865634.56,0.0,1.1969888,0
6.376409,6.1384487,5.8565564,0.63529235,635107.0,1.0,1.0387655,1
3.718937,3.5858073,3.4047334,0.5789587,1015391.5,0.0,1.0371268,1
6.358554,4.4278736,6.760248,0.45120743,981091.1,0.0,1.4360288,0
0.2523831,0.20063418,0.24535191,0.46919143,246245.8,1.0,1.2579268,0
2.4479547,1.6610115,2.65568,0.44107068,75022.47,1.0,1.4737735,0
6.0603256,6.15361,5.5976167,0.53982306,275774.25,1.0,0.98484063,1
6.385562,4.471973,6.0008793,0.43162963,902294.06,0.0,1.4279071,0
5.033774,3.9506953,5.3087864,0.5653849,1052054.1,1.0,1.2741488,0
2.5497983,2.0484736,2.7269962,0.5602852,855660.1,1.0,1.2447308,1
2.6208282,2.0882556,2.8133,0.5307731,993675.9,0.0,1.2550323,0
7.740759,5.5093346,7.120166,0.5333778,725327.0,0.0,1.4050262,0
3.625855,3.0498788,3.5401413,0.41507623,632498.75,1.0,1.1888522,1
3.6875794,2.5817878,3.7955415,0.45770353,1165918.6,1.0,1.4283046,0
4.5081954,3.1765943,4.885798,0.24940868,142678.69,0.0,1.4191915,0
3.3941183,2.5431643,3.2169554,0.4820196,534557.44,0.0,1.3346044,0
4.510838,3.5734818,4.601364,0.35212833,369765.8,1.0,1.262309,0
3.5722163,3.4740846,3.317531,0.5149779,190358.62,1.0,1.0282468,1
6.6483765,5.445997,6.9771767,0.39282662,746413.56,1.0,1.2207822,0
7.290598,6.889912,6.747484,0.19239908,352737.94,1.0,1.0581554,0
7.47046,5.4534607,8.21748,0.8378664,582409.25,0.0,1.3698567,1
4.6015105,3.9829946,4.2262726,0.4652856,207076.9,1.0,1.1552892,1
3.6487586,3.3031065,3.784009,0.71705866,498484.5,0.0,1.1046445,1
5.7008724,4.290092,6.016745,0.42095155,280293.06,1.0,1.3288461,0
6.738924,6.656109,6.4127464,0.75471747,1081477.6,1.0,1.012442,1
4.5912614,3.7612312,4.3661323,0.32724532,650755.56,1.0,1.2206805,0
5.659852,4.788654,5.7686877,0.52640474,969475.1,1.0,1.1819297,1
6.0478888,4.803099,6.205708,0.33615658,608585.3,1.0,1.2591639,0
5.4758716,4.487364,5.717386,0.8901115,98741.96,1.0,1.220287,1
6.0198417,5.09158,6.1165133,0.46261078,848736.56,0.0,1.1823131,0
1.8274336,1.7184085,1.7084556,0.6242679,104996.945,0.0,1.0634453,1
4.0873213,4.107236,4.4340434,0.5675866,504296.5,1.0,0.99515134,1
4.7884946,3.945836,4.469209,0.49617267,678980.25,1.0,1.2135564,0
0.21932787,0.19617282,0.22218959,0.577658,946802.56,0.0,1.1180339,1
6.8765078,6.8667293,7.4541383,0.70387596,1083389.8,1.0,1.0014241,1
4.9581914,4.1840153,5.3677077,0.6002309,285535.84,1.0,1.1850319,1
1.2072634,0.82647777,1.1270785,0.5243682,813108.0,1.0,1.460733,0
6.567585,4.918618,6.2242355,0.57789844,590763.06,1.0,1.33525,0
5.7930446,4.2209687,5.9110494,0.7872558,932643.06,0.0,1.3724443,1
6.1147366,4.234291,5.915597,0.43747845,1130820.4,1.0,1.4440993,0
3.2579312,3.0825272,3.4083714,0.22191696,662912.2,1.0,1.0569026,0
6.8627796,4.83958,6.893531,0.33552486,379786.66,0.0,1.4180527,0
3.4294152,3.0771852,3.2689803,0.34668148,968285.56,0.0,1.114465,0
4.6499715,4.3232994,4.5672374,0.36780804,655746.25,1.0,1.0755608,0
0.20500997,0.17548595,0.2128459,0.37296396,1064620.1,0.0,1.1682414,0
5.2300105,4.182325,5.528269,0.49646005,700984.1,1.0,1.2505032,0
5.801771,4.6968026,5.650416,0.5371127,1127691.4,0.0,1.2352598,0
4.623453,4.183741,4.258187,0.53550076,70167.11,0.0,1.1051002,1
4.0731587,3.6873643,3.9536335,0.39045832,899802.6,1.0,1.104626,0
6.5175047,4.942052,6.6875734,0.649085,448518.66,0.0,1.3187852,1
5.514707,4.6338034,5.8012867,0.58016837,818913.44,1.0,1.1901038,1
2.3689775,1.6230783,2.5488584,0.73719627,1133698.8,0.0,1.4595584,0
7.680772,6.1515145,8.390386,0.62701416,801997.9,1.0,1.2485985,1
5.7166843,4.703613,5.7502575,0.44757023,906733.2,0.0,1.2153815,0
7.905924,6.4324574,8.507102,0.69582325,231758.02,1.0,1.2290673,1
7.7758384,7.0057197,7.40583,0.5410379,246095.75,1.0,1.1099272,1
7.367496,5.1269665,7.4553924,0.6196968,709440.4,0.0,1.4370089,0
6.091898,5.6130195,6.139884,0.6080645,545195.1,0.0,1.0853157,1
4.953549,4.7132416,5.219747,0.48135203,177823.12,1.0,1.0509857,1
1.5429312,1.2286853,1.6272131,0.51549053,887585.6,1.0,1.2557579,0
4.438141,3.2827969,4.2476053,0.4802938,853800.1,0.0,1.351939,0
6.1699367,4.6310925,6.646085,0.37205806,155312.14,1.0,1.3322854,0
4.262686,3.7949796,4.596448,0.17829578,105955.305,1.0,1.1232435,0
6.9722652,6.152653,7.5973167,0.39592916,485635.3,1.0,1.1332128,0
1.055316,0.72171885,1.0463763,0.52987486,777874.3,0.0,1.462226,0
3.1713347,2.4871116,3.4804854,0.66283774,1077602.6,1.0,1.2751075,1
4.1465225,2.994724,4.3828006,0.6193985,549681.44,1.0,1.3846092,0
3.5721374,3.1183336,3.6815786,0.45805803,146718.44,1.0,1.1455276,0
1.046975,0.8623931,1.0327902,0.3979735,1016535.94,0.0,1.2140347,0
1.3975207,1.0329531,1.4932317,0.47301888,193634.83,1.0,1.3529371,0
6.7334146,6.2113028,7.089124,0.35374904,783000.0,1.0,1.0840584,0
3.9781973,2.9208043,4.046271,0.18270956,525471.4,1.0,1.3620212,0
0.5800349,0.5217792,0.63770735,0.2682283,1096005.6,1.0,1.1116482,0
0.32863182,0.3052374,0.3121648,0.7062112,860647.56,0.0,1.0766432,1
3.8931081,3.5193822,4.003481,0.77859277,50163.984,0.0,1.1061907,1
1.482154,1.3097663,1.4291307,0.6130912,478676.22,0.0,1.1316172,1
5.699982,5.649322,5.6519237,0.4912771,257355.44,1.0,1.0089675,1
6.403523,4.7303596,6.197261,0.29105294,376061.22,1.0,1.3537074,0
1.9807143,1.8540976,1.9151746,0.4758302,508799.12,1.0,1.0682902,1
4.81898,3.3622694,4.700266,0.5917759,672592.9,0.0,1.4332522,0
1.4046682,1.2664443,1.2801245,0.6244822,968138.94,0.0,1.1091434,1
2.5679448,1.9404187,2.3316224,0.6033217,149392.47,1.0,1.3233972,0
7.132605,6.7847757,7.453461,0.6814352,557268.9,0.0,1.0512661,1
4.443965,4.27866,4.275902,0.7914428,1028325.94,1.0,1.0386348,1
7.109932,5.5302463,6.4291058,0.43924665,547007.25,1.0,1.2856447,0
1.9569329,1.6458114,1.7931302,0.9207968,647189.25,1.0,1.1890383,1
2.77419,2.489166,2.6054354,0.19700937,945396.9,1.0,1.1145058,0
3.8734267,2.8257673,3.5234334,0.38325328,869828.56,1.0,1.3707522,0
3.9446247,3.4989703,4.2966013,0.53000003,636497.4,1.0,1.1273673,1
7.981654,6.920075,8.09078,0.5823539,1162157.0,0.0,1.1534058,1
1.0926735,0.9484059,1.0695142,0.47275466,91645.586,1.0,1.1521158,1
6.8453274,5.122163,6.8901124,0.4256351,112686.8,0.0,1.3364134,0
6.93672,6.8011584,6.399568,0.83038783,541466.9,1.0,1.0199322,1
4.5149493,3.172598,4.6972136,0.4184716,231526.72,0.0,1.4231079,0
2.8834898,2.5368023,3.154302,0.3470939,298984.6,1.0,1.1366632,0
4.2499638,3.099151,3.936025,0.75362384,222594.92,1.0,1.3713316,1
2.4812481,1.8495439,2.308851,0.6273729,846224.3,1.0,1.3415459,0
6.433038,4.4804754,6.5985775,0.6642076,534458.8,0.0,1.4357936,0
4.0865774,3.4053297,3.8020945,0.5293807,1009300.94,1.0,1.2000533,0
7.421569,6.2042227,6.866514,0.293602,337941.94,1.0,1.1962125,0
5.0569925,3.9342713,5.2294197,0.5126929,766940.4,0.0,1.2853695,1
4.211691,3.9691164,4.3116407,0.27294686,295458.1,0.0,1.0611155,0
5.7463408,4.7147403,5.421945,0.5363461,66656.805,0.0,1.2188033,1
4.130677,3.1738179,4.397667,0.5980104,842256.1,0.0,1.3014852,0
7.2551494,5.1609564,6.682357,0.66131294,217347.92,1.0,1.4057761,1
1.6386786,1.5094995,1.5838073,0.48614177,847882.25,0.0,1.0855774,1
7.7921195,6.8749685,8.164377,0.61221343,844272.1,1.0,1.1334044,1
6.535086,5.797168,6.683957,0.36442316,818365.6,1.0,1.1272895,0
6.91372,5.393174,7.0520926,0.64499474,730753.75,1.0,1.281939,1
3.966681,3.6620471,4.114459,0.6011867,1067660.6,1.0,1.0831867,1
6.730172,4.642618,6.927316,0.37996137,136982.16,0.0,1.44965,0
2.5928378,2.0771372,2.7869225,0.5795544,1121591.9,1.0,1.2482747,1
6.1431956,4.2401304,6.227686,0.66345817,125864.76,1.0,1.4488225,0
1.2955112,1.2108704,1.2699338,0.5117969,619621.9,0.0,1.0699009,1
2.595005,2.016027,2.7331057,0.3766231,1111717.9,1.0,1.2871877,0
3.6767147,3.4087858,3.4996734,0.52666336,359268.7,1.0,1.0785996,1
2.7140937,1.8962787,2.8550053,0.5828676,1013590.25,1.0,1.4312736,0
3.2187335,2.6392736,3.0770988,0.37549707,732167.5,1.0,1.2195528,0
6.596817,5.143164,6.570932,0.3488534,1040363.6,1.0,1.2826378,0
2.202072,1.8070594,2.3074162,0.5782434,105852.48,0.0,1.2185941,1
6.013193,4.369476,6.166721,0.62349766,689332.56,1.0,1.3761818,0
0.77495414,0.5423556,0.71073973,0.82246363,266948.72,1.0,1.4288672,1
6.1727653,5.142124,6.10679,0.599859,70778.83,1.0,1.2004309,1
6.3777814,4.274681,6.7755704,0.31863776,842297.5,1.0,1.49199,0
3.3332505,2.5683804,3.664419,0.8059675,912136.6,1.0,1.2978024,1
5.835327,5.065492,5.796578,0.65824807,896740.6,0.0,1.1519763,1
7.3380795,7.0585694,6.7303777,0.19920933,886021.6,1.0,1.0395987,0
6.4455614,6.1250234,6.2730594,0.3454565,969933.1,1.0,1.0523325,1
3.2454827,2.3695824,3.238942,0.42626622,590028.25,1.0,1.3696434,0
3.9768655,3.2192879,3.637582,0.6257147,449712.28,0.0,1.2353246,1
6.278989,5.387255,6.7364244,0.14308175,936607.56,0.0,1.1655265,0
2.4822378,1.8757052,2.5014956,0.48213315,816429.7,1.0,1.3233624,0
6.4702854,5.8162656,6.3617344,0.61715734,280007.3,1.0,1.1124467,1
2.758955,1.811615,2.7022223,0.07488314,550587.2,0.0,1.5229256,0
6.4867268,6.200622,5.8747797,0.61201376,259498.56,1.0,1.0461413,1
0.8770435,0.7600585,0.8803544,0.63004154,945738.9,1.0,1.1539156,1
0.5462989,0.46161765,0.54363036,0.3730021,334200.6,1.0,1.1834446,0
7.9818683,6.1084886,7.7358437,0.3270069,766099.94,0.0,1.3066847,0
6.9817657,4.7683825,7.2033353,0.37065595,895672.5,1.0,1.464179,0
7.0862107,5.424634,6.9601216,0.09918532,1190344.6,1.0,1.3063021,0
7.6199837,7.019142,7.7293515,0.45107153,548113.94,0.0,1.0856004,0
3.6188672,3.1204371,3.8975506,0.53293943,1053329.6,1.0,1.1597308,1
2.4373174,1.9712005,2.3709671,0.31709948,814007.0,0.0,1.2364634,0
1.214195,0.8588024,1.1894069,0.64580745,59715.64,1.0,1.4138235,1
4.1094313,3.736904,4.4101624,0.5153851,499970.97,0.0,1.0996888,1
1.916377,1.4165366,1.8619878,0.53900266,503235.8,0.0,1.3528609,0
7.497297,5.5658774,7.406374,0.4397005,187568.92,0.0,1.3470107,0
0.23122467,0.2190539,0.24513571,0.6114566,552653.44,1.0,1.0555607,1
1.3169346,1.0501136,1.3411311,0.6935841,183928.55,1.0,1.2540877,1
2.1225116,1.781985,2.3066971,0.43887222,1010692.2,1.0,1.1910939,0
1.7518624,1.6246133,1.7415835,0.61415476,466181.78,0.0,1.0783257,1
1.9610718,1.5639315,1.9528457,0.61580414,260590.0,1.0,1.2539371,1
5.317171,4.8204393,4.8311057,0.5626806,742096.3,1.0,1.103047,1
2.7545943,2.4045246,2.587833,0.7515581,1036219.44,1.0,1.1455878,1
4.99719,4.3429193,5.037167,0.39102656,1125166.8,0.0,1.1506523,0
7.144012,4.9790616,6.6969547,0.43676776,1078428.6,1.0,1.4348109,0
4.899943,3.4766157,4.854455,0.38345608,1064360.5,0.0,1.4094001,0
5.617356,4.7285,5.373919,0.60875326,450259.22,0.0,1.1879784,1
3.0509257,2.2380722,2.7585332,0.45912707,631234.6,1.0,1.3631936,0
1.44596,0.97045314,1.438762,0.39563763,477005.12,1.0,1.4899844,0
2.7005558,2.2097085,2.7795577,0.74947214,1110600.9,0.0,1.2221321,1
7.7214046,6.698724,7.471592,0.77142584,156750.11,1.0,1.152668,1
5.050129,3.916922,5.329428,0.45069605,687467.6,1.0,1.2893105,0
2.3645868,2.0900729,2.1971996,0.2948888,333941.66,1.0,1.1313418,0
3.717139,3.4607022,3.413294,0.7795276,1027930.4,1.0,1.0740997,1
6.717002,6.268768,7.301168,0.57060957,440101.1,1.0,1.0715027,1
5.41386,4.5866413,5.8704176,0.5631084,1043236.9,1.0,1.1803539,1
4.573092,4.0889077,4.4876156,0.51575017,1117249.4,1.0,1.1184142,1
7.1042705,5.2749343,6.990505,0.37995234,247762.8,1.0,1.3467978,0
5.445029,4.373437,5.8273087,0.43800718,917390.56,0.0,1.2450228,0
5.213292,5.1835656,5.245115,0.601658,452475.0,1.0,1.0057348,1
1.6801915,1.4320617,1.551527,0.43286595,513767.6,1.0,1.1732676,1
1.0298318,0.960274,0.9505086,0.56494755,365538.47,0.0,1.0724353,1
7.7281084,7.4920783,7.157976,0.50200486,759166.6,1.0,1.031504,1
4.871095,3.448491,5.1446223,0.34146696,444642.2,1.0,1.4125295,0
3.4423306,2.8302858,3.5124826,0.7431696,901708.2,0.0,1.2162484,1
4.7943625,4.33997,4.6023636,0.58910495,945265.8,1.0,1.1046994,1
0.6821333,0.5009317,0.6360311,0.54959714,504402.12,1.0,1.3617291,0
6.6125927,5.808432,6.1146164,0.5832532,55455.633,1.0,1.138447,1
1.8898351,1.6686475,1.9810717,0.23106624,125993.52,0.0,1.132555,0
6.4754586,5.5161295,6.9751863,0.42602307,364884.06,0.0,1.1739135,1
4.3681517,3.3002257,4.395303,0.27090493,1146954.1,0.0,1.3235918,0
2.3572617,1.9575565,2.4858315,0.5187029,502880.72,0.0,1.2041857,1
0.4356376,0.3115828,0.41674212,0.54888684,905870.56,0.0,1.3981439,0
6.5635004,6.050155,6.675951,0.52120084,1126489.6,1.0,1.0848483,1
1.5763891,1.0367546,1.5568541,0.6767884,442930.56,1.0,1.5205035,0
0.6040799,0.5950231,0.55426675,0.27539718,695483.44,1.0,1.0152209,0
6.095846,4.771453,6.0804443,0.38011235,1030168.75,1.0,1.2775661,0
2.9303372,2.3677053,3.1335776,0.5621522,757017.56,1.0,1.2376275,1
3.2368052,2.8006408,2.9466467,0.5395905,179053.7,0.0,1.1557374,1
2.1271272,1.6016676,2.1173875,0.30268538,935013.44,0.0,1.3280703,0
6.9015923,5.3476634,7.416814,0.6794795,1089706.4,0.0,1.2905809,1
2.5191703,2.388111,2.6653185,0.73148334,934092.2,1.0,1.0548798,1
1.8395021,1.7532508,1.8370923,0.56383806,915419.6,1.0,1.049195,1
2.6121478,2.0114713,2.4404485,0.2736393,919050.75,0.0,1.2986255,0
1.7845666,1.5256952,1.9089603,0.5239588,754419.7,1.0,1.1696744,1
2.6777108,2.3194752,2.4919496,0.5510514,334981.4,1.0,1.1544468,1
0.84690255,0.79405475,0.80910033,0.45922366,1097464.5,0.0,1.0665543,1
1.4365343,1.1103702,1.3285859,0.7020867,198243.39,1.0,1.2937436,1
3.4530125,2.5091972,3.424704,0.4826092,1001390.1,0.0,1.3761423,0
7.0598416,6.927767,7.2422647,0.81568134,463280.44,1.0,1.0190645,1
0.6468678,0.5380956,0.6891883,0.6174676,824893.1,1.0,1.202143,1
1.8588628,1.5703133,1.8444891,0.541412,975861.7,0.0,1.1837528,0
7.285096,6.676246,7.970945,0.6380641,968377.4,0.0,1.0911964,1
7.1421146,5.7634544,7.279039,0.7296328,235314.0,1.0,1.2392073,1
5.4997163,5.207641,5.6145616,0.6348578,752555.8,1.0,1.056086,1
2.0756936,1.391211,1.9408932,0.48862475,296747.03,1.0,1.492005,0
3.4745224,3.2680035,3.2591827,0.40101197,178919.92,1.0,1.0631943,1
1.8475238,1.8359768,1.8758374,0.3316839,640595.5,0.0,1.0062892,1
1.2029904,1.2575608,1.2561336,0.13389213,1185656.1,0.0,0.9566061,0
3.1639874,2.8953881,2.9771266,0.526135,1178913.5,1.0,1.0927681,1
4.6914086,4.2839003,4.6764126,0.44184956,709411.4,0.0,1.0951256,1
3.007475,2.4115846,2.92098,0.44988072,938000.3,1.0,1.2470949,0
4.9644313,4.469647,4.9036307,0.65432864,337129.66,0.0,1.1106988,1
2.510787,2.4441445,2.371253,0.48318914,308016.5,1.0,1.0272661,1
2.897634,2.4438126,2.6894233,0.7842655,862501.6,1.0,1.1857023,1
6.367254,4.8349223,6.138671,0.41403502,953899.5,0.0,1.3169299,0
7.0508547,4.7780247,7.5710907,0.35435733,903112.7,1.0,1.475684,0
2.711866,2.4300375,2.877412,0.31135455,170183.69,1.0,1.115977,0
4.657823,3.8252654,4.2867384,0.6084127,459713.44,1.0,1.2176471,1
2.3696659,1.9693698,2.1743145,0.67272294,100807.19,1.0,1.203261,1
0.6160102,0.5112545,0.6151418,0.41084078,954086.6,0.0,1.2048993,0
5.955286,5.1797385,5.6901355,0.3404026,408508.3,1.0,1.1497271,0
1.5338272,1.0445564,1.633043,0.7295414,544195.06,1.0,1.4684006,0
3.5205576,3.143218,3.5108278,0.2824397,715721.6,0.0,1.1200489,0
3.9989548,3.2108443,4.2810473,0.651533,50635.387,1.0,1.2454528,1
1.6388783,1.1177753,1.5104555,0.4143528,457238.25,0.0,1.4661965,0
0.9375317,0.61974025,1.0256742,0.5595643,886375.56,1.0,1.5127817,0
2.9145014,2.9065769,3.070195,0.66153824,378975.06,0.0,1.0027264,1
7.62783,6.914529,7.981573,0.57143843,706049.06,1.0,1.1031598,1
4.9980574,3.4167552,5.4381027,0.4557116,1173747.1,0.0,1.4628081,0
3.1749997,2.4764283,3.156142,0.7094146,185879.73,1.0,1.2820883,1
0.5035044,0.3835135,0.46814722,0.5433652,358477.1,1.0,1.3128726,1
4.8821316,3.4094632,4.8791056,0.95,836561.5,1.0,1.4319355,1
0.9196096,0.81772476,0.97758615,0.2442268,738134.1,1.0,1.1245955,0
4.4318438,3.2371678,4.750531,0.24201095,1174703.9,0.0,1.3690498,0
6.065214,5.4171796,6.0513196,0.6491391,89793.055,1.0,1.1196258,1
3.5039656,2.8932657,3.6667616,0.49523732,1059693.2,0.0,1.2110764,0
2.5354097,2.227251,2.407094,0.6188914,611826.8,1.0,1.1383584,1
0.569597,0.42536098,0.5389011,0.33524287,310933.84,1.0,1.339091,0
0.39326742,0.29128173,0.40005204,0.50811994,628868.94,0.0,1.3501273,0
3.5542073,2.498059,3.4985847,0.5685976,524025.62,0.0,1.4227874,0
7.090093,5.287374,6.609459,0.41844338,256234.98,1.0,1.340948,0
2.1036897,1.6076114,2.2136548,0.5347745,302305.1,1.0,1.3085809,0
4.677633,4.39316,4.707708,0.29577106,381362.8,0.0,1.0647537,0
5.5375853,4.4459777,5.56017,0.5592234,685028.7,1.0,1.2455269,0
0.674473,0.5313389,0.6325625,0.7168172,145564.27,1.0,1.2693838,1
1.3941829,0.9416936,1.3220035,0.3143633,152172.27,1.0,1.4805058,0
2.783959,2.5547514,2.891257,0.305307,431508.1,0.0,1.0897181,0
5.426727,5.549345,5.8086634,0.67848814,863384.5,1.0,0.977904,1
3.6244738,3.2132113,3.3904867,0.30265433,1175050.9,1.0,1.1279911,0
5.9267216,4.715048,6.296959,0.62609017,63803.773,0.0,1.2569802,1
6.967263,6.8828354,7.3687105,0.5083023,1168191.8,1.0,1.0122665,1
6.115304,4.8319516,6.50046,0.4373267,838947.75,0.0,1.265597,0
7.939528,7.335962,8.069329,0.71997875,1086133.8,0.0,1.082275,1
6.0840163,5.7556677,5.903737,0.63922215,666789.1,0.0,1.057048,1
6.8469977,4.7516317,7.2181334,0.5419573,582380.2,1.0,1.4409782,0
6.6924577,5.354246,6.6656146,0.17710002,952933.6,1.0,1.2499347,0
5.896073,4.204694,5.568091,0.60683805,683777.5,0.0,1.4022597,0
6.4540544,4.7977276,6.328054,0.33937103,1081970.4,1.0,1.3452314,0
7.490529,6.948469,7.4271846,0.4667927,1077022.8,0.0,1.0780114,1
3.9066176,2.7463396,3.9107938,0.5011001,660023.8,0.0,1.4224817,0
5.178639,4.8978066,5.5904064,0.7845916,709829.3,1.0,1.0573384,1
4.21653,3.7926033,4.141615,0.4620137,574716.7,1.0,1.1117772,1
6.8380885,5.9424467,6.543792,0.28658423,842817.1,1.0,1.1507194,0
3.564605,2.9291527,3.8942225,0.7204465,834709.5,0.0,1.2169406,1
6.5938687,6.058472,6.2535567,0.60885984,798182.2,0.0,1.0883715,1
6.4349656,5.664405,5.8057756,0.61444634,121702.4,1.0,1.1360356,1
7.7027116,5.6399884,8.241626,0.7232627,1158120.1,0.0,1.3657317,1
2.1415815,1.6588844,2.336228,0.7584813,435942.6,0.0,1.290977,1
5.735032,5.255823,5.9439387,0.36623988,333149.1,1.0,1.0911767,0
6.103972,6.2869835,5.9912314,0.29135153,292706.84,1.0,0.9708904,1
7.502972,5.701756,7.56863,0.6263704,129676.15,1.0,1.3159056,0
7.273839,5.800777,7.756824,0.4606299,575595.25,1.0,1.2539421,0
4.6735015,4.3170605,5.0336795,0.4742333,97801.625,0.0,1.0825657,1
4.717395,3.5661175,4.3423862,0.3317496,235040.19,0.0,1.3228377,0
1.5048716,1.1160212,1.6156292,0.5875845,56066.44,1.0,1.3484256,0
7.804709,6.9796534,7.9878855,0.56031966,250883.5,0.0,1.1182088,1
2.1891363,1.4738213,1.984355,0.4766753,1194532.2,1.0,1.4853472,0
5.8529425,4.610251,5.3946404,0.29174867,672671.8,0.0,1.2695496,0
6.407201,5.2154775,5.8248305,0.6813725,127220.88,1.0,1.2284975,1
3.641481,3.184822,3.9681644,0.53835565,698768.75,1.0,1.143386,1
1.847311,1.5494989,1.8201622,0.66767657,740910.0,0.0,1.192199,1
1.673891,1.3377918,1.7460744,0.18454812,679885.9,0.0,1.2512343,0
6.8806686,6.0880375,6.1949654,0.50852346,436386.2,1.0,1.1301949,1
4.183901,3.7043104,4.429221,0.39246517,805827.44,0.0,1.1294681,0
0.9030685,0.7746769,0.8998238,0.5054221,214000.58,0.0,1.1657356,1
5.792752,5.035889,6.283517,0.6414816,302497.38,0.0,1.1502938,1
2.1513343,1.8959789,2.1603258,0.5554921,1193928.8,0.0,1.1346825,1
7.035879,6.8411202,7.4422717,0.5027183,527926.0,0.0,1.0284688,1
2.61466,2.4307063,2.6823623,0.50191706,219960.62,0.0,1.0756792,1
1.7621125,1.2430582,1.7693506,0.26603523,299579.22,0.0,1.4175622,0
0.86189586,0.77215004,0.9391638,0.3640148,882751.94,1.0,1.1162285,0
4.189943,4.1263566,4.186255,0.6681931,183687.7,0.0,1.0154098,1
3.715753,2.8835585,4.0073566,0.42416948,457076.25,1.0,1.2885998,0
6.0602345,4.1967854,5.497939,0.6710628,427656.0,1.0,1.4440182,0
3.8239002,3.2696636,3.9442909,0.62395567,312178.3,1.0,1.1695087,1
2.8817647,2.2520096,3.119027,0.63188076,598363.7,1.0,1.2796414,1
2.2409084,1.9512136,2.4198563,0.5499371,176647.12,0.0,1.148469,1
2.3695445,1.8477912,2.3624613,0.43459877,575052.2,0.0,1.282366,0
7.4372134,5.4097247,7.39571,0.4773272,87513.39,1.0,1.374786,0
1.4876131,1.0823959,1.5799979,0.5960579,1165893.2,0.0,1.3743706,0
7.907776,7.2078376,7.6468444,0.18115789,745604.9,0.0,1.097108,0
2.7499719,2.0519705,2.9904082,0.6865665,136330.69,1.0,1.3401614,1
0.8894438,0.78466815,0.84509337,0.42498207,269333.78,1.0,1.1335287,1
2.139785,1.6458311,1.9576455,0.4870574,896917.06,1.0,1.3001243,0
0.65563214,0.5249413,0.6912886,0.48835063,891422.4,1.0,1.2489628,0
6.362232,5.1583433,6.2409987,0.4940251,469730.9,1.0,1.2333868,1
4.1979127,2.9309916,4.076826,0.30295375,220702.84,0.0,1.43225,0
2.8284957,2.604686,2.7271845,0.5227588,666316.4,0.0,1.0859258,1
5.363987,4.7292943,5.879404,0.5891547,367856.84,1.0,1.1342045,1
5.119043,3.7436075,5.192426,0.19333227,161329.86,0.0,1.3674091,0
7.5310025,6.3844094,8.271924,0.30488214,447898.3,0.0,1.1795926,0
7.697832,6.3997774,7.4570146,0.6343798,913664.44,1.0,1.202828,1
5.5093336,5.055598,5.414539,0.6064696,457261.06,1.0,1.0897492,1
6.578964,5.213222,6.1997037,0.5448112,96897.23,0.0,1.2619766,1
6.3809156,5.7688913,6.2920475,0.39767778,188456.88,1.0,1.1060904,1
4.0321674,3.0325048,3.678954,0.6073419,735797.94,1.0,1.3296492,0
5.6947746,3.8143852,5.1259327,0.3195649,650475.75,1.0,1.4929731,0
0.8104203,0.7623714,0.80281425,0.4793996,826092.1,0.0,1.0630255,1
6.1125646,5.4787526,6.413332,0.30402607,707512.9,1.0,1.1156855,0
7.7022977,6.977315,7.605349,0.47569972,621813.06,1.0,1.1039057,1
0.8628031,0.5876444,0.8659101,0.34544137,596388.2,1.0,1.4682401,0
6.721703,5.6784353,6.6485925,0.6133716,1155768.4,1.0,1.1837245,1
7.4772444,6.5433717,7.5173287,0.5649773,1041633.75,0.0,1.1427203,1
1.9642733,1.4047985,2.0725458,0.41441366,490310.28,0.0,1.3982599,0
4.293527,3.5742593,4.5543904,0.6635449,801492.0,1.0,1.2012355,1
7.437294,5.9802575,7.9401417,0.3565527,73497.73,0.0,1.2436411,0
7.689763,6.170971,7.2474937,0.49470732,74093.41,1.0,1.2461188,0
1.1974826,0.92432123,1.1873865,0.4077768,416358.0,1.0,1.2955264,0
2.9222329,2.172709,3.115688,0.6113558,917982.06,0.0,1.344972,0
5.6455283,5.5782547,6.1444564,0.5965164,1114277.4,1.0,1.0120599,1
1.9281563,1.496968,1.9447321,0.6952935,835422.25,1.0,1.2880411,1
2.7332108,2.0793056,2.7293844,0.51244766,862347.9,1.0,1.3144826,0
0.38167027,0.2823674,0.40186787,0.056060486,86936.13,1.0,1.3516796,0
1.3974692,0.9256609,1.5348946,0.43536973,1119683.2,1.0,1.5096987,0
4.58617,3.3299541,4.5182323,0.73478895,149812.45,0.0,1.3772472,1
5.2941027,4.685968,4.939503,0.4512508,1138944.4,1.0,1.1297778,1
5.2615123,3.3648884,5.613304,0.21236958,212962.25,0.0,1.5636513,0
6.2712116,4.966493,6.5351357,0.5673998,88392.195,1.0,1.2627041,1
3.439195,2.2225132,3.1950643,0.57860893,698151.44,1.0,1.5474353,0
2.3332276,1.9869095,2.250869,0.39092016,180695.58,1.0,1.1742998,0
0.32152945,0.23153125,0.32495204,0.46298763,83137.42,0.0,1.3887087,0
1.8117126,1.5741502,1.8955824,0.3729056,818001.56,0.0,1.1509148,0
2.636625,2.3049273,2.784617,0.5783855,898996.25,1.0,1.143908,1
1.5900135,1.5323275,1.4805351,0.5084899,386883.0,0.0,1.0376459,1
0.3571269,0.27689543,0.33689567,0.3251337,663534.44,1.0,1.2897537,0
1.4280914,1.4006889,1.4978172,0.49856842,723951.94,1.0,1.0195636,1
5.3955765,5.0107756,4.9813175,0.39004636,234974.6,0.0,1.0767947,1
5.1107664,3.3099785,5.108886,0.7191591,556072.75,0.0,1.5440482,0
7.4983325,5.667491,7.567305,0.63405466,782514.25,0.0,1.3230428,1
6.4257126,5.5580864,6.21926,0.4816581,1068546.4,1.0,1.1561016,1
4.6284976,3.6653345,4.902816,0.51215965,531691.25,0.0,1.2627764,0
1.2729396,1.0301248,1.1597538,0.6520664,854233.5,0.0,1.2357138,1
4.59976,3.8791976,4.8549957,0.47395843,626932.9,1.0,1.1857504,1
0.6804415,0.5100412,0.7003148,0.61375886,863147.94,1.0,1.3340912,0
3.560902,3.2222602,3.5660424,0.7216079,957332.94,1.0,1.1050946,1
3.2440174,2.4809077,3.485614,0.4263677,660134.2,1.0,1.3075929,0
3.5369477,2.4343774,3.32632,0.7469218,120268.414,1.0,1.4529167,1
2.3826423,1.6095108,2.5259695,0.7032675,1056714.6,1.0,1.4803518,0
5.5494776,4.112294,5.20294,0.53728384,741142.8,1.0,1.3494846,1
6.759367,6.5844855,7.422388,0.4334132,740739.25,1.0,1.0265596,1
6.1944327,5.951698,5.615581,0.5354167,635884.75,1.0,1.0407841,1
5.0964665,4.7031903,5.15069,0.46332487,250066.86,1.0,1.083619,1
4.3990893,3.6988418,4.1070046,0.38108423,609100.5,1.0,1.1893153,0
0.4424566,0.36594886,0.4343132,0.57984126,667347.0,1.0,1.2090669,1
5.8388853,4.549478,5.4277654,0.34647137,491330.28,0.0,1.2834188,0
4.4508667,3.153238,4.1783185,0.4492168,221468.42,1.0,1.4115226,0
2.3117802,2.1705818,2.1087968,0.45118976,926572.44,0.0,1.065051,1
2.7571678,2.414646,2.4858646,0.29521108,575077.9,0.0,1.1418519,0
7.497733,6.3207827,7.8265924,0.5987708,855761.2,0.0,1.1862032,1
5.0700254,3.9711452,5.0228343,0.4657493,104027.01,0.0,1.2767162,0
3.912117,3.7437217,3.5565777,0.6948265,630035.0,1.0,1.0449808,1
5.0431895,3.6787772,5.485951,0.46330205,134846.33,0.0,1.3708874,0
3.42719,3.2551284,3.5407057,0.4390107,893569.0,1.0,1.0528587,1
3.8674216,3.4983168,3.6850908,0.3643036,718105.3,1.0,1.1055093,0
2.4644122,2.127599,2.4341962,0.50585437,569099.75,0.0,1.1583066,1
3.6308558,2.5769622,3.6230614,0.5067017,1168768.6,0.0,1.4089674,0
5.5476193,3.8319423,5.625206,0.611265,424919.1,0.0,1.4477304,0
0.511547,0.4439672,0.5481175,0.51005286,536323.06,1.0,1.1522181,1
6.4012136,6.372519,6.516308,0.8140876,898159.56,0.0,1.0045029,1
2.4072404,2.392264,2.6377223,0.56843257,653809.0,0.0,1.0062604,1
5.5239663,4.7552,5.774544,0.35197446,807299.3,0.0,1.1616687,0
5.2132573,3.9424744,5.7226105,0.33927855,1172721.9,0.0,1.3223313,0
5.2904987,3.8537574,5.3441963,0.5802196,850028.4,1.0,1.3728157,0
4.9434056,4.0230975,5.119835,0.3472508,223315.02,1.0,1.2287561,0
7.6809945,6.0912414,8.046453,0.58922666,290749.25,0.0,1.26099,1
4.1650844,3.4240797,4.377293,0.6343458,1050334.9,1.0,1.2164099,1
5.912089,5.320885,5.3497663,0.6379613,105170.195,1.0,1.1111101,1
5.7025046,4.326471,5.277639,0.3696219,635553.06,1.0,1.3180499,0
2.0428872,1.7431798,1.9316406,0.63822067,1091848.9,1.0,1.1719314,1
2.4097855,1.783868,2.2996557,0.54838836,942662.0,1.0,1.3508766,0
3.5073333,2.5929315,3.7916856,0.40881935,183017.16,1.0,1.3526517,0
2.3660438,2.0205572,2.4713817,0.47608984,901534.75,0.0,1.1709858,1
3.0605962,2.5247796,2.842242,0.57069194,489378.72,0.0,1.2122232,0
3.249493,2.3400416,3.201631,0.39907235,1086477.5,1.0,1.3886474,0
4.9101434,3.7551858,4.6578817,0.5452789,708714.94,0.0,1.3075634,0
1.9151423,1.4442989,2.0414896,0.71684027,681088.7,1.0,1.3260014,1
6.4734764,5.8923817,7.014396,0.64460844,60018.094,1.0,1.098618,1
3.6127837,2.9167044,3.3702142,0.5122979,337104.56,1.0,1.2386526,1
5.708704,4.910097,5.6134496,0.5351214,524667.44,0.0,1.1626458,1
0.83525133,0.7441902,0.9108979,0.41929057,882505.9,1.0,1.1223627,0
3.86573,2.7567105,3.987183,0.42351553,648057.1,0.0,1.4022982,0
0.42011234,0.36868522,0.45104074,0.26942056,1030419.75,0.0,1.139488,0
5.472098,3.7765079,5.316355,0.53766644,89502.8,1.0,1.4489836,0
2.8809385,2.945586,2.7136726,0.6023748,421322.56,0.0,0.9780528,1
7.6041718,5.4445963,7.8951135,0.48937348,737228.0,1.0,1.3966457,0
2.728169,2.0633821,2.5303364,0.36840138,807569.4,1.0,1.3221831,0
4.597686,3.1285703,4.9102383,0.5099193,627770.6,1.0,1.4695805,0
2.207623,1.8748049,2.32014,0.7012647,508680.44,1.0,1.1775215,1
5.0368786,3.6230426,4.8403463,0.63469726,132289.31,1.0,1.3902345,1
3.8429303,3.896507,3.84194,0.49557886,850678.8,1.0,0.98625004,1
3.0909004,2.0607488,3.2758563,0.80711454,1089285.1,1.0,1.4998919,1
1.7887769,1.7646854,1.9443685,0.90480757,980163.75,0.0,1.0136521,1
1.0698665,0.8780787,1.0382328,0.4279786,856414.5,1.0,1.2184175,0
1.1350572,0.8793346,1.2008888,0.46311727,779285.0,0.0,1.2908138,0
7.992512,6.352821,7.504117,0.6039997,937846.8,1.0,1.2581044,0
3.4160237,2.7525911,3.6917243,0.36305353,943241.44,1.0,1.241021,0
0.21505173,0.21108991,0.2230624,0.6273701,57981.504,1.0,1.0187684,1
7.6328444,7.6727386,7.1027274,0.51522017,461525.7,1.0,0.99480057,1
0.3558434,0.26680547,0.37291172,0.5557458,1048261.7,1.0,1.3337185,0
3.4649718,2.841314,3.6202426,0.4136843,1028401.1,1.0,1.2194963,0
5.796325,4.044809,6.0772123,0.3818445,866448.75,1.0,1.4330282,0
7.333874,5.20954,7.106344,0.20218018,405431.03,1.0,1.4077777,0
5.7605133,4.8572354,6.0367875,0.7227171,967599.3,0.0,1.1859654,1
3.8162808,3.1398544,4.0655375,0.641217,316287.94,0.0,1.2154324,1
7.8006477,5.9976964,7.562149,0.6010038,307713.9,0.0,1.3006073,1
0.5066912,0.48251015,0.47709614,0.5522489,666093.6,1.0,1.0501151,1
7.897759,7.591556,8.510436,0.15436584,707042.1,1.0,1.0403347,0
6.825254,5.8106184,6.9900074,0.38733482,454027.4,0.0,1.1746175,0
7.445654,5.5277925,7.3866653,0.46158785,744341.5,1.0,1.346949,0
2.1872249,1.9506001,2.353342,0.33779806,865479.06,1.0,1.1213087,0
1.311173,1.0890487,1.215721,0.24597171,257250.53,0.0,1.2039617,0
5.3738594,4.548942,5.707667,0.35339558,381907.5,1.0,1.1813426,0
4.2237034,2.8251328,4.21595,0.5073714,854813.8,1.0,1.4950461,0
4.28071,4.1591635,3.889046,0.5074099,1116338.9,1.0,1.0292238,1
7.4120297,6.502187,8.112634,0.6361284,1067108.4,0.0,1.1399287,1
5.036631,4.888295,5.316735,0.809477,199094.23,1.0,1.0303452,1
2.626298,2.1827407,2.4764707,0.6028642,705184.2,0.0,1.2032112,1
3.3205192,2.891352,3.601897,0.47366756,970201.9,0.0,1.1484313,1
1.2412676,1.0230722,1.3493435,0.770049,322925.53,0.0,1.2132745,1
1.7000495,1.615969,1.8022108,0.26270953,789669.3,0.0,1.052031,0
1.3181305,0.9315456,1.2198429,0.18817353,541783.7,1.0,1.4149929,0
6.5202723,4.7005763,6.1112967,0.3669915,812141.06,1.0,1.3871219,0
5.698013,5.342342,5.9875097,0.62182814,86922.22,0.0,1.0665759,1
4.336691,3.8440003,4.6956005,0.52528405,409895.94,1.0,1.1281713,1
3.120069,2.8088624,2.9422364,0.33075145,403426.75,1.0,1.1107945,0
5.4142556,4.4472437,5.3718376,0.3909358,531474.2,0.0,1.2174407,0
6.540662,5.568988,6.0890865,0.31377748,181718.69,0.0,1.1744795,0
7.073619,6.1263485,7.042506,0.31377375,552111.8,1.0,1.1546224,1
4.466727,3.3989074,4.594054,0.7326587,672723.0,1.0,1.3141655,1
6.5951037,6.0899186,5.9600677,0.47848475,80657.73,0.0,1.0829544,1
4.1881866,3.1941218,4.3079076,0.7654373,396052.34,1.0,1.3112168,1
3.9013348,3.4558191,4.010377,0.36649784,253884.88,1.0,1.1289175,0
6.9503684,6.319002,6.887827,0.5736688,1167987.1,1.0,1.0999155,1
3.2137167,2.4843001,3.4678588,0.5340624,199748.64,0.0,1.2936105,0
3.2881188,2.7363424,3.0479672,0.6319522,771527.75,1.0,1.2016474,1
2.5783086,1.8550779,2.3469372,0.53818226,512130.97,0.0,1.3898654,0
4.2458735,3.7735174,4.2423334,0.64776254,380430.97,0.0,1.1251767,1
4.44983,3.418713,4.47923,0.58312964,1032187.0,1.0,1.3016098,0
5.351597,3.6175146,5.10188,0.33630922,813700.25,1.0,1.4793574,0
3.557918,3.5617616,3.8864048,0.6099072,763347.25,0.0,0.9989209,1
1.8991308,1.3018047,1.80559,0.48453516,157706.22,0.0,1.4588447,0
6.961368,6.055183,6.6413703,0.38349205,347814.7,0.0,1.1496545,0
2.8988068,2.325107,3.0791047,0.60409665,367966.06,1.0,1.2467412,1
7.3989587,5.2312546,8.02465,0.6382338,549536.7,0.0,1.4143755,0
1.817356,1.31524,1.8304918,0.42746523,1109688.4,1.0,1.3817675,0
4.5684485,4.6628942,4.129013,0.44741526,514200.6,1.0,0.97974527,1
4.3855977,4.0364623,4.2587967,0.29193196,427224.16,0.0,1.0864954,0
6.663453,4.7446437,6.2955503,0.22929093,131577.39,1.0,1.404416,0
1.2830408,1.1521599,1.2858682,0.46365374,492701.56,1.0,1.1135961,1
7.29751,5.7547235,7.563974,0.61880815,110211.2,1.0,1.2680905,1
4.34514,3.125032,4.2516637,0.41401014,469985.12,1.0,1.3904305,0
4.771653,4.2048235,4.807307,0.714169,1162952.0,0.0,1.1348046,1
4.179297,3.2379537,4.396504,0.4692389,689469.9,0.0,1.2907217,0
0.48099428,0.38213742,0.4565739,0.4698486,290201.1,0.0,1.2586945,0
4.077307,3.7201846,3.8293808,0.45663625,394102.78,0.0,1.0959959,1
2.2556875,1.5991141,2.3935707,0.6472389,706765.0,1.0,1.4105856,1
2.8729677,2.335878,2.6069446,0.3561634,72178.26,0.0,1.2299306,0
5.2629924,4.059464,4.8952107,0.48065597,1084506.9,0.0,1.2964747,0
4.0820374,3.8350787,3.683922,0.4178942,714858.8,1.0,1.0643947,1
0.927102,0.780187,0.93737155,0.4157648,616126.56,0.0,1.1883075,0
0.7697219,0.7179787,0.7851296,0.50527316,873668.94,1.0,1.0720679,1
1.64813,1.2629789,1.6583586,0.4830015,280300.28,0.0,1.3049545,0
1.6889042,1.4820986,1.6599458,0.65775067,74889.94,1.0,1.1395355,1
4.944746,4.333918,4.973454,0.49838388,757505.06,0.0,1.1409413,1
1.5869528,1.1761194,1.4898115,0.5832509,234002.77,1.0,1.3493125,0
7.0774117,4.684289,7.539202,0.5259133,64075.953,1.0,1.5108829,0
1.8361331,1.5657898,2.0126858,0.71056384,1118254.2,0.0,1.1726563,1
0.91082525,0.662851,0.91822535,0.45464227,956681.6,0.0,1.3741027,0
7.030819,5.8601336,6.854142,0.4550643,181331.25,1.0,1.199771,1
2.503555,2.1964457,2.649654,0.6117558,1080803.5,1.0,1.139821,1
3.5182965,2.4316177,3.3023238,0.45259959,127710.01,1.0,1.4468954,0
7.6804056,7.1051526,7.4050994,0.57475877,973438.25,1.0,1.0809628,1
7.56608,7.0390363,8.231866,0.85068715,526642.3,1.0,1.0748744,1
5.776352,4.5630527,5.4139366,0.3531571,645908.2,1.0,1.2658964,0
0.7377238,0.6428502,0.68049353,0.7297506,818577.94,1.0,1.1475828,1
4.828053,4.205193,4.8728127,0.426169,163575.8,0.0,1.1481168,0
7.914808,7.365994,8.053186,0.7006518,1093920.0,1.0,1.0745064,1
7.5859466,5.602752,7.7333417,0.6029069,215187.0,1.0,1.3539679,0
1.0268195,0.806797,0.95791537,0.59004915,1132821.9,1.0,1.2727109,1
3.288545,2.418913,3.4339938,0.47735554,155205.27,1.0,1.3595136,0
2.6611867,2.258658,2.524019,0.46242452,247809.62,1.0,1.1782159,0
1.2118793,0.9970954,1.3204885,0.39169887,116189.055,0.0,1.2154095,0
5.6194267,4.147335,5.313682,0.5009414,507452.7,1.0,1.3549488,0
2.3360171,2.4268584,2.1105034,0.47241327,729496.06,0.0,0.9625684,1
2.8899534,1.9391569,2.9291673,0.5286527,768835.9,0.0,1.4903142,0
0.9047992,0.64888686,0.85102665,0.28840172,1002796.8,0.0,1.3943868,0
4.084147,3.2628772,4.18917,0.50339675,657636.8,1.0,1.251701,0
1.4337094,1.1882176,1.3560635,0.68939793,636628.4,1.0,1.206605,1
3.5703053,2.4438283,3.518953,0.6416073,425067.8,1.0,1.4609476,0
1.3180693,1.1248719,1.2335849,0.5034503,798771.3,0.0,1.1717507,0
7.640029,6.6168613,7.5312524,0.8843627,1094808.2,0.0,1.1546304,1
1.3308637,0.97334766,1.2341154,0.413397,458595.34,1.0,1.3673056,0
4.27072,4.272479,4.1323256,0.48699918,459807.9,0.0,0.99958825,1
1.7364427,1.346843,1.631885,0.28242275,444823.25,1.0,1.2892689,0
0.79562205,0.6963924,0.8459216,0.4394547,311525.25,0.0,1.142491,0
1.7780073,1.2958179,1.8595659,0.76817214,701717.2,0.0,1.372112,1
0.62723804,0.555561,0.58544135,0.44517782,171411.39,1.0,1.1290174,1
1.2872996,1.264424,1.1799142,0.27082533,1010016.7,1.0,1.0180918,0
4.049176,2.6998284,3.6651077,0.63079983,208415.69,0.0,1.4997903,0
5.284161,4.0815573,4.995299,0.55838156,250019.38,0.0,1.2946434,0
0.88125056,0.6255277,0.87775683,0.6245969,128860.375,0.0,1.4088115,0
3.6399453,2.384836,3.5670614,0.45544234,488549.25,0.0,1.5262876,0
4.733727,4.743362,5.180116,0.34893143,921292.1,1.0,0.99796873,1
2.0269604,1.6271875,2.1454344,0.4724565,1096608.2,1.0,1.2456833,0
3.1022117,2.5709438,2.8405008,0.58322674,549422.9,0.0,1.2066431,1
0.76031196,0.6932007,0.7084484,0.48915097,320407.0,0.0,1.0968136,1
1.9170225,1.8359599,1.7355183,0.55819327,884502.8,0.0,1.0441526,1
3.8406727,3.5789165,3.562782,0.41947725,841365.44,0.0,1.0731384,1
7.925449,5.7809887,7.972078,0.56376445,833891.44,1.0,1.3709505,1
7.9708676,6.18269,7.2961144,0.4995479,559936.9,0.0,1.2892232,0
7.841049,5.7506204,7.15083,0.3941189,700093.0,1.0,1.3635137,0
3.500074,2.9411595,3.2327812,0.5209925,121261.93,1.0,1.190032,1
0.82930696,0.6160865,0.85740614,0.4419962,337514.56,1.0,1.3460885,0
2.723873,2.000316,2.4620314,0.59257466,1115986.9,1.0,1.3617214,0
2.054172,1.6113294,2.2471106,0.6309735,98046.67,0.0,1.2748306,1
0.31018728,0.2552662,0.30279157,0.57523066,396840.0,1.0,1.2151523,1
0.94282216,0.779969,0.91200835,0.2547519,310640.97,1.0,1.2087945,0
3.7348971,2.6630476,3.7160828,0.3552844,199774.77,1.0,1.4024899,0
2.8493671,2.3422458,2.8595462,0.40451348,1113004.5,0.0,1.2165108,0
1.6067591,1.311939,1.5810552,0.3805529,194780.47,0.0,1.2247208,0
5.7855797,5.29616,5.7697573,0.41857296,612777.06,0.0,1.0924103,1
2.9855018,2.6037495,2.8898067,0.63878727,1015435.94,0.0,1.1466162,1
6.844569,4.8640738,6.6009126,0.60479814,54452.812,1.0,1.4071681,1
2.0796218,1.3492891,1.8830208,0.4364223,174806.83,1.0,1.5412724,0
4.3994694,3.1856592,4.5506353,0.5887691,443178.34,1.0,1.3810232,1
1.6362859,1.2762232,1.674664,0.5493263,219642.25,1.0,1.2821314,0
4.063345,3.3875847,4.20054,0.49507117,260058.55,1.0,1.1994814,1
1.3892387,1.2932975,1.5117849,0.6722337,729829.2,1.0,1.0741835,1
1.4603133,1.078823,1.4524523,0.40080556,246225.89,1.0,1.3536172,0
4.9753423,3.9869366,5.35523,0.50791395,784674.3,1.0,1.2479111,0
2.2575312,1.9737611,2.2322211,0.342371,1102846.2,0.0,1.1437713,0
1.5444643,1.2722675,1.5375495,0.3495606,313843.0,1.0,1.2139463,0
7.4521923,5.355971,7.65035,0.29588524,294127.75,0.0,1.3913803,0
0.53542536,0.3743662,0.5050026,0.3521214,63102.63,1.0,1.4302182,0
4.6081553,4.4235315,4.347662,0.51246506,66866.35,1.0,1.0417367,1
4.476458,3.0479715,4.4852605,0.45462736,506120.53,1.0,1.4686679,0
2.1547492,1.7278636,1.9688417,0.4595193,612398.4,1.0,1.2470598,0
3.7316196,3.5115166,3.5350811,0.45512554,260232.4,0.0,1.0626804,1
0.8843547,0.6936697,0.9362508,0.7659114,421436.16,1.0,1.2748932,1
5.825907,5.6092467,5.78365,0.32942298,211356.44,0.0,1.0386256,0
1.9292377,1.3432554,1.746586,0.313386,833434.25,1.0,1.4362404,0
1.7084059,1.3565004,1.5583194,0.37318662,501880.12,1.0,1.2594216,0
2.656052,2.196636,2.8789032,0.48921576,894484.25,1.0,1.2091454,0
7.2384853,7.2067885,7.8996754,0.5772157,682860.0,1.0,1.0043982,1
6.41244,5.119462,6.593404,0.59278816,483894.0,0.0,1.2525613,1
7.5857596,5.879604,7.107774,0.64169574,770321.7,0.0,1.2901822,0
5.2853065,5.272092,5.1458654,0.48376417,58244.47,0.0,1.0025065,1
5.3707876,4.2210526,5.1618285,0.44055182,843919.1,1.0,1.2723812,0
3.9442418,3.7781084,4.169187,0.7450191,476705.75,1.0,1.0439726,1
7.260453,6.3337526,7.314311,0.08236875,640612.75,1.0,1.1463115,0
4.1848416,3.7911532,4.4189053,0.50941384,651921.25,1.0,1.103844,1
2.9694686,2.8156698,2.8866267,0.56450105,692174.25,0.0,1.0546224,1
5.1949253,4.369861,5.578842,0.7810526,857744.5,0.0,1.1888078,1
4.459888,3.0912983,4.3967023,0.25091508,177243.05,1.0,1.4427233,0
1.1673546,1.0960833,1.1480638,0.43697935,612324.44,0.0,1.0650235,1
3.2632582,3.2970753,3.2561433,0.29635847,145625.95,1.0,0.9897433,1
2.6439383,2.3953586,2.692484,0.23025854,319276.25,1.0,1.1037756,0
6.8053036,5.705954,7.3417134,0.46932113,267654.2,0.0,1.1926671,1
3.1549718,2.6433342,3.128316,0.62496406,738515.75,1.0,1.1935577,1
6.608131,5.1849027,7.17661,0.68089545,747012.1,1.0,1.2744946,1
3.6506388,2.6854398,3.573003,0.4202191,1005534.3,0.0,1.3594193,0
6.0773044,5.0286994,5.8640795,0.5999789,650112.75,0.0,1.2085241,1
1.2551991,1.0339812,1.2037473,0.4703422,906380.3,1.0,1.2139477,0
7.4122715,6.2582884,6.7024016,0.5834861,1072439.6,1.0,1.1843928,1
3.948367,3.2195177,4.2240767,0.6731713,203566.88,1.0,1.2263846,1
2.2264264,1.8641038,2.0390654,0.47086543,879114.75,0.0,1.1943682,0
2.0836189,1.8000252,2.014581,0.6615462,427126.5,0.0,1.1575499,1
2.267603,1.7842674,2.15443,0.3180459,369773.3,1.0,1.2708873,0
3.0604486,3.1318932,3.2100658,0.5984766,1157430.0,0.0,0.97718805,1
5.7966523,5.3683586,6.298164,0.655051,287425.28,1.0,1.079781,1
7.6069036,5.3688526,8.08874,0.6395314,1101736.0,0.0,1.4168584,0
5.418492,3.7039876,5.2234244,0.3222468,997273.94,1.0,1.4628807,0
4.467897,4.243971,4.4283624,0.46912834,1060427.4,0.0,1.0527633,0
3.6990628,3.0671034,3.5119176,0.5453263,723881.0,0.0,1.2060444,0
6.659917,6.108081,7.2246513,0.56645787,722411.7,1.0,1.0903453,1
6.8273263,5.359797,6.306735,0.51738137,512969.4,1.0,1.2738031,0
2.485694,1.8104346,2.710378,0.71437794,511057.3,1.0,1.3729819,1
7.6366777,6.3033223,8.115737,0.3056531,1028267.25,1.0,1.2115321,0
3.2819,3.0675163,3.4207752,0.46396238,495918.44,1.0,1.0698882,1
6.440609,6.1531754,6.793546,0.24683419,609701.44,1.0,1.0467131,1
7.741195,7.29246,7.4924655,0.59318733,1195851.8,1.0,1.061534,1
5.6885333,4.465414,5.4563117,0.58319294,457460.94,1.0,1.2739094,1
1.4600956,1.3633716,1.4254683,0.95,995980.44,0.0,1.0709448,1
4.771868,3.287823,4.4680085,0.65395397,368777.38,1.0,1.4513763,0
1.1264615,0.9348976,1.1819646,0.5497048,78834.67,1.0,1.2049036,1
6.355308,6.4732914,6.323587,0.53823423,732442.06,0.0,0.9817738,1
2.3942583,1.8130894,2.579004,0.45250836,601247.9,0.0,1.3205408,0
5.6226754,5.6914577,6.048179,0.51957315,954673.5,0.0,0.9879148,1
7.2986994,5.269182,6.7963357,0.5414373,54775.457,1.0,1.3851675,1
1.6118768,1.0665244,1.5212308,0.2052861,131144.45,1.0,1.5113361,0
3.264291,2.535995,3.205952,0.529537,1038630.75,0.0,1.2871835,1
5.2475266,4.9197764,4.8474703,0.51515144,602955.6,1.0,1.0666189,1
3.473337,2.6679733,3.6049306,0.763102,632329.44,1.0,1.3018636,1
1.5635878,1.393471,1.6378881,0.48024923,308873.0,0.0,1.1220813,1
0.4267586,0.32049447,0.44565123,0.3851682,1114809.2,1.0,1.331563,0
3.3714654,3.0294256,3.3513784,0.5402798,1101583.6,1.0,1.1129059,1
5.26383,4.1586204,5.625157,0.5111522,644197.9,1.0,1.2657636,1
4.677077,3.3513284,4.7760863,0.48040992,300497.1,0.0,1.3955889,0
1.4186816,1.1886914,1.5587373,0.3081517,1180210.1,1.0,1.1934819,0
3.7154088,3.088772,3.9498053,0.47659707,1076324.9,0.0,1.2028757,0
3.0818741,2.4527752,3.218869,0.41312122,649622.7,0.0,1.2564846,0
2.3387787,1.8044724,2.1625764,0.46752778,770358.3,0.0,1.2961011,0
5.8883157,4.374683,6.2800064,0.609823,555618.0,1.0,1.3459983,0
2.6152859,2.6571574,2.513589,0.39882284,286966.44,0.0,0.98424196,1
4.4131074,4.010705,4.3415394,0.4668151,833668.44,1.0,1.1003321,1
7.4011436,6.8403053,7.34602,0.58118075,819504.25,1.0,1.0819902,1
4.4063525,3.7930367,4.2576914,0.45958966,679425.0,1.0,1.1616952,0
5.0127788,4.284848,4.620217,0.8913779,986612.9,1.0,1.1698848,1
0.7713187,0.57583094,0.72494143,0.53733,569612.06,0.0,1.339488,0
1.5894463,1.2732661,1.685915,0.31371546,1040054.25,1.0,1.2483222,0
0.98741937,0.8332757,1.0174903,0.3741046,299571.1,0.0,1.1849853,0
6.165541,4.7154512,6.7116127,0.35900977,1156076.2,0.0,1.3075187,0
6.7201843,4.6366544,7.151712,0.37624606,285842.3,0.0,1.4493607,0
1.6543512,1.3325903,1.6219989,0.58054674,234136.98,1.0,1.2414552,1
1.9103197,1.9128984,2.0196688,0.3340236,743907.1,0.0,0.9986519,0
2.721017,2.311605,2.76261,0.45031914,157041.92,1.0,1.1771115,1
4.8104053,3.2793753,4.6048098,0.67141205,243120.89,0.0,1.4668664,0
5.05001,4.565459,5.5298514,0.42203417,888389.6,1.0,1.1061342,1
5.5566807,3.9598594,6.0328784,0.60072297,404374.25,0.0,1.403252,0
7.2605033,5.8450656,6.6973767,0.24755447,970139.5,1.0,1.2421595,0
2.5013132,2.4927144,2.671113,0.44440773,228885.77,1.0,1.0034496,1
5.3383203,4.82782,4.8874316,0.3671082,493096.66,0.0,1.1057414,1
4.5658383,4.237641,4.957422,0.5449656,494231.12,1.0,1.0774481,1
2.5855305,2.3257067,2.6497376,0.34478328,602456.2,1.0,1.1117182,0
7.277838,6.463255,6.7925262,0.8104485,521951.03,0.0,1.1260331,1
0.94477063,0.6961115,1.0047187,0.25409228,494803.6,0.0,1.3572116,0
5.753608,4.237231,5.7717686,0.6703672,427703.22,0.0,1.3578699,1
5.877415,5.810092,5.3596735,0.6317416,67423.234,1.0,1.0115873,1
7.3395467,7.2466,7.7776113,0.54647917,759078.94,0.0,1.0128262,1
4.244929,3.5500689,4.4897237,0.508165,594515.06,1.0,1.1957313,0
2.7086542,2.2570255,2.6989355,0.7782438,479275.03,1.0,1.2000991,1
6.6563773,5.146701,6.964048,0.87064457,293127.0,1.0,1.293329,1
6.2123203,5.0472565,5.640971,0.46891,1075098.6,1.0,1.2308311,0
4.102462,4.0841045,3.9532197,0.5236654,323577.9,0.0,1.0044948,1
6.1892877,3.9320605,6.4037123,0.41713998,1109063.1,1.0,1.5740571,0
2.2894297,1.8294624,2.1660779,0.3246069,299853.6,0.0,1.2514222,0
4.7981496,4.3886776,4.7505627,0.5694669,1167139.9,1.0,1.0933019,1
6.948431,6.2918897,7.5487013,0.53744334,532826.5,0.0,1.1043472,1
2.6802793,2.3266623,2.8554363,0.2584668,662625.0,1.0,1.1519846,0
3.97169,3.2164547,4.017759,0.5684003,393632.1,0.0,1.2348036,0
7.6181498,5.1956387,7.7350373,0.542471,1130058.0,1.0,1.4662586,0
6.4260526,5.142128,6.9234366,0.40981328,374956.47,1.0,1.2496874,0
7.1189046,4.6814923,7.635821,0.4000216,889743.56,0.0,1.5206486,0
3.204927,2.1954556,2.9410312,0.563567,73564.46,1.0,1.4598005,0
7.972741,5.927417,7.9178524,0.74133223,692526.56,1.0,1.3450617,1
1.3900117,1.1197819,1.3040683,0.5597593,902811.94,1.0,1.2413237,0
4.2464104,3.083717,3.8924465,0.61707264,591504.25,1.0,1.3770429,0
3.9383323,3.666355,3.7748094,0.37517053,789814.7,1.0,1.074182,1
6.427771,4.5421405,6.5700097,0.43785915,933265.44,1.0,1.4151415,0
7.2872186,5.7499733,7.7162466,0.5912025,625273.7,0.0,1.2673483,1
5.9028873,5.1436124,6.3898473,0.29624826,300805.78,1.0,1.1476151,0
5.0891666,3.8353655,5.010749,0.53108025,506287.8,1.0,1.3269053,0
3.5339477,2.8392167,3.4790463,0.5740135,890395.9,1.0,1.244691,1
4.180542,3.7064328,3.8906236,0.4942199,361755.72,1.0,1.1279153,1
4.1725426,3.4782374,3.9178848,0.5479058,776839.8,1.0,1.199614,1
0.35887408,0.27566114,0.33034325,0.50867295,220535.78,0.0,1.3018668,0
4.1237574,3.9128652,4.516257,0.40667576,1119837.2,1.0,1.0538971,1
6.876572,5.798189,6.364402,0.32328397,743430.6,1.0,1.1859862,0
5.7323375,4.2919607,6.0265694,0.486453,588511.2,0.0,1.3355987,0
6.406527,4.763657,6.1730275,0.6956759,983251.5,0.0,1.3448758,0
3.2457829,2.2401166,3.2698977,0.65365714,966746.7,0.0,1.4489348,0
4.325991,3.914364,4.6484594,0.44820017,161921.5,1.0,1.1051581,1
0.46117184,0.34155917,0.5014015,0.44508433,403123.0,1.0,1.350196,0
3.187384,2.4793675,3.0217867,0.43404314,577363.9,1.0,1.2855633,0
3.9004452,3.3633742,4.221272,0.43406242,441620.94,0.0,1.1596822,0
2.1906295,1.9946373,2.0819972,0.5431624,414895.84,0.0,1.0982596,1
0.44367963,0.28480104,0.4707261,0.6586222,455018.84,0.0,1.5578583,0
5.585183,3.7230098,5.0437,0.8394214,213356.73,1.0,1.5001795,1
3.5936844,2.7788687,3.6190066,0.37552288,187329.94,1.0,1.2932186,0
3.4422898,2.8486803,3.5977526,0.59767705,349357.4,1.0,1.2083806,1
2.1498966,1.6932172,2.2956333,0.58135015,130593.99,0.0,1.2697111,1
4.395077,3.908615,4.694935,0.45053804,636753.0,1.0,1.1244589,1
3.6166089,2.4676628,3.4711256,0.3460986,226106.7,1.0,1.4656008,0
3.897079,3.0410092,4.1723294,0.54130596,127702.24,1.0,1.2815084,1
4.7307963,3.689393,4.5639386,0.81798196,1012717.7,1.0,1.2822696,1
0.24933225,0.20484965,0.23605618,0.54035705,725635.94,1.0,1.2171476,0
7.280028,5.779752,6.55417,0.38191527,1083114.0,1.0,1.2595745,0
0.7544817,0.7304589,0.7146021,0.47641006,1180901.6,0.0,1.0328872,1
3.717213,3.0636215,3.4335442,0.3289739,732561.06,1.0,1.2133394,0
1.8175085,1.7519771,1.8810982,0.50277656,965373.94,1.0,1.0374042,1
4.2855024,2.95589,3.9810498,0.6025112,233473.28,1.0,1.449818,0
2.3857949,1.9406068,2.4265363,0.39611,853124.0,0.0,1.2294066,0
6.9080505,5.5769095,6.391975,0.011658494,681987.3,1.0,1.238688,0
3.2916067,2.6128747,3.42618,0.54153216,827851.8,0.0,1.2597644,0
5.1822934,3.464352,4.96002,0.4247671,170432.83,1.0,1.4958912,0
2.1412618,1.923571,2.0593357,0.38739952,1126187.4,1.0,1.1131703,1
0.35136798,0.33838215,0.36123335,0.38610476,530110.44,0.0,1.0383762,1
3.3524053,3.2435944,3.64671,0.5600378,942169.2,1.0,1.0335464,1
4.3845944,3.9839969,4.815689,0.4388141,1189203.9,1.0,1.1005517,1
3.7844677,2.9283795,3.6764314,0.63956684,1054308.8,1.0,1.292342,0
7.703712,6.6799603,8.391386,0.64286774,408461.3,0.0,1.1532571,1
5.7133455,4.1426153,5.841692,0.4594052,512272.66,1.0,1.379164,0
7.9662247,7.39764,8.613829,0.4218701,795952.25,1.0,1.0768602,1
2.5014687,1.7231857,2.2652562,0.5191563,668726.6,1.0,1.4516537,0
6.3546157,5.048989,5.7613144,0.47819102,521845.53,1.0,1.2585918,0
4.533356,4.154192,4.1476345,0.23712295,801375.2,1.0,1.0912726,0
4.9717307,3.6235797,5.2744026,0.7871156,1095957.6,0.0,1.3720496,1
7.889655,7.2736487,7.318375,0.6071504,405920.3,1.0,1.0846901,1
5.3011003,3.9004407,4.958209,0.43047723,197589.1,0.0,1.3591028,0
7.2107716,6.7365885,7.3339314,0.21254252,827112.0,0.0,1.0703893,0
5.860852,5.8541975,6.397056,0.47293523,728034.25,0.0,1.0011367,1
1.1936117,1.0653312,1.209633,0.41180348,1091426.2,1.0,1.1204138,0
5.6555047,4.1915793,5.9185944,0.49091402,904058.1,1.0,1.349254,0
3.9776616,2.5788217,3.729244,0.17541942,506668.2,1.0,1.5424337,0
7.3666244,4.7520275,7.976837,0.429163,778328.75,0.0,1.5502067,0
6.4933085,4.344253,5.9165425,0.4383017,1041722.1,0.0,1.4946892,0
1.0122505,0.8752432,0.9682822,0.4711587,449594.12,1.0,1.1565363,0
1.244542,1.0209293,1.2330235,0.46456885,65900.53,1.0,1.2190286,0
0.7429658,0.5985361,0.7022769,0.50783765,770291.56,0.0,1.2413049,0
4.04731,2.8709853,4.179868,0.7281766,79814.195,1.0,1.4097286,1
0.8300197,0.76926947,0.85969996,0.42274788,1128101.9,0.0,1.0789714,1
5.844691,3.9045475,5.5078707,0.3633263,243428.67,1.0,1.4968934,0
4.508397,3.7406902,4.065304,0.24090043,480403.12,1.0,1.2052313,0
6.719903,5.751318,6.147794,0.42333332,1138226.8,0.0,1.168411,0
2.3824072,1.6214808,2.1443703,0.28981236,141920.19,0.0,1.4692787,0
4.249298,4.09184,4.593826,0.6440144,54993.914,0.0,1.0384811,1
1.1163416,0.8018591,1.1435057,0.48558414,169182.05,0.0,1.3921916,0
7.099958,6.0263495,6.5865393,0.64091974,1183944.2,1.0,1.1781523,1
1.5650387,1.2903839,1.4374921,0.71985453,1167488.1,1.0,1.2128474,1
0.99842554,0.88904,1.0618445,0.3702413,492288.97,0.0,1.1230378,0
1.7993947,1.5098189,1.9113313,0.44789603,904318.5,1.0,1.191795,0
6.4886055,5.940825,7.0432253,0.69975305,896323.44,0.0,1.0922062,1
1.0253533,0.80176556,0.9554803,0.52838266,164788.64,1.0,1.2788693,0
4.9925346,4.2662215,5.0147758,0.5782265,320387.9,0.0,1.1702474,1
6.020214,5.4002223,5.564455,0.6549466,1072329.8,0.0,1.1148086,1
6.058433,5.167709,6.4166555,0.6344772,240551.33,1.0,1.1723635,1
1.682475,1.4972333,1.6530265,0.56155396,648983.7,0.0,1.1237227,1
0.68066716,0.4916705,0.7073256,0.70945424,330775.3,0.0,1.3843971,0
3.7006898,2.863487,3.3530571,0.48976186,691256.75,1.0,1.2923717,0
1.7793857,1.2932582,1.878295,0.57791215,276010.3,1.0,1.3758936,1
5.654312,4.0156455,5.3483987,0.4734862,298110.5,1.0,1.4080706,0
2.9822037,2.400357,3.1866663,0.6530827,103818.914,1.0,1.2424,1
3.7049608,2.418057,3.4721844,0.3948853,1188697.1,0.0,1.5322057,0
1.0851824,0.8494279,1.1481441,0.24757154,180059.52,1.0,1.2775452,0
4.626892,4.2415357,4.2883015,0.5982387,527961.6,1.0,1.090853,1
1.6470886,1.4298835,1.7009212,0.34697923,530191.7,0.0,1.1519041,0
5.496088,4.989813,5.8030543,0.3321136,399170.2,0.0,1.1014618,0
0.7551168,0.5104111,0.7379353,0.68973947,963088.8,1.0,1.4794288,0
7.811978,5.5846705,7.412524,0.6449419,438345.7,1.0,1.3988252,0
5.5393105,4.966172,5.3670683,0.44862488,769267.8,0.0,1.1154085,1
1.6174906,1.4241979,1.5516884,0.043180533,674450.44,1.0,1.1357204,0
0.30993822,0.2773961,0.31818673,0.57998604,1043633.2,0.0,1.1173128,1
2.8088105,2.4672556,2.5529625,0.5993757,992405.0,1.0,1.1384352,1
1.3919435,1.2996458,1.2642845,0.5775217,300639.4,1.0,1.0710176,1
1.9036084,1.6935124,1.8228089,0.57062805,912628.56,0.0,1.1240592,1
7.007452,6.2057014,6.6948824,0.4727916,961453.75,0.0,1.1291958,1
4.9049964,4.7348776,4.5882025,0.43842962,1107063.5,1.0,1.035929,1
1.5763696,1.1773643,1.6447258,0.33407572,1157700.2,0.0,1.3388971,0
4.5419436,3.057696,4.109335,0.3953905,897514.4,1.0,1.4854136,0
2.195089,1.839212,2.3813357,0.5482227,567420.9,1.0,1.1934943,0
7.814367,6.175016,8.216786,0.55068904,386916.28,1.0,1.2654812,1
0.45550638,0.4349174,0.4466657,0.6184737,1044362.4,1.0,1.04734,1
5.9120836,4.38902,6.336494,0.28903532,1102887.6,1.0,1.3470168,0
6.229377,4.698439,6.376581,0.25111616,162195.36,1.0,1.3258396,0
0.72386956,0.7085978,0.734037,0.44304425,687471.1,1.0,1.0215521,1
1.540581,1.0916557,1.4829688,0.34700784,198573.42,0.0,1.4112334,0
3.197592,3.1043017,3.3019004,0.52789813,339316.7,1.0,1.030052,1
6.9716077,5.115185,6.4692264,0.3035185,490675.56,0.0,1.362924,0
4.3885994,3.2497904,4.4104543,0.6770348,407838.84,0.0,1.3504255,1
5.3113933,4.5438595,4.9035954,0.37669095,873398.75,1.0,1.1689167,0
6.3075,4.8942394,6.238303,0.73890114,140811.17,0.0,1.2887601,1
6.6593575,4.81809,6.814216,0.5786453,755839.56,0.0,1.3821572,0
3.9150195,3.1087387,3.6452773,0.3417152,718626.7,1.0,1.2593595,0
4.1685863,3.0135772,3.9369128,0.8142117,955274.25,0.0,1.3832685,1
5.8004456,4.328436,6.1638527,0.53981787,161180.27,1.0,1.3400788,0
2.2540703,2.0047407,2.1439424,0.5249179,432495.3,1.0,1.12437,1
6.86502,4.806133,6.3097167,0.4902182,851668.94,1.0,1.4283875,0
0.36213723,0.2693649,0.34987456,0.569983,868440.2,0.0,1.3444114,0
1.7270185,1.177183,1.8773174,0.5788131,567069.7,1.0,1.4670773,0
6.44156,6.4475384,6.6912117,0.37025392,581034.9,0.0,0.9990727,1
2.8540142,2.4764285,2.897072,0.46796727,1159703.2,1.0,1.1524718,1
1.3686961,1.368439,1.4618824,0.51735514,425162.2,0.0,1.0001879,1
1.6566871,1.5621428,1.7097632,0.58741105,222631.9,1.0,1.0605222,1
4.3399,3.1407783,4.609968,0.58995336,1145768.4,0.0,1.3817912,0
6.8002157,5.7181106,7.013956,0.52468127,981049.4,1.0,1.1892418,1
0.75107557,0.54792714,0.8057926,0.41745156,322622.38,0.0,1.370758,0
0.43775108,0.420091,0.44860804,0.40976122,1035845.5,1.0,1.0420388,1
3.8283114,2.8776898,3.648285,0.32127675,340146.62,0.0,1.3303419,0
7.658262,6.3703823,6.9554143,0.5888902,1001564.6,1.0,1.2021668,1
2.3762765,2.3636303,2.1887028,0.40760344,772847.1,1.0,1.0053504,1
7.68153,6.662506,7.7006507,0.47123682,604967.25,0.0,1.1529491,1
7.1239133,7.2864723,7.7960806,0.5356616,1117283.9,0.0,0.9776903,1
2.4084537,1.8100334,2.533434,0.50059015,980773.1,0.0,1.3306128,0
6.572195,4.6054106,6.9342475,0.4991583,199413.84,1.0,1.4270595,0
5.549765,4.5723534,5.731561,0.36425573,861404.3,1.0,1.2137656,0
4.1922145,3.266805,4.5305166,0.5403294,957927.25,1.0,1.2832767,0
3.498746,2.944889,3.6635084,0.4530757,672296.75,1.0,1.1880739,0
6.5609217,4.785183,6.2438498,0.48703992,367478.62,0.0,1.3710911,0
6.3860197,6.1199245,6.3853583,0.67369527,319643.9,1.0,1.0434802,1
6.1041036,4.8047514,5.9873233,0.57579774,1170267.9,1.0,1.2704307,0
7.9863963,7.5986567,7.451932,0.41437915,552312.5,1.0,1.0510274,1
3.9323971,3.9411933,3.7140524,0.47766292,646648.75,0.0,0.99776816,1
6.493999,5.2148395,6.214961,0.73991555,737890.56,1.0,1.2452922,1
6.9273314,5.5778537,6.4751754,0.45389262,165726.11,1.0,1.2419349,1
1.8505001,1.3170178,1.745876,0.50598216,143489.7,0.0,1.4050684,0
0.52811825,0.3592357,0.5720992,0.59962183,277857.44,0.0,1.4701163,0
3.3570375,2.85863,3.2517872,0.5322787,125128.43,1.0,1.1743518,1
6.882546,6.0205803,7.333376,0.44407728,1083243.1,1.0,1.1431699,0
2.4550056,1.7570829,2.2411206,0.38848692,220227.9,0.0,1.3972054,0
5.660079,5.1120086,6.205495,0.49848515,310554.56,1.0,1.1072123,1
0.2573155,0.24299029,0.27094248,0.5987029,667906.94,0.0,1.0589538,1
2.9718425,2.8929012,3.2135818,0.698135,1080634.9,0.0,1.027288,1
5.0010304,3.9351673,5.026947,0.28019688,106385.9,0.0,1.2708558,0
1.2121061,1.1607785,1.2447209,0.76441765,298370.62,1.0,1.0442182,1
7.193534,5.515181,6.9932933,0.45673865,874953.0,0.0,1.3043151,0
1.418937,1.073571,1.3996483,0.638724,647056.8,1.0,1.3216984,0
7.2963896,6.840856,7.662293,0.3893697,733696.1,1.0,1.0665902,1
1.8878366,1.7842423,1.7179195,0.2583741,69496.875,0.0,1.0580608,0
7.955374,6.1275654,7.2179923,0.3030581,1046826.0,0.0,1.2982928,0
4.91704,3.5371346,5.2857404,0.45035648,715551.8,1.0,1.3901196,0
0.8578902,0.6458262,0.79097605,0.578614,1009523.0,1.0,1.3283607,0
0.7091624,0.6192585,0.74051166,0.50467885,1158306.6,0.0,1.1451799,1
0.78438926,0.70359135,0.73725414,0.4624648,891985.7,1.0,1.1148365,1
4.801163,3.8512948,4.672693,0.6677035,85662.06,1.0,1.2466363,1
6.5147176,4.513318,6.2457247,0.50029784,868258.9,1.0,1.4434431,0
3.3431094,2.899183,3.3366475,0.5419677,697991.25,1.0,1.1531212,1
3.669719,3.1254122,3.90947,0.95,169070.53,0.0,1.1741552,1
4.796444,4.143325,5.1566896,0.49879423,360991.12,1.0,1.1576316,1
4.3577166,3.5594888,4.1154666,0.39562324,244167.11,0.0,1.2242535,0
5.5668817,5.3290415,5.386123,0.572144,1113567.6,1.0,1.0446309,1
3.8799286,2.786635,4.1413713,0.6101133,964575.8,0.0,1.3923347,0
5.768113,5.0566964,5.294707,0.54514754,855982.0,1.0,1.1406882,1
7.979024,6.80406,7.367666,0.52353686,927818.75,1.0,1.1726857,1
2.9323232,2.439439,2.9203484,0.7223346,741433.0,1.0,1.2020482,1
0.2952806,0.29255682,0.31241542,0.70358706,1033556.56,1.0,1.0093102,1
1.1798754,1.0545425,1.1411698,0.48243484,312899.38,0.0,1.1188505,1
4.5174108,3.7657087,4.1284,0.40347582,338080.25,0.0,1.1996176,0
2.8852108,2.0629547,3.15519,0.5643804,730512.1,0.0,1.3985819,0
7.531864,7.163041,8.193028,0.402615,981655.7,1.0,1.0514897,1
5.0940795,3.9315267,5.248839,0.63277423,1011156.75,1.0,1.2957001,1
4.2587705,3.032319,4.4136844,0.56360847,1172691.1,0.0,1.40446,0
6.424708,5.515162,6.9819813,0.90050465,926627.6,1.0,1.1649173,1
2.217001,2.0000134,2.28079,0.72099453,317654.4,0.0,1.1084931,1
6.593961,6.8864017,6.9743166,0.33818892,315248.12,1.0,0.95753354,1
0.22387663,0.18662453,0.22224303,0.4221817,562427.06,1.0,1.1996099,0
5.0334835,5.0431724,4.7596645,0.21290745,797673.4,0.0,0.99807876,0
7.4911056,6.055064,7.9893126,0.17933798,639940.8,0.0,1.2371638,0
6.345308,5.3504887,6.5792994,0.51707405,127593.91,1.0,1.1859305,1
6.8583465,6.54663,6.5696955,0.32114244,604185.94,0.0,1.0476148,1
3.2962465,2.5853586,3.377516,0.74617785,989663.5,0.0,1.274967,1
6.6290636,6.3746796,7.048662,0.67368734,326362.03,0.0,1.0399054,1
4.496487,3.8499951,4.289959,0.45927584,780287.5,1.0,1.1679202,0
5.024614,3.585396,5.294086,0.45075312,360177.44,1.0,1.401411,0
0.65953964,0.57161236,0.6031284,0.7228059,689019.4,1.0,1.1538233,1
1.7721032,1.2494824,1.8163877,0.7571911,856125.75,1.0,1.4182699,1
4.4975224,3.0720634,4.9463153,0.3601103,288305.6,1.0,1.464007,0
0.65864825,0.5013292,0.70691067,0.34082252,900479.2,1.0,1.3138039,0
5.983285,4.513914,6.432819,0.45483634,827996.25,1.0,1.3255204,0
6.7524447,5.049653,6.996015,0.5646787,409673.97,0.0,1.3372097,1
7.3788266,6.5212717,7.3215475,0.42294925,1079220.9,0.0,1.1315012,1
0.99379396,0.7616437,1.0290171,0.5678321,947591.25,1.0,1.3048016,0
7.529818,7.1158752,7.26054,0.7925448,649302.7,1.0,1.0581717,1
0.72743607,0.6555193,0.7351132,0.2890953,145087.28,1.0,1.1097095,0
3.8976386,2.7834241,3.92857,0.43314862,556714.75,1.0,1.4003035,0
6.7539577,5.170776,6.8130283,0.2919512,429328.1,0.0,1.3061788,0
0.74842685,0.69600606,0.73525274,0.37451228,351812.22,0.0,1.0753165,0
0.34220237,0.27646297,0.33212805,0.45579854,790109.6,1.0,1.2377874,0
0.3945922,0.39930394,0.38120404,0.3909183,1109989.6,0.0,0.9882001,0
4.1879077,3.2385578,3.9573474,0.5779966,218537.4,1.0,1.2931397,1
6.5304546,5.467731,6.4501915,0.52264345,902882.8,0.0,1.1943629,1
1.193928,1.0902997,1.1026512,0.54485285,764972.1,1.0,1.0950457,1
1.17196,1.1649421,1.2660856,0.45399535,817087.1,0.0,1.0060242,1
4.6346655,3.0994735,4.235791,0.4678088,1021963.4,1.0,1.4953074,0
2.0275056,1.801381,2.1643293,0.44739643,481771.94,0.0,1.1255285,1
5.895667,4.7869973,5.5905643,0.46270135,716487.5,0.0,1.2316003,0
7.607156,6.557216,8.144555,0.56285137,368347.16,1.0,1.1601198,1
6.1750607,5.1445937,6.447092,0.2114764,376843.38,0.0,1.2003008,0
7.041968,6.267448,7.6348667,0.5431912,640274.8,0.0,1.1235782,1
4.2527714,3.606624,4.5676746,0.36969042,58395.17,1.0,1.1791557,0
6.6920905,6.065542,6.96123,0.44917136,335332.6,0.0,1.1032964,1
1.6266448,1.144566,1.5133258,0.26577008,224373.1,0.0,1.4211892,0
0.7331135,0.6052426,0.7403047,0.44619924,187848.11,0.0,1.2112722,0
5.3164344,4.3446984,5.1461253,0.5416826,492323.0,1.0,1.2236602,1
0.60522956,0.5774209,0.6519261,0.5685626,170016.08,0.0,1.0481601,1
7.161355,6.066742,7.694487,0.32205027,227432.67,1.0,1.1804285,0
5.5941224,4.8585386,5.386063,0.5613258,819023.0,1.0,1.1514002,1
7.627166,6.5416956,7.889082,0.6709664,799043.44,0.0,1.165931,1
2.648316,2.2615733,2.5626614,0.4259465,1136771.0,1.0,1.1710061,0
3.992035,3.5234993,4.1343036,0.500137,1108314.2,1.0,1.1329745,1
5.9851847,5.6733656,6.121493,0.18971801,1055031.4,1.0,1.0549619,0
2.093676,1.8439486,2.0982604,0.3654449,844597.5,1.0,1.1354308,1
4.4264207,3.6141002,4.761418,0.540578,356577.78,1.0,1.2247642,1
5.343845,4.183562,5.072431,0.6433201,254881.4,0.0,1.2773433,1
7.8347077,6.864193,8.30082,0.41010833,1141830.5,1.0,1.1413879,0
6.0086856,4.1177726,6.236424,0.9004079,1153573.4,0.0,1.4592078,1
1.1214206,0.777595,1.0723625,0.54708344,630099.7,1.0,1.4421655,0
3.9076009,3.5278096,3.8463967,0.30899647,680675.75,1.0,1.1076564,0
4.7924123,3.881053,4.3793197,0.6930774,56178.812,1.0,1.2348226,1
1.3436605,1.0967543,1.3698825,0.31205854,220873.44,1.0,1.2251245,0
3.5693352,3.3482459,3.846238,0.5492641,677893.44,0.0,1.0660313,1
2.4152453,1.7780111,2.230633,0.36061385,259062.08,0.0,1.3583972,0
1.1268548,0.7925184,1.043918,0.29638484,600538.75,0.0,1.4218658,0
4.1939273,3.1795077,4.172594,0.6443228,964153.2,1.0,1.3190491,0
1.491938,1.1508505,1.4266598,0.46103346,970894.6,1.0,1.2963786,0
4.806192,4.397441,4.5917673,0.7588508,1040907.06,0.0,1.092952,1
1.5236361,1.453187,1.5658926,0.34730995,321068.88,1.0,1.048479,1
5.8440404,4.6999197,5.739147,0.2660539,546681.9,0.0,1.2434341,0
1.7228847,1.2644827,1.8416423,0.4280502,770872.25,1.0,1.3625213,0
7.191024,5.5900874,7.088776,0.93357635,718249.0,0.0,1.2863885,1
0.40443298,0.2713688,0.41375723,0.6250873,1198934.1,1.0,1.4903444,0
4.2715797,4.056325,4.1843467,0.5830839,367723.62,1.0,1.0530665,1
2.6968172,2.2640898,2.5652251,0.5880409,132040.38,1.0,1.1911265,1
1.9555969,1.4217278,1.9443843,0.42727348,496041.3,1.0,1.3755072,0
3.8785017,3.3461907,4.0495286,0.90940255,645715.6,1.0,1.1590797,1
6.767752,6.0922494,7.3806524,0.56871283,495325.1,1.0,1.1108791,1
7.3391623,5.541059,6.66714,0.55464745,417268.78,0.0,1.3245053,0
2.5653393,2.1253362,2.5816686,0.64772946,345848.3,0.0,1.2070274,1
1.4031003,1.1808476,1.4412551,0.30901352,541607.0,0.0,1.1882144,0
5.8170953,4.3118587,5.335115,0.36809796,842582.44,1.0,1.3490922,0
4.73959,3.4974687,5.051617,0.4631729,221195.52,1.0,1.3551487,0
1.767926,1.6425432,1.6887059,0.6486992,1045364.0,0.0,1.0763346,1
6.130307,6.222844,6.589972,0.30529204,787290.56,0.0,0.9851295,0
4.2476573,3.6049542,4.292349,0.48989683,173476.08,1.0,1.1782833,1
5.2964826,4.827614,4.927931,0.46867257,77047.53,1.0,1.0971222,1
3.0028446,2.4451025,3.146513,0.26384214,109060.64,1.0,1.2281058,0
3.624961,2.8399773,3.3764544,0.42366025,153923.66,1.0,1.2764049,0
1.6066684,1.1076323,1.6774834,0.5813378,790069.94,0.0,1.450543,0
6.100824,4.9333496,6.4768763,0.27750954,1131985.0,1.0,1.2366494,0
1.4246883,1.3570257,1.4462094,0.7117002,203298.95,1.0,1.049861,1
6.27076,5.8164234,5.9836755,0.5702068,376982.2,1.0,1.0781127,1
6.4244614,6.501008,6.343947,0.551901,1045728.4,0.0,0.9882254,1
6.0234876,4.2304025,6.057244,0.5012282,631524.44,1.0,1.4238569,0
0.35149774,0.30614626,0.3631521,0.3361517,541202.56,0.0,1.1481367,0
2.330439,2.0068557,2.3928602,0.40254548,594215.8,0.0,1.1612389,0
3.8530345,2.8620913,3.7763007,0.5542782,166288.48,0.0,1.3462304,0
4.8452463,3.4808645,5.0954223,0.40225172,302528.03,1.0,1.3919663,0
7.369932,6.513375,7.7699966,0.5283124,1156319.2,1.0,1.1315075,1
3.1297266,2.7038817,3.2526193,0.3651678,789938.56,0.0,1.1574938,0
7.025182,6.3728604,6.705051,0.5677145,379228.0,0.0,1.1023593,1
1.4747485,1.1176695,1.4657218,0.5789121,1139024.2,0.0,1.3194853,0
3.0959878,2.4349585,3.054351,0.2558467,507119.56,1.0,1.2714746,0
0.6077997,0.43567285,0.6463089,0.51009625,211993.56,1.0,1.3950827,0
5.9914165,4.425377,6.3607035,0.27174982,1160113.9,1.0,1.3538771,0
1.3750916,1.2262176,1.4757705,0.22084385,815821.3,1.0,1.121409,0
2.204756,1.712164,2.0862176,0.41091615,915737.8,1.0,1.2877015,0
6.2468195,6.171128,6.5572295,0.91953766,75888.6,1.0,1.0122654,1
4.3707905,3.5744343,4.6945777,0.6163082,375617.25,1.0,1.2227923,1
0.3089872,0.22451141,0.2883772,0.70881563,1137241.9,1.0,1.376265,0
0.2174346,0.14806424,0.19742788,0.59126246,228854.33,1.0,1.4685153,0
4.183153,3.5339015,3.8531094,0.5308165,1054499.4,1.0,1.183721,1
2.578653,2.03075,2.6334248,0.63430876,936038.1,1.0,1.2698033,0
1.6064292,1.224799,1.5812558,0.4040643,485295.16,0.0,1.311586,0
4.9860325,4.0882525,4.681936,0.5705772,1069731.5,1.0,1.2196,1
1.9818045,1.5013479,1.9930229,0.6765647,1111113.0,1.0,1.3200167,1
4.819216,4.2935123,5.0944147,0.60491323,1046896.8,1.0,1.1224414,1
3.1582744,2.4546714,3.3830285,0.686417,518602.12,0.0,1.2866384,1
1.6566205,1.1529567,1.7400217,0.52739,725205.3,1.0,1.4368454,0
1.2772169,1.0976108,1.3756933,0.7538121,402048.34,0.0,1.1636336,1
2.0475128,1.5573988,2.0901768,0.46876523,199446.16,1.0,1.3147002,0
0.43269044,0.34518033,0.46186015,0.81765383,1087428.8,1.0,1.25352,1
2.6033902,1.8498842,2.5602715,0.5860411,1178329.9,1.0,1.4073261,0
7.2352467,6.0009336,7.7453003,0.44240806,117374.0,1.0,1.2056868,1
6.6846247,5.376579,7.213797,0.32313046,840898.2,1.0,1.2432859,0
3.1016293,2.7249873,3.217263,0.37880135,1141636.0,1.0,1.1382179,0
4.691502,3.4264028,4.626803,0.35609576,749105.4,0.0,1.3692209,0
4.6254125,4.649468,4.423443,0.48669213,104160.04,1.0,0.9948262,1
6.6641526,4.967734,6.4311466,0.30890626,67150.9,1.0,1.3414875,0
2.0430627,2.0649495,1.8928385,0.69391376,629717.75,0.0,0.9894008,1
2.5118225,2.3830295,2.2843325,0.5166084,1130936.8,1.0,1.0540458,1
2.5539265,2.01921,2.5102124,0.5105224,370695.44,0.0,1.2648146,0
0.5187859,0.38755378,0.47133452,0.32519197,452875.2,1.0,1.3386166,0
2.6545653,2.2384725,2.8566246,0.38464436,965393.2,1.0,1.1858824,0
7.0477276,6.561011,7.2591004,0.16694489,971910.94,1.0,1.0741831,0
7.3135037,6.6335926,7.816186,0.7426708,1135184.9,0.0,1.1024952,1
1.0551558,0.846489,1.0434259,0.2873425,1014472.7,1.0,1.2465084,0
3.7728567,2.6722934,3.5645595,0.29871443,733009.25,1.0,1.4118422,0
3.1745214,2.9316356,3.0413685,0.711976,1129567.8,1.0,1.08285,1
4.0170016,2.6673129,4.3019943,0.5581347,756580.8,1.0,1.5060108,0
4.526812,2.970366,4.184489,0.5181105,741816.06,1.0,1.5239913,0
0.35801834,0.26394972,0.37221488,0.5510403,67827.92,1.0,1.3563883,0
6.76949,5.7904572,6.3981023,0.64308506,573775.8,0.0,1.1690769,1
7.79458,7.6202483,7.565684,0.51498127,99393.85,0.0,1.0228775,1
5.2965574,4.6194015,4.770129,0.26846978,1083585.0,1.0,1.1465896,0
5.3515277,3.9472706,5.329146,0.6099785,62041.203,1.0,1.3557539,0
4.318243,3.205298,3.9972703,0.5633516,403052.2,0.0,1.3472204,0
2.8073325,2.6416345,3.0092626,0.67573303,1194326.6,1.0,1.0627255,1
1.362027,1.1909947,1.2524459,0.31263518,964324.8,1.0,1.1436045,0
4.755694,3.6996806,4.51826,0.3905987,921319.44,0.0,1.2854337,0
0.55054295,0.4656076,0.4971181,0.55881333,869812.8,0.0,1.1824182,0
6.63112,5.5966573,7.2847857,0.35832328,108926.6,1.0,1.1848358,0
3.4831111,3.2415378,3.58164,0.14707363,381429.6,0.0,1.0745244,0
3.435083,3.1930227,3.5337226,0.5295996,968221.44,0.0,1.0758091,1
2.7519326,1.7882329,2.7623134,0.6342511,1079884.8,1.0,1.5389118,0
7.76096,6.4296923,8.332253,0.48066023,452564.34,1.0,1.2070501,1
1.5643523,1.1486671,1.4530292,0.58222026,348328.7,0.0,1.3618848,0
1.380201,1.3417099,1.4610399,0.56050515,321279.62,0.0,1.0286882,1
1.4911457,1.2205528,1.5827389,0.5015743,680273.5,1.0,1.221697,0
5.3365145,4.2500176,4.841423,0.52039444,385209.88,1.0,1.2556453,0
7.9367833,6.362663,7.3537107,0.7023707,74537.31,1.0,1.2473997,1
2.0367064,1.4889041,2.055912,0.35536242,499362.38,1.0,1.3679231,0
7.263816,5.356317,6.668461,0.6159567,686793.5,1.0,1.3561214,1
2.3732092,2.1052675,2.269911,0.32286835,779379.5,1.0,1.1272721,0
5.253619,4.555334,5.152406,0.38078296,444397.9,0.0,1.1532896,0
0.51589185,0.51102227,0.4805241,0.67938757,410975.84,0.0,1.009529,1
4.066101,3.2543473,4.232117,0.31852528,376458.25,1.0,1.2494367,0
5.305646,3.8870301,5.300405,0.4637613,766824.2,1.0,1.3649613,0
4.383294,3.7939715,4.5058656,0.8542021,376169.16,1.0,1.1553314,1
2.055116,1.6579508,2.0445526,0.6538326,1104380.8,1.0,1.2395519,1
6.6622763,5.113962,6.5456657,0.3894242,373940.5,1.0,1.302762,0
7.7670646,7.1842155,7.755242,0.4151262,959576.4,0.0,1.0811292,1
3.7817295,3.833599,4.083901,0.47448257,417690.7,0.0,0.98646975,1
5.16017,3.7793093,5.052879,0.69679165,779951.75,1.0,1.3653738,0
6.3652234,5.8851466,6.54633,0.34975293,853868.06,1.0,1.0815743,0
2.0836146,1.7368757,2.2227845,0.34067467,250529.36,0.0,1.1996337,0
6.942713,5.650504,7.1108484,0.607003,486960.94,0.0,1.2286891,1
2.385567,2.2137864,2.2548687,0.24782945,196719.31,1.0,1.077596,0
6.25148,4.584854,5.778818,0.36333844,637254.0,1.0,1.3635069,0
1.074374,0.8112815,1.0939013,0.48723665,1095833.8,1.0,1.3242924,0
2.4494164,2.3845415,2.5608134,0.49492696,735671.2,1.0,1.0272064,1
4.3622355,3.7166173,4.5966945,0.295307,856909.1,1.0,1.1737112,0
4.294392,3.2292557,4.460845,0.55306107,375511.9,0.0,1.3298396,0
6.833363,5.1746264,6.1547475,0.58306473,588459.4,1.0,1.320552,1
7.969793,7.7120395,8.406282,0.4006266,901895.56,1.0,1.0334222,1
1.0362446,0.86170304,1.0579275,0.7491136,200996.7,1.0,1.2025542,1
2.3168275,2.0597925,2.5430338,0.55094093,189964.66,0.0,1.1247869,1
2.9892662,2.694552,3.1474504,0.34927115,308099.78,1.0,1.1093742,1
3.9355636,3.1870806,3.8806288,0.7431171,322319.5,1.0,1.2348491,1
4.052496,3.7530367,4.1952653,0.42150134,1156757.6,0.0,1.0797912,0
6.8783216,6.4735527,7.0378103,0.52683103,232399.69,1.0,1.0625265,1
6.2103624,5.4253955,6.0083933,0.42698282,170928.03,0.0,1.1446838,1
0.34704232,0.2883949,0.34936953,0.593623,208334.89,1.0,1.203358,1
3.7491698,2.484122,3.5275044,0.42777076,283347.7,1.0,1.5092535,0
5.020976,3.4691436,4.607077,0.43687156,474027.56,1.0,1.4473243,0
3.7910855,3.3864539,3.9677687,0.47600335,276726.4,1.0,1.1194854,1
1.219033,1.0991355,1.1907828,0.42470747,150970.2,1.0,1.1090834,1
3.3002977,3.1171515,3.4690838,0.6607722,207110.98,0.0,1.0587544,1
3.4109144,2.8129303,3.4029582,0.311331,958118.25,1.0,1.212584,0
1.6641842,1.125127,1.7672935,0.49442786,648086.9,1.0,1.4791079,0
6.0991955,4.225027,6.3914795,0.51341975,907763.25,1.0,1.4435873,0
2.7069254,2.3207672,2.849922,0.48130485,253204.33,0.0,1.1663924,1
4.7941008,3.9047546,4.7263427,0.6452448,400948.6,1.0,1.2277598,1
4.2226954,3.6511214,4.6121793,0.2744078,1179651.2,1.0,1.1565475,0
7.043931,5.0005035,6.910455,0.5851876,148518.4,1.0,1.4086444,0
1.1517165,0.961011,1.2192402,0.31325716,554470.94,0.0,1.1984426,0
1.0912515,0.9775953,1.0889792,0.42368352,390136.22,1.0,1.116261,1
2.5424933,1.8949267,2.407785,0.29784647,58434.64,0.0,1.3417372,0
3.5634768,2.5287561,3.655353,0.4501863,685319.6,1.0,1.4091816,0
2.5286295,2.222069,2.5130074,0.4132683,682506.1,1.0,1.1379617,1
6.152859,5.2565503,5.86253,0.7457408,418529.72,1.0,1.1705128,1
2.1130736,2.081788,2.0634298,0.53620493,593097.3,0.0,1.0150282,1
0.861243,0.8603239,0.8026677,0.5659679,500739.66,1.0,1.0010682,1
3.4276385,2.9300299,3.7615216,0.33387446,583836.56,0.0,1.1698306,0
6.2323585,4.4957623,6.410833,0.61101156,1025255.9,1.0,1.3862741,0
6.834383,5.2453094,6.3881593,0.7457339,871069.3,0.0,1.3029513,1
5.9200897,5.576796,6.233367,0.63048637,372281.3,1.0,1.0615575,1
4.551516,3.6902354,4.6442566,0.3031981,325472.16,1.0,1.2333945,0
5.8486953,5.3754225,6.109022,0.43037874,884000.3,1.0,1.0880438,1
5.514838,4.5123534,5.608024,0.5162735,308192.0,1.0,1.2221646,1
2.0280597,1.3543141,1.84978,0.41342553,1093723.8,1.0,1.4974811,0
4.495919,3.472047,4.2290773,0.8799486,1007738.94,1.0,1.29489,1
6.210753,5.564828,6.544574,0.42765853,340396.9,1.0,1.1160728,1
2.673541,1.7763858,2.8095443,0.4934973,971725.3,1.0,1.5050454,0
5.3009906,4.349525,5.5701485,0.4099658,270049.66,1.0,1.2187515,0
3.9555473,3.7459426,3.572029,0.53475255,78590.164,0.0,1.0559552,1
4.124639,2.9086084,4.3763666,0.7073525,1155288.8,1.0,1.4180799,1
0.9024293,0.6713161,0.8914428,0.5172283,925553.25,1.0,1.3442688,0
5.396494,4.7057524,5.6055126,0.467148,612376.94,1.0,1.1467866,1
6.9523587,6.6932244,6.6354423,0.33891344,1019690.8,0.0,1.038716,0
1.303164,1.0702993,1.373412,0.68132544,137194.55,0.0,1.2175697,1
3.0556242,2.763481,3.3503585,0.47844592,900634.8,1.0,1.1057156,1
0.5796062,0.5936506,0.55103606,0.47199556,1149774.6,1.0,0.9763423,1
0.4311287,0.35393053,0.45563385,0.14915942,991379.3,1.0,1.2181168,0
7.9193363,5.6361313,8.085564,0.4809175,546427.06,0.0,1.4051014,0
4.049078,3.9017057,3.8653271,0.43983427,448257.56,1.0,1.0377712,1
2.9730484,2.3878694,2.850771,0.22609934,1076278.2,1.0,1.2450633,0
2.344041,2.1766028,2.4526348,0.64844173,385233.1,0.0,1.0769265,1
7.8440986,6.5014877,7.5057764,0.41971365,1128065.4,0.0,1.2065083,0
2.167556,1.724596,1.9715196,0.7843353,417826.9,0.0,1.2568486,1
5.8605256,4.7396317,6.2988462,0.71216625,193767.03,1.0,1.236494,1
2.4133132,2.0164192,2.4562457,0.39201444,321273.34,0.0,1.1968311,0
0.74981815,0.6848205,0.78857976,0.70539707,647405.75,1.0,1.0949119,1
5.5295577,4.1981025,5.643714,0.7415813,200771.94,0.0,1.3171564,1
0.21272062,0.2110464,0.21342078,0.41614467,486950.72,1.0,1.0079329,1
5.4708385,4.057279,5.7662444,0.34510097,1091734.0,1.0,1.3484008,0
2.1529374,2.0567434,1.9514898,0.17669679,157970.78,1.0,1.0467701,0
6.019613,5.362989,5.793139,0.55706626,756725.9,0.0,1.1224362,1
6.2040515,4.729688,6.362216,0.3540011,514329.3,1.0,1.3117253,0
5.8480363,4.1363397,6.3673124,0.5615739,794573.06,0.0,1.4138192,0
0.39097086,0.3454754,0.38265496,0.41482234,613049.3,1.0,1.1316894,1
5.6891456,4.8905416,6.2299457,0.38304025,1058210.8,0.0,1.1632956,0
7.9231358,6.4293375,8.327662,0.4157763,512873.0,1.0,1.2323409,0
2.0924778,1.7073269,2.086157,0.30502746,634692.8,0.0,1.2255871,0
2.3390608,2.006692,2.3059204,0.41570702,199657.61,1.0,1.1656303,1
6.545507,4.8415594,6.0604095,0.3895081,613852.56,1.0,1.351942,0
1.4510951,1.3496479,1.4845266,0.49787664,181940.47,0.0,1.0751657,1
5.352553,4.4461827,4.8733425,0.5156387,720599.4,1.0,1.2038536,0
6.0892057,4.2320514,6.0028296,0.33932373,541502.8,1.0,1.4388307,0
0.48985317,0.45445254,0.46415633,0.6651208,950876.6,1.0,1.0778973,1
4.5193443,3.7308066,4.931767,0.4760647,531248.5,1.0,1.2113585,0
4.6918426,4.177014,4.563534,0.7253659,775184.75,0.0,1.1232527,1
2.5668547,2.2252634,2.5613377,0.5361623,117841.23,0.0,1.1535059,1
7.0354886,6.0600247,6.860295,0.5103656,866521.25,1.0,1.160967,1
1.4694479,1.2220286,1.3628275,0.42635328,1151048.9,0.0,1.2024659,0
3.0407188,2.30078,2.9510674,0.5922259,564945.56,1.0,1.3216034,1
6.819616,6.6798863,7.2001486,0.505035,61326.414,0.0,1.0209179,1
1.6870135,1.4450772,1.7279053,0.6287699,744193.6,1.0,1.1674211,1
6.606718,5.590147,6.524022,0.74069935,216953.86,1.0,1.1818506,1
0.81673956,0.61582804,0.86910415,0.39097208,588163.75,1.0,1.3262461,0
4.015987,3.028122,3.6177204,0.59201956,87324.0,1.0,1.3262302,1
0.7875792,0.5180759,0.83902395,0.5877674,559233.4,0.0,1.5202004,0
5.487648,5.2066536,5.0042253,0.56871676,1055658.8,1.0,1.0539683,1
6.3666916,5.4066973,6.838173,0.43502012,205694.77,0.0,1.1775565,0
6.8288965,5.2527943,7.4401813,0.43805504,623074.56,0.0,1.3000503,0
7.8538456,6.7455263,8.355187,0.41241768,341952.88,0.0,1.1643044,0
5.441723,4.7259755,4.918875,0.40944245,350185.25,1.0,1.1514496,0
6.198683,5.0753336,6.231174,0.37398133,789798.56,1.0,1.221335,0
4.1449146,3.6903784,4.417481,0.4843254,910518.8,0.0,1.1231679,0
7.319348,7.6198964,7.385246,0.38632724,1054278.1,1.0,0.9605574,1
5.2213154,3.9482753,5.0750523,0.56534654,369983.12,0.0,1.3224294,0
7.091701,6.0347195,7.050137,0.50854313,131392.67,1.0,1.17515,1
2.0365257,1.5121189,1.8657402,0.5253684,558624.5,0.0,1.3468026,0
4.074555,3.8635283,4.071551,0.45897663,722279.94,1.0,1.0546201,1
5.8925877,4.921621,5.336147,0.51033473,900517.7,0.0,1.197286,1
1.7812297,1.3778526,1.8325702,0.46290162,919482.44,1.0,1.2927579,0
1.8484504,1.6985854,1.8079517,0.61693144,1043159.8,1.0,1.0882293,1
7.8287334,6.26026,7.3454547,0.4336416,85838.91,1.0,1.2505444,1
3.5899608,2.6187816,3.2434456,0.55632865,1178147.8,0.0,1.3708516,0
1.6181605,1.2622306,1.7547718,0.30404437,1161838.0,1.0,1.2819848,0
2.7854183,2.062808,2.8167927,0.6068112,90879.12,1.0,1.3503041,0
3.2995338,3.2168286,3.3965094,0.41611087,410289.88,0.0,1.0257102,1
5.060065,4.417668,5.3427787,0.3631593,930374.0,1.0,1.1454154,0
7.399514,6.4255304,7.586856,0.32918006,600286.94,1.0,1.1515803,0
7.8954024,6.9843535,7.758187,0.3173118,55337.99,0.0,1.1304414,0
5.2832503,4.5411983,5.4180665,0.4277793,457923.16,1.0,1.1634045,1
5.6593943,4.6657777,5.379273,0.72479415,715779.8,1.0,1.2129585,1
2.7102675,1.8268248,2.7435234,0.40350157,1061517.1,1.0,1.4835947,0
6.885837,5.837563,6.4803815,0.16862433,1003639.25,1.0,1.1795739,0
1.898827,1.7530829,2.0573497,0.55481994,1138267.4,0.0,1.083136,1
1.0297691,0.9165625,1.0317396,0.3328615,588117.44,0.0,1.1235121,0
7.7913966,7.4539514,7.3766456,0.6222211,968014.9,0.0,1.0452707,1
6.940282,5.046796,7.1340995,0.43683848,165845.94,1.0,1.3751857,0
2.568432,1.8531594,2.3579848,0.45889878,646226.56,0.0,1.3859746,0
5.4663315,4.8360066,5.394197,0.6795966,1104067.9,1.0,1.1303399,1
3.8427432,2.8508513,4.124005,0.5926594,1014674.75,1.0,1.3479283,0
2.7204,2.271049,2.8661366,0.31304345,803951.3,0.0,1.1978605,0
2.4368389,2.0287921,2.5359888,0.3351112,221583.81,1.0,1.2011279,0
1.2610141,0.99157107,1.2536001,0.23247051,259393.45,1.0,1.2717334,0
4.484681,4.1801963,4.437035,0.89048314,830450.1,1.0,1.0728399,1
3.6834543,3.614703,3.3234406,0.3705939,424403.0,1.0,1.0190198,1
4.195054,3.981337,4.278987,0.67547196,428865.12,0.0,1.0536797,1
1.8797859,1.5971392,1.9087378,0.4201588,1024766.2,1.0,1.1769706,0
7.5211635,6.0676117,6.7769876,0.33802167,73537.2,1.0,1.239559,0
5.181011,5.054123,4.804915,0.5032341,501395.56,1.0,1.025106,1
7.216885,6.3005757,6.513147,0.45100036,323953.56,1.0,1.1454326,0
1.0523151,0.8049645,1.0003684,0.6202812,81165.32,0.0,1.3072814,1
5.0582376,4.5989,4.5563116,0.6221576,299059.1,1.0,1.09988,1
6.8258023,4.944311,6.712998,0.41147885,261884.62,0.0,1.3805366,0
2.781182,1.9625522,2.7680511,0.28400683,630145.4,0.0,1.4171251,0
1.7221167,1.510045,1.7004461,0.3204254,550470.5,0.0,1.1404406,0
2.2671661,1.8069477,2.1308594,0.15763131,592454.44,1.0,1.2546939,0
2.3288832,1.5748293,2.3398564,0.45883104,1059598.0,1.0,1.4788162,0
3.6881518,2.6894193,3.9198377,0.49822995,618592.6,1.0,1.3713562,0
2.742516,2.468969,2.627997,0.32857582,784855.44,1.0,1.1107941,0
2.3159378,1.8966973,2.229125,0.31045234,794605.75,1.0,1.2210371,0
5.258396,4.6088257,5.303435,0.4975874,644405.56,1.0,1.1409405,1
0.6136525,0.42514622,0.58097607,0.4052068,400490.44,1.0,1.4433916,0
2.8548374,2.9615269,2.7622187,0.46806064,1088632.4,0.0,0.96397483,1
5.5800653,5.5156364,5.5269847,0.44491628,553901.9,1.0,1.0116811,1
1.5716281,1.2524787,1.53589,0.5373095,706797.2,1.0,1.2548141,0
1.9232373,1.4676236,2.0456445,0.41520816,693016.0,0.0,1.3104432,0
1.7651997,1.5485474,1.8884083,0.42668837,1001783.75,0.0,1.1399068,0
0.20722364,0.18787172,0.20319846,0.21773018,664813.94,0.0,1.103006,0
3.8953884,3.5518987,3.85471,0.49245012,575438.3,0.0,1.0967059,1
0.50387853,0.50064975,0.5499224,0.51330376,579070.2,1.0,1.0064492,1
2.3289306,2.0671852,2.3303688,0.47334507,946940.9,1.0,1.1266192,1
7.959467,6.044325,8.744321,0.7867751,429471.38,1.0,1.3168496,1
7.3634906,6.2903943,7.7505198,0.5244168,1125078.8,1.0,1.1705928,1
1.8775913,1.6737518,1.7890562,0.47652844,1023594.56,1.0,1.121786,1
2.6180189,2.0926938,2.4761708,0.5748717,209099.73,1.0,1.2510283,1
3.8168957,3.0679507,3.5566328,0.8169295,414824.88,1.0,1.2441189,1
6.7864256,5.878852,7.201953,0.53790843,1091462.9,0.0,1.1543795,1
6.4606385,5.4791436,6.2110796,0.1664775,370127.06,1.0,1.1791328,0
1.1846832,1.1441357,1.2263349,0.5648088,415307.0,0.0,1.0354394,1
1.170701,0.8469997,1.1800985,0.36811468,300074.38,1.0,1.382174,0
3.4505117,2.522935,3.675483,0.21162872,112553.164,0.0,1.3676578,0
6.986744,5.550416,7.3372235,0.7546342,600224.56,1.0,1.2587785,1
7.080263,6.188193,6.4625087,0.72221696,918080.94,1.0,1.1441568,1
1.0374537,0.8963352,1.0039289,0.36422336,808997.0,1.0,1.1574394,0
4.6795187,3.8923206,4.6983294,0.36520532,81768.72,0.0,1.2022439,0
1.4142666,1.1517017,1.5001518,0.5240251,651890.3,1.0,1.2279799,0
5.551809,3.7494917,5.7894564,0.36722317,429832.5,1.0,1.480683,0
7.3481793,7.0090322,7.420785,0.47973895,788057.0,1.0,1.0483872,1
3.7472005,3.5019104,3.9783094,0.3930227,515933.8,1.0,1.0700446,1
0.84804565,0.7730592,0.8370089,0.43993965,1177609.6,0.0,1.0969996,0
4.7181826,3.6188707,4.298887,0.28934672,1002717.7,1.0,1.3037721,0
3.38643,2.7550461,3.6373887,0.62403476,855426.56,0.0,1.2291737,1
6.52501,5.2010245,6.559715,0.68056834,643017.1,0.0,1.2545625,1
2.8546867,2.0185442,3.0307658,0.4849694,729779.8,0.0,1.4142305,0
7.024198,5.1585126,6.87259,0.49456364,558455.9,0.0,1.3616712,0
2.3348632,1.6708609,2.3762147,0.5943735,963855.75,1.0,1.3974013,0
1.4286375,1.1308719,1.3803762,0.50028515,1094469.2,0.0,1.2633063,0
2.5905468,2.5207825,2.5436969,0.7594346,1198959.4,0.0,1.0276757,1
0.47234318,0.3411728,0.43903336,0.30254558,738654.8,0.0,1.384469,0
2.3937185,2.1200733,2.5093846,0.6291413,834168.25,1.0,1.1290735,1
5.3489175,5.148437,5.113869,0.48286965,509841.88,1.0,1.0389401,1
1.3098072,1.1859329,1.2578684,0.33181813,59744.176,1.0,1.1044531,0
1.0686468,0.92399055,1.0374827,0.8370633,858722.3,1.0,1.1565559,1
1.2326052,1.0922867,1.2158729,0.85778004,1124140.8,1.0,1.128463,1
0.80490303,0.6062034,0.81716394,0.4688195,1038568.25,0.0,1.3277773,0
7.0221562,5.5658364,7.2788954,0.5667088,1060413.9,1.0,1.2616533,1
7.564098,6.0455704,7.8298845,0.42932206,512444.84,1.0,1.2511802,0
0.563177,0.5300796,0.55458075,0.45345578,870584.25,1.0,1.0624385,1
6.12856,5.5172276,6.1063633,0.33012512,784194.5,1.0,1.1108042,0
5.949784,5.6412454,5.5217805,0.30796066,672075.0,0.0,1.0546933,0
7.9758935,6.97339,8.0102,0.7766225,224362.8,0.0,1.1437613,1
2.913391,2.551562,3.1330938,0.49418482,711758.4,1.0,1.141807,1
2.4269702,2.400959,2.4077728,0.50758773,393379.56,1.0,1.0108336,1
3.7340405,3.3785272,4.0611525,0.37842226,859127.56,1.0,1.1052274,1
6.881286,5.672308,6.407556,0.52849555,1136580.2,1.0,1.2131369,1
5.8830304,5.9084816,6.1617794,0.27443087,886806.5,1.0,0.9956925,0
3.8786657,3.4484665,4.0400095,0.3839392,348458.25,1.0,1.1247509,1
2.1075902,1.8329287,2.184108,0.3200338,585035.0,0.0,1.1498485,0
5.870723,4.178413,6.0619407,0.6939326,699595.56,1.0,1.4050126,0
6.8653097,4.8595977,6.209409,0.25221524,885075.75,1.0,1.412732,0
3.3196197,3.1905723,3.4803703,0.32311767,220024.64,1.0,1.0404464,1
5.4149666,3.8281085,5.4146247,0.19286162,654431.4,0.0,1.414528,0
3.3216538,2.5879834,3.3377213,0.36649814,1039156.94,1.0,1.2834911,0
3.9322488,3.2210822,3.5790327,0.43107185,81726.26,0.0,1.220785,0
4.294301,4.211333,4.026664,0.64666706,886717.44,1.0,1.0197012,1
6.2506614,6.20466,6.7644744,0.46670032,1062502.0,1.0,1.007414,1
7.824547,6.95665,7.5358653,0.43841195,965128.25,1.0,1.1247579,1
3.6660562,2.748811,3.5882478,0.54498625,1121615.0,0.0,1.3336879,0
2.870057,1.950603,2.6916564,0.43356454,950117.06,1.0,1.4713691,0
3.1140099,2.8002663,3.1963384,0.8614862,645726.6,1.0,1.1120406,1
1.2443347,0.8970427,1.3042372,0.41134948,598474.44,1.0,1.3871522,0
2.516122,2.1061513,2.7281115,0.5620568,86615.63,1.0,1.194654,1
0.8742898,0.8262451,0.88514215,0.62396836,71389.27,0.0,1.0581483,1
3.5375752,2.9680035,3.3788307,0.4070429,785389.2,1.0,1.191904,0
1.5053867,1.3406495,1.3762134,0.52480584,366712.9,0.0,1.1228787,1
2.9019725,2.571916,2.766224,0.42487317,403159.66,1.0,1.128331,1
6.3899064,5.607702,6.541174,0.5411031,978125.5,1.0,1.1394875,1
2.1182356,1.7129042,2.3190882,0.5151386,177962.1,0.0,1.2366341,1
4.972778,4.0926175,4.554267,0.47895756,376409.8,0.0,1.2150606,0
7.229215,5.343376,7.0678105,0.32666546,837794.4,1.0,1.3529302,0
4.6220474,3.7468405,4.776642,0.77955425,85151.16,1.0,1.2335854,1
1.7115824,1.2460634,1.7371092,0.5879599,647757.6,0.0,1.3735918,0
2.8891764,2.4120195,2.9768298,0.2617044,148280.06,1.0,1.1978246,0
4.8048797,4.206155,4.769524,0.43694457,925905.3,1.0,1.1423451,1
4.151567,2.9114504,3.9581344,0.2645906,779769.8,0.0,1.4259446,0
1.3592347,1.129327,1.354546,0.61431223,749834.75,0.0,1.2035793,1
3.6850114,2.5858836,3.5977035,0.4967326,304477.8,0.0,1.4250492,0
4.4359202,3.4715836,4.621606,0.50061166,883403.5,1.0,1.27778,0
2.285195,1.5570136,2.135115,0.37364492,396931.03,0.0,1.4676783,0
4.977075,3.4516323,4.973241,0.4526654,706437.0,1.0,1.4419482,0
0.74724877,0.76011986,0.81585556,0.61807764,155834.2,1.0,0.98306704,1
2.8255348,2.7247658,2.8435018,0.65837485,160499.5,1.0,1.0369827,1
6.473359,6.150231,6.133132,0.62696314,273088.75,1.0,1.0525392,1
2.2224214,1.824238,2.41615,0.26717496,298405.8,0.0,1.2182739,0
4.9203796,4.735622,4.668611,0.47208259,195397.28,1.0,1.0390145,1
3.3982317,3.3664856,3.5689454,0.537997,185985.72,0.0,1.00943,1
2.668389,2.0908213,2.4600046,0.38978365,1060885.6,0.0,1.2762396,0
7.345827,5.1141458,7.863105,0.25114763,687828.44,1.0,1.4363742,0
2.8774414,2.621467,2.693616,0.3070054,765503.56,0.0,1.0976455,0
2.046072,1.984325,2.0027688,0.7249662,380995.03,1.0,1.0311173,1
7.29255,5.4342904,7.971662,0.3212808,113810.48,1.0,1.3419508,0
6.018366,5.2595935,6.113931,0.5071341,1163514.8,1.0,1.1442645,0
5.518038,4.4835367,5.2575817,0.47654974,112132.36,1.0,1.2307333,0
0.58637255,0.500653,0.52780885,0.47693273,996020.5,1.0,1.1712154,0
1.2233987,1.1513447,1.10272,0.4520208,814849.4,0.0,1.0625825,0
5.179052,4.308361,4.945567,0.61837053,518649.16,1.0,1.2020932,1
1.8335761,1.8170991,1.8434242,0.50534195,908586.9,0.0,1.0090678,1
1.9599763,1.8306262,1.9540538,0.4061518,929442.25,0.0,1.0706589,0
6.2772803,4.5930142,6.8069344,0.5077016,1060035.5,0.0,1.3667017,0
2.4302146,2.279568,2.5585756,0.30836838,676664.1,0.0,1.0660856,0
0.75838095,0.64401346,0.82280326,0.5713917,295763.28,0.0,1.1775855,1
0.4841692,0.40871748,0.48530972,0.39785498,708465.6,1.0,1.184606,0
3.6567883,2.842193,3.6177824,0.40649432,164212.36,1.0,1.2866081,0
5.0136027,4.968287,5.079871,0.5769571,482663.34,1.0,1.0091211,1
6.977305,5.7559524,6.7988896,0.43890262,751921.5,1.0,1.2121894,0
1.0642743,0.78265125,1.002719,0.44734758,339670.2,1.0,1.359832,0
1.734048,1.2797956,1.8508052,0.67514455,1044845.2,1.0,1.3549414,1
4.3324447,3.3009565,4.4888735,0.35402185,1172459.6,1.0,1.3124816,0
3.0400453,2.6155014,2.934044,0.57475775,137296.58,0.0,1.1623183,1
3.963792,2.9912667,3.9212062,0.6424286,286776.56,0.0,1.3251215,0
7.408172,6.556887,7.001386,0.6750346,593963.4,1.0,1.1298306,1
4.450155,3.6433775,4.5060835,0.826478,93632.64,0.0,1.2214366,1
3.4379408,3.0693798,3.3405495,0.40367895,156866.55,1.0,1.1200767,1
7.917631,6.5528455,8.512364,0.36980963,1085736.1,1.0,1.2082738,0
0.70868224,0.6724283,0.7127023,0.6225823,102359.32,1.0,1.0539149,1
7.4704847,7.448102,7.338602,0.64103615,334606.88,0.0,1.0030051,1
4.1129622,3.2138276,4.318298,0.3813898,537177.6,1.0,1.2797706,0
4.1292996,3.7924716,4.463856,0.57272065,73528.1,0.0,1.0888149,1
7.3913217,5.355737,7.8605514,0.908631,982182.9,1.0,1.3800756,1
4.157127,3.5655792,4.152901,0.5156997,1004508.94,1.0,1.1659051,1
3.6195753,3.3491101,3.5156524,0.63852483,503870.78,1.0,1.0807573,1
2.325411,1.9224235,2.4008145,0.73651063,282051.53,1.0,1.2096248,1
5.338771,3.8013358,5.677108,0.8755619,1076211.8,0.0,1.404446,1
4.643232,3.8595903,5.0877185,0.5368549,830339.5,1.0,1.2030375,1
1.8718944,1.6962259,1.8558902,0.687955,652441.06,1.0,1.1035644,1
5.733421,4.964451,5.926339,0.38172588,501257.47,1.0,1.1548953,1
5.2238774,3.893415,5.0077167,0.50373214,670168.4,1.0,1.3417213,0
3.2992043,2.7129397,3.0269957,0.43303213,336938.28,1.0,1.2160994,0
0.2343272,0.20293696,0.22275414,0.2171989,567040.06,1.0,1.1546797,0
3.683333,2.9724796,3.325674,0.25954494,838782.4,1.0,1.2391449,0
0.24725331,0.17934133,0.24771951,0.56450486,523062.7,1.0,1.3786745,0
0.7849882,0.6500471,0.765074,0.5674533,837697.75,0.0,1.2075866,0
3.5587573,3.440995,3.6856446,0.34375572,899534.4,1.0,1.0342233,1
0.8389751,0.68260765,0.8583242,0.7336078,916768.7,0.0,1.2290736,1
2.3501904,2.1209853,2.1940749,0.33350277,704554.6,0.0,1.1080654,0
5.312833,4.06849,5.4975295,0.5385904,262046.17,1.0,1.3058487,1
2.6071997,2.1706245,2.4441977,0.43771407,855643.6,1.0,1.2011288,0
7.981659,7.281273,7.1929965,0.51604223,992173.2,1.0,1.0961901,1
7.347156,5.1456127,8.038072,0.63478,158432.17,1.0,1.4278486,1
4.765417,3.4122343,4.3145947,0.6136013,1080360.9,1.0,1.3965681,0
7.7421875,7.5453496,7.497146,0.6061763,1132495.8,1.0,1.0260874,1
6.970535,6.5903997,7.1622405,0.5870233,818471.3,1.0,1.0576801,1
2.6874084,2.3559024,2.617737,0.30908832,177724.61,0.0,1.1407129,0
6.0468507,4.0522037,5.9031887,0.6701794,801744.44,1.0,1.4922377,0
1.267288,0.9089623,1.3237399,0.34095672,459478.66,0.0,1.3942139,0
5.539501,3.9041631,5.6526775,0.4840949,399192.4,1.0,1.4188703,0
4.0304384,3.9420419,4.045252,0.44730097,92278.61,1.0,1.022424,1
0.33124232,0.3079387,0.35683522,0.5525185,883559.2,0.0,1.0756762,0
2.3389926,1.9334341,2.1556687,0.4272927,701681.94,1.0,1.2097607,0
7.6519814,7.4934697,7.605714,0.4762234,568412.06,0.0,1.0211533,1
2.6634855,1.9899988,2.5244873,0.7428302,496991.66,0.0,1.3384358,1
1.6153448,1.3818547,1.4657017,0.30571198,523630.06,0.0,1.1689687,0
1.6627452,1.2347662,1.8220475,0.49963003,571058.9,1.0,1.3466074,0
3.9378633,3.0106428,4.1221766,0.3328809,599111.9,0.0,1.307981,0
6.772664,6.414953,6.388228,0.6011524,162332.69,1.0,1.055762,1
6.112414,5.7161455,5.993141,0.39099067,487369.16,1.0,1.0693244,1
3.6074457,2.5505536,3.409775,0.50578046,123642.195,1.0,1.4143776,0
1.8280697,1.3681355,1.8956554,0.30130026,942320.56,1.0,1.3361759,0
0.5593062,0.4576433,0.542577,0.69373095,650575.4,1.0,1.2221445,1
3.8085165,2.7599344,4.1283274,0.5109185,969442.44,1.0,1.37993,0
6.555248,5.2164955,6.1718383,0.5206648,543718.0,1.0,1.2566383,1
5.8915195,5.344364,5.714569,0.62435925,226063.12,1.0,1.1023799,1
3.387086,2.6498916,3.6796045,0.31228873,394511.88,0.0,1.278198,0
4.8386807,3.4592834,5.2109504,0.40774664,318939.75,0.0,1.3987525,0
3.602723,2.7663133,3.4536927,0.5255081,555889.5,1.0,1.3023553,0
4.7163258,4.4136004,4.700355,0.23570175,957247.5,0.0,1.0685892,0
4.236541,3.59636,4.5616574,0.251806,184128.02,0.0,1.178008,0
5.5115395,5.0208144,5.699631,0.37681064,510115.2,0.0,1.0977381,0
4.160129,3.3768914,4.274349,0.32885036,155559.86,0.0,1.2319404,0
7.5367656,6.7627306,7.7787843,0.4484205,500174.4,1.0,1.114456,1
3.5386198,2.6826231,3.8365583,0.57836485,719900.8,0.0,1.3190894,0
0.32414716,0.23327833,0.32526052,0.6124821,129320.99,1.0,1.3895297,0
2.0437136,1.9459335,1.9136434,0.7714116,126638.11,0.0,1.0502484,1
4.1047335,3.481798,4.082341,0.49660632,890086.6,1.0,1.178912,1
4.4164605,3.5652835,4.6186357,0.52315384,518622.44,1.0,1.2387403,0
4.508601,3.6334815,4.5015087,0.4962679,454089.6,1.0,1.2408488,1
5.773506,5.388807,5.5578804,0.5480402,839267.7,1.0,1.0713886,1
2.3422556,1.797972,2.420173,0.5597551,147477.86,1.0,1.3027208,0
5.3862486,4.078648,5.3326335,0.63831764,1038672.2,0.0,1.3205965,0
5.6914515,4.889375,6.2182755,0.63773125,941739.94,1.0,1.1640449,1
3.40799,2.4088492,3.3072093,0.57790446,498091.47,1.0,1.4147792,0
3.336919,2.93435,3.4820662,0.7265259,589013.56,1.0,1.1371919,1
1.5956134,1.457468,1.613188,0.50401354,507372.88,0.0,1.0947845,1
3.4291015,2.6537561,3.139387,0.40826485,953014.75,1.0,1.2921691,0
6.3371673,5.678516,6.298837,0.43279323,83343.03,1.0,1.11599,1
7.2899895,6.03707,6.6035113,0.48412478,822096.94,1.0,1.2075377,0
4.830183,4.2194347,5.110171,0.33745474,397929.9,1.0,1.1447464,0
2.5350888,1.8126162,2.6539996,0.40799487,946479.2,1.0,1.39858,0
5.5218596,4.0313354,5.025458,0.32902434,1181495.1,0.0,1.3697348,0
5.9731402,5.5353084,5.972776,0.551594,370824.97,0.0,1.0790981,1
2.7912598,2.2966692,3.048915,0.55307317,562729.5,1.0,1.2153512,1
6.6470733,4.678844,6.360769,0.23466274,679729.44,1.0,1.4206657,0
0.7748275,0.60770756,0.83748055,0.40188769,683706.44,1.0,1.2750006,0
0.283879,0.24901637,0.2640695,0.7737783,230056.27,0.0,1.1400013,1
1.159172,0.8126858,1.0447855,0.594467,720733.06,0.0,1.4263471,0
1.4168651,1.3400265,1.4255141,0.56815046,882499.4,1.0,1.0573411,1
7.0556464,6.2232456,6.687685,0.400362,1135632.8,0.0,1.1337568,0
3.5148573,3.006424,3.781441,0.54309237,884187.1,1.0,1.1691157,1
2.3444672,1.713174,2.426018,0.4978235,743803.0,0.0,1.3684933,0
3.5467858,3.334627,3.679358,0.38048804,318238.38,1.0,1.0636231,1
3.279759,2.5623102,3.3934226,0.42593157,162608.19,0.0,1.2800008,0
2.551401,2.292499,2.6427195,0.429312,779484.8,1.0,1.1129344,1
1.2756168,1.0914724,1.3386616,0.276699,768960.1,0.0,1.1687119,0
5.3161407,3.4871864,5.49677,0.30146492,1015262.7,1.0,1.5244784,0
1.2655144,1.0989579,1.3501204,0.4700797,563017.4,0.0,1.1515585,1
6.2483106,5.1156936,6.320944,0.3728003,247849.9,1.0,1.2214005,0
1.7731665,1.5062804,1.7202156,0.45486227,308435.78,1.0,1.1771822,0
5.904696,4.786683,5.865545,0.25915208,597858.75,0.0,1.2335675,0
6.4835715,5.1922936,6.4060736,0.6201989,408860.56,0.0,1.2486912,1
1.1775429,1.0735092,1.1380967,0.8120719,257307.2,1.0,1.0969099,1
0.876617,0.8656474,0.86179656,0.65410936,174028.97,1.0,1.0126721,1
7.6066675,5.703799,7.431694,0.6695802,524203.56,0.0,1.3336143,1
3.8117652,3.1751645,3.5153167,0.5939184,438146.03,0.0,1.2004938,1
5.115837,4.7020707,5.454047,0.5398379,1160066.8,1.0,1.0879966,1
0.38143143,0.31103113,0.40099624,0.51297843,1034874.7,1.0,1.2263448,1
2.3739395,2.0578284,2.2968047,0.362821,261015.12,1.0,1.1536139,0
4.142102,3.455238,4.510858,0.60350835,916356.4,1.0,1.1987891,1
7.112503,6.824766,7.7517214,0.5946063,602227.5,0.0,1.0421606,1
2.3172274,1.6721253,2.4825475,0.43054855,1115013.4,0.0,1.3857976,0
6.2464924,4.3631616,5.6585383,0.57890064,749436.0,0.0,1.4316436,0
5.365261,4.7774954,5.227071,0.3959082,284592.44,1.0,1.123028,0
1.099112,0.83299595,1.0897336,0.4054617,275363.5,0.0,1.3194686,0
2.4883263,1.6939412,2.597174,0.6162658,1162394.0,1.0,1.4689567,0
2.0553396,1.4499431,2.1107564,0.5645791,1106017.9,0.0,1.4175313,0
3.6517153,3.0149884,3.7819927,0.46520835,605288.06,0.0,1.2111871,1
5.155607,5.0964665,5.4311366,0.44785008,698531.44,1.0,1.0116042,1
3.5806742,3.1199734,3.9018142,0.5262159,679162.5,1.0,1.1476617,1
2.1073854,1.5702735,2.1290948,0.22468992,927998.6,1.0,1.3420498,0
5.6278543,5.1593914,6.082633,0.3863346,595658.8,0.0,1.0907981,1
4.7588744,3.86794,5.0585113,0.31023362,191024.67,1.0,1.2303383,0
4.2506485,4.2589846,4.112863,0.50177795,422925.94,1.0,0.99804276,1
4.5244727,3.5720983,4.8083115,0.66329277,703517.44,1.0,1.2666149,1
1.930825,1.4870828,1.7830572,0.5715738,453735.53,0.0,1.2983978,0
5.5073624,4.24905,5.1314955,0.4232753,985580.75,1.0,1.2961397,0
3.2225041,2.440882,3.5398426,0.39401048,1140090.8,1.0,1.3202212,0
3.035049,2.81258,2.9917622,0.38692003,328297.8,1.0,1.0790977,1
1.3679268,0.93324983,1.3571525,0.79994255,1072518.0,0.0,1.465767,1
4.8553314,4.208957,5.293312,0.5102093,873062.9,1.0,1.153571,1
4.9007826,4.5254025,4.7653637,0.52996266,724998.8,1.0,1.0829494,1
2.854345,2.5793674,2.7041874,0.18333055,199949.2,1.0,1.1066066,0
6.9068303,6.555097,6.3236475,0.3228592,522592.75,1.0,1.053658,0
6.7945714,4.9067717,6.8253098,0.49337345,1194655.4,1.0,1.3847337,0
1.0506235,0.90231764,0.9875209,0.42527568,795604.1,1.0,1.1643611,0
5.6212993,5.5526357,5.132028,0.51995873,730435.94,0.0,1.0123659,1
3.2719111,2.429244,3.4767783,0.5179818,90959.81,1.0,1.3468845,0
7.997776,5.8464622,7.723607,0.59006786,419021.6,0.0,1.3679684,0
1.9551843,1.4217705,1.9862288,0.21962576,611379.2,0.0,1.3751757,0
2.3880887,1.7516454,2.1992605,0.3342157,787914.56,1.0,1.3633403,0
3.6484292,3.3435376,3.6525028,0.48505816,1035683.3,0.0,1.0911883,1
2.295978,1.7936351,2.3565185,0.40288952,576778.75,0.0,1.2800698,0
5.5975485,4.616694,5.54142,0.45345837,365621.47,1.0,1.2124581,1
3.9510832,3.965841,3.8226588,0.5163541,373474.44,1.0,0.99627876,1
1.9228549,1.547507,1.8501537,0.38826004,208482.55,1.0,1.24255,0
4.149718,4.043223,3.8255284,0.52884054,217369.61,0.0,1.026339,1
7.1325445,5.2441115,6.584325,0.5815977,401116.5,1.0,1.3601054,0
6.3806863,4.503394,6.3751936,0.50976187,931572.25,0.0,1.4168617,0
4.0908656,2.817301,3.7953653,0.6081092,525203.75,0.0,1.4520513,0
2.4502423,1.7534592,2.31472,0.1740588,1038501.8,0.0,1.3973762,0
1.6031144,1.2893122,1.4956473,0.41209477,1141526.1,1.0,1.2433872,0
7.0513864,6.1179695,7.4779735,0.6338496,136733.17,1.0,1.1525698,1
5.739302,4.1743493,5.6815844,0.37034705,867446.3,0.0,1.3748974,0
4.6628737,3.12114,4.7119174,0.34999114,148055.77,1.0,1.4939649,0
7.0595903,6.1588173,7.17672,0.48105976,132487.39,1.0,1.1462574,1
1.1491842,0.8402386,1.1253697,0.49740213,367134.62,0.0,1.367688,0
5.5234165,5.0397615,5.3007464,0.41979545,166842.94,1.0,1.0959678,1
1.8903561,1.8657336,1.8459121,0.77653605,812417.6,1.0,1.0131972,1
1.140504,1.0095174,1.1484473,0.54297364,873537.5,1.0,1.1297517,1
3.8317463,3.2189434,3.7233672,0.36456758,785153.94,1.0,1.190374,0
3.221665,2.7923028,2.9875245,0.2840739,711660.4,1.0,1.1537663,0
7.5411544,6.857432,8.16509,0.5608365,948425.0,0.0,1.0997052,1
2.7270405,2.7063227,2.8537967,0.36101317,938465.2,1.0,1.0076554,1
6.5562377,6.2574883,5.98751,0.8228929,1050794.4,0.0,1.0477427,1
6.0408506,4.7025046,6.5310054,0.5641914,847175.2,0.0,1.2846028,0
5.4098063,4.4094415,5.053262,0.5839958,459255.53,1.0,1.2268687,1
7.3791237,6.249758,6.785444,0.5373031,653382.6,0.0,1.1807055,1
3.3818119,2.1717238,3.160788,0.6682354,614190.0,1.0,1.5572015,0
3.2394352,2.5704532,3.5199924,0.1406977,174046.89,1.0,1.2602584,0
1.4553899,1.3083811,1.3742648,0.3195095,983504.56,0.0,1.1123594,0
2.3509443,2.2003057,2.4858847,0.65512073,1099781.9,1.0,1.0684625,1
7.0622563,5.7852764,7.264291,0.725087,1182070.2,0.0,1.2207294,1
3.9001806,3.1021464,3.9143953,0.3147077,335162.8,1.0,1.2572522,0
2.862556,2.2663772,2.7856069,0.22720532,159986.22,0.0,1.2630537,0
1.885674,1.7081299,1.7321553,0.52512825,177698.12,0.0,1.1039406,1
3.9826899,3.654368,4.1504846,0.57281184,974941.5,1.0,1.0898438,1
5.78999,5.170461,5.668147,0.52210736,776502.94,1.0,1.1198208,1
2.4361978,1.816844,2.4532444,0.49105564,919538.2,0.0,1.3408954,0
6.110189,4.912908,5.5624247,0.22222175,1090975.9,0.0,1.2437011,0
5.1123447,4.383087,5.3944826,0.44374847,310209.66,1.0,1.1663798,1
6.342988,5.5346165,6.586903,0.46611485,468698.12,0.0,1.1460574,1
2.1570952,1.7994237,2.169736,0.41776398,961226.75,1.0,1.19877,0
5.1220193,4.149808,5.118237,0.21218924,348300.7,0.0,1.2342788,0
1.3991352,1.0203838,1.353532,0.5877105,631947.0,0.0,1.3711851,0
3.0376165,2.8928587,2.941873,0.6298644,559968.25,0.0,1.0500396,1
5.850009,5.1048827,5.3451133,0.38080332,734600.94,0.0,1.1459634,0
5.127013,4.283883,5.31847,0.47210425,1186433.2,1.0,1.1968144,0
1.6653136,1.4828919,1.5137612,0.42546326,169272.25,1.0,1.1230175,1
6.895073,6.3696795,6.207522,0.42692116,607338.75,0.0,1.0824835,0
0.6161377,0.5961232,0.5583416,0.5739749,1152834.9,0.0,1.0335743,1
4.8426824,3.8076005,4.5554605,0.57759786,450058.4,0.0,1.2718462,1
7.8738,6.8928213,7.984341,0.66121566,901686.94,1.0,1.1423188,1
4.345737,4.438565,4.503191,0.65808934,1118661.0,1.0,0.97908604,1
6.44524,6.538518,6.343068,0.4742291,326698.53,0.0,0.98573416,1
4.8424115,4.9612308,4.7539296,0.92631567,143587.3,1.0,0.97605044,1
6.308089,5.710771,6.4049635,0.7324928,137046.98,1.0,1.104595,1
5.3136344,4.1632824,5.4165354,0.401279,133942.67,1.0,1.2763089,0
5.59083,3.9567232,5.9765944,0.5189898,453098.97,1.0,1.412995,0
1.9769269,1.6613114,2.1030898,0.20212801,195146.83,0.0,1.1899798,0
5.986203,6.016372,6.373542,0.50408864,515779.72,0.0,0.99498546,1
2.0556972,1.7415996,2.1972,0.7510542,917246.7,1.0,1.1803501,1
7.8489943,7.4743233,8.445251,0.9171957,392960.12,0.0,1.0501277,1
1.9767401,1.9211444,1.9986094,0.48180822,601330.94,0.0,1.0289389,1
2.0461352,1.868446,2.0850801,0.55023235,196474.11,1.0,1.0951,1
6.8976502,6.278317,7.2111154,0.5907968,853033.2,1.0,1.0986464,1
2.0952897,1.763052,1.9691565,0.7969555,415326.0,1.0,1.1884447,1
3.0150418,2.5942054,2.9308987,0.35255384,205509.62,1.0,1.1622218,0
5.7741933,5.3270273,6.250741,0.89832693,1147871.1,0.0,1.0839429,1
1.438239,1.1419996,1.4447864,0.45243922,935065.8,1.0,1.2594041,0
1.4407597,1.0923864,1.3116064,0.3244769,800176.9,1.0,1.3189104,0
3.9935956,3.7395556,3.9181645,0.4527108,881449.56,0.0,1.0679332,1
2.1008346,1.9675537,1.9583095,0.37855926,539316.2,0.0,1.0677394,0
2.038132,1.7367034,1.9795508,0.5628883,393080.75,1.0,1.1735637,1
0.27206358,0.20322923,0.27451086,0.25214088,624984.7,0.0,1.338703,0
3.0895069,2.5270572,3.0926807,0.521246,999046.75,1.0,1.222571,0
2.6823542,2.5294185,2.6772413,0.59959537,1158361.6,0.0,1.0604628,1
0.44301534,0.35195255,0.40033868,0.7224251,746073.5,1.0,1.2587359,1
5.045619,4.0643654,4.990223,0.6020909,482813.56,1.0,1.2414284,1
5.0879107,4.4648905,4.6085925,0.71319115,875936.9,1.0,1.1395376,1
0.7522437,0.7594796,0.7379301,0.40914986,851627.94,0.0,0.99047256,1
2.6729243,2.6911108,2.751508,0.5591285,334583.9,0.0,0.99324197,1
7.007883,5.2469707,6.4835596,0.16561595,550841.1,1.0,1.3356055,0
4.740903,4.380409,5.136079,0.4829018,204115.66,0.0,1.082297,1
3.4134028,2.467748,3.5025005,0.55801266,512620.1,1.0,1.3832057,0
3.827795,2.8974288,3.6116002,0.5715849,927161.1,1.0,1.3211006,1
1.824584,1.4148123,1.7859348,0.26388842,410988.16,1.0,1.2896297,0
6.5326757,5.815917,6.006021,0.44147512,777987.6,0.0,1.1232408,0
7.3292365,6.6737547,6.6286545,0.46238592,426797.12,0.0,1.0982178,1
7.3031797,5.991384,7.9106016,0.43563873,219169.22,1.0,1.2189469,0
1.9466883,1.4162084,2.014894,0.6087509,902595.7,1.0,1.3745775,0
2.623774,1.8051404,2.7705197,0.4674759,727709.06,0.0,1.4535013,0
1.4528576,0.97957295,1.4883575,0.514899,999276.3,1.0,1.483154,0
2.5961688,2.341312,2.8073752,0.42655706,830797.25,1.0,1.1088523,0
2.795882,2.0853362,3.0172703,0.65972364,989771.0,1.0,1.3407344,1
5.1382246,3.4626946,4.684169,0.67088515,228190.3,1.0,1.4838804,0
1.6792418,1.6278499,1.5749508,0.45374873,756771.25,1.0,1.0315703,1
7.371296,5.6492286,7.2176633,0.9275884,472485.38,0.0,1.3048323,1
1.0041759,0.98107415,0.9722611,0.38502833,908482.44,0.0,1.0235473,1
0.2536485,0.21543013,0.25494578,0.65107954,717098.94,1.0,1.1774049,1
6.868572,5.9532657,6.5478535,0.3573499,112307.11,1.0,1.1537486,1
5.6894045,4.93924,6.0278773,0.6159536,663577.9,1.0,1.1518786,1
2.971807,2.2473686,2.6790802,0.6042506,905935.06,1.0,1.3223495,0
4.8448977,4.3478446,5.127368,0.34823927,352206.66,0.0,1.1143217,0
1.9436439,1.6644835,1.9021939,0.48040956,802705.5,1.0,1.1677159,1
1.5134393,1.2691609,1.3636496,0.7801609,1017064.6,0.0,1.1924725,1
3.8749633,3.6483028,4.1439357,0.37785476,124942.67,1.0,1.0621276,1
2.954865,2.371726,2.9233985,0.5602799,714725.75,1.0,1.2458712,1
4.9987946,4.788735,5.223467,0.5503226,1070741.0,1.0,1.0438653,1
1.9015636,1.7698343,2.0454924,0.49365756,195382.88,1.0,1.0744303,1
5.3708363,3.5153737,4.87061,0.24033044,359634.8,0.0,1.5278137,0
6.18152,5.533152,5.88748,0.62429374,769812.6,1.0,1.1171788,1
1.4997619,1.5502523,1.3854475,0.5017424,722961.5,0.0,0.96743083,1
0.5420946,0.48825884,0.4985113,0.6655769,962405.56,1.0,1.1102607,1
3.6287816,2.4803126,3.9522083,0.5347637,773410.8,0.0,1.4630339,0
6.2373877,5.9923472,6.618579,0.5096704,712221.75,1.0,1.0408922,1
5.2760825,4.579341,5.1333385,0.55588114,569629.1,0.0,1.152149,1
5.6746774,4.5298133,5.887243,0.3518704,139986.67,0.0,1.2527398,0
3.3421469,3.0472388,3.6225164,0.73371595,729751.56,1.0,1.0967788,1
2.0325754,1.606256,1.9190817,0.44368786,230119.7,1.0,1.2654117,0
4.347875,3.843263,3.9253926,0.44561577,1195226.9,0.0,1.1312978,0
1.7940524,1.6907897,1.9103459,0.69384444,140275.1,1.0,1.0610737,1
5.864584,4.5830097,6.1257906,0.5371013,137073.75,1.0,1.2796359,1
1.7363384,1.7658275,1.6183567,0.4645325,955428.9,1.0,0.9833001,1
2.4718535,1.9453092,2.4667346,0.562073,166340.05,1.0,1.2706739,1
4.151049,3.6018553,3.8691382,0.59389764,515837.72,0.0,1.1524754,1
3.9963374,3.191768,4.0783534,0.48224905,1116623.9,0.0,1.2520764,0
4.8866253,3.6197786,5.030849,0.63834953,956064.8,0.0,1.349979,0
3.612068,3.120647,3.4507403,0.30941683,317768.53,1.0,1.157474,0
7.371892,6.071071,7.785952,0.5392715,338684.34,0.0,1.2142655,1
6.751486,5.992508,6.715833,0.6200405,731110.8,0.0,1.1266545,1
7.057085,6.3326254,7.348342,0.5932693,609405.0,0.0,1.1144011,1
5.1102295,4.848257,5.253123,0.16384259,184258.31,1.0,1.0540344,0
5.153062,3.6581619,5.1023135,0.48101112,232444.44,0.0,1.4086479,0
4.95175,4.086349,4.746467,0.31789446,973330.8,1.0,1.2117784,0
3.5920963,2.6299906,3.379663,0.6928657,446509.38,1.0,1.365821,0
2.712427,2.4164565,2.8458478,0.44139892,968864.06,1.0,1.1224811,1
4.8176227,4.0341015,4.9543886,0.6762056,268301.38,1.0,1.1942245,1
0.39914832,0.40169054,0.381661,0.31744343,739347.44,1.0,0.99367124,0
0.25816017,0.2124646,0.28227744,0.55859643,630875.06,1.0,1.2150738,0
6.8428063,4.834477,7.2675242,0.5011911,425343.3,1.0,1.4154181,0
0.56210756,0.55237335,0.5201521,0.9146104,749863.6,0.0,1.0176225,1
4.293402,3.6198113,4.003652,0.67668915,193215.06,1.0,1.1860845,1
4.9969044,4.5642524,5.040925,0.66708267,1034938.7,1.0,1.0947915,1
1.7457356,1.7213019,1.6069076,0.80417114,904890.9,1.0,1.0141948,1
7.1867003,6.4227433,7.854112,0.54256517,380019.3,1.0,1.1189456,1
1.682747,1.2982658,1.7291987,0.48507407,717174.56,1.0,1.2961498,0
7.099217,5.6661754,6.483252,0.4679714,1087494.2,0.0,1.2529117,0
6.1513243,5.9302816,6.0817966,0.5491725,535650.5,1.0,1.0372735,1
2.077795,1.9903159,1.9622566,0.084481604,467842.84,0.0,1.0439525,0
1.3758045,1.119759,1.3731769,0.5003489,968789.2,1.0,1.2286613,0
2.6666152,2.2637763,2.531698,0.53401875,51363.926,0.0,1.1779499,1
3.3040144,2.3516257,3.5232663,0.47662243,839329.25,1.0,1.4049916,0
2.1171205,1.8787934,2.2107391,0.27036387,298176.97,1.0,1.1268512,0
7.991354,7.8935547,8.641176,0.47752452,848384.06,0.0,1.0123898,1
1.9912882,1.7584803,1.8709975,0.2699451,553586.1,1.0,1.1323916,0
6.6789517,5.7396355,6.52586,0.7660637,73339.51,1.0,1.1636543,1
1.4411185,1.119317,1.5291611,0.46139747,1055398.9,0.0,1.2874979,0
7.845908,5.495167,7.6479506,0.19059439,678520.75,1.0,1.4277835,0
1.959083,1.4157058,1.9117078,0.46902335,410641.44,0.0,1.3838207,0
3.4891708,2.660097,3.828345,0.63430977,858886.56,0.0,1.3116705,1
4.5568,4.399361,4.8036537,0.5264117,620331.56,1.0,1.0357866,1
1.1382285,0.88636744,1.2203672,0.3629216,90190.88,0.0,1.2841498,0
6.5711966,5.0803595,6.4489365,0.39826277,797794.9,1.0,1.2934511,0
2.3425472,2.0082564,2.3828008,0.45697293,1164961.4,0.0,1.1664582,1
4.4843054,3.5120728,4.4399586,0.4340505,305276.34,0.0,1.2768259,0
4.4871435,3.6213074,4.442536,0.31106508,1042365.0,1.0,1.239095,0
4.900597,4.6165214,4.535698,0.48986033,764144.1,0.0,1.0615345,1
0.6327907,0.44346586,0.6760904,0.29993987,139583.14,1.0,1.4269209,0
1.5152264,1.3083488,1.4820558,0.64235675,889471.25,0.0,1.1581211,1
1.4572995,1.1721547,1.481148,0.66066587,557713.7,1.0,1.2432655,1
2.5559998,2.0076206,2.738535,0.34952188,962794.06,1.0,1.2731488,0
1.3303304,1.0278282,1.4030935,0.3925034,781107.4,1.0,1.2943121,0
7.3909864,5.8475103,6.9449224,0.43655,53202.363,1.0,1.2639544,0
4.2010446,3.186272,4.300619,0.49527234,195241.78,0.0,1.3184829,0
5.063886,4.6368365,5.0595627,0.5385272,455305.56,1.0,1.0920993,1
2.9884079,2.352079,2.845055,0.5694579,604132.44,1.0,1.2705389,1
2.3547199,1.7539668,2.1384897,0.56595826,1121946.4,1.0,1.342511,0
4.124782,3.114916,4.231854,0.73307985,995268.06,0.0,1.3242033,1
2.4957192,2.59029,2.635407,0.5090546,971857.75,0.0,0.9634903,1
2.8804383,1.9849806,3.1349068,0.30462778,670512.9,0.0,1.4511166,0
3.7314568,3.239946,3.6232324,0.2586228,156793.27,0.0,1.1517035,0
4.144723,3.1155093,4.061179,0.745368,907678.6,0.0,1.3303516,1
7.8776493,7.4736633,7.3467045,0.5764484,149530.58,0.0,1.0540546,1
1.9419162,1.5154704,2.130133,0.53096783,155164.88,0.0,1.281395,0
4.006214,2.6434252,4.2863183,0.5673517,343348.84,0.0,1.515539,0
1.3661916,1.1911877,1.4912264,0.52404034,1110948.2,0.0,1.1469154,0
2.929994,2.3049266,2.9272676,0.56497836,912406.6,1.0,1.2711875,0
5.7950234,5.000595,5.4586587,0.44411173,138150.44,1.0,1.1588668,1
1.5608047,1.4280156,1.5836501,0.6582795,1106747.0,1.0,1.0929886,1
4.73454,4.0928273,4.613423,0.42127022,950881.44,0.0,1.1567897,0
3.450268,2.5199127,3.3452864,0.36450693,744189.2,0.0,1.3692014,0
0.60232043,0.5719098,0.55201036,0.24637331,196006.33,1.0,1.0531739,0
7.477987,6.133481,6.83959,0.46434128,418141.28,1.0,1.2192076,1
3.4261045,3.274966,3.3430548,0.6901254,395784.1,0.0,1.0461496,1
6.314627,5.650973,6.852884,0.43139747,786054.2,0.0,1.1174407,1
3.4472451,2.851246,3.6010087,0.2932178,726050.06,0.0,1.2090311,0
7.5114107,7.048368,7.902843,0.5427242,368827.16,0.0,1.0656949,1
2.4656687,2.1668246,2.3346384,0.40233982,407764.12,0.0,1.1379179,0
3.415399,2.7025287,3.5756016,0.7322401,646208.0,1.0,1.263779,1
6.119141,4.8982606,6.004492,0.6611897,1022217.56,0.0,1.2492478,1
2.880605,2.6228154,2.6267607,0.30936578,195158.8,0.0,1.0982875,0
3.0419853,2.2600253,2.9779902,0.4739158,884598.8,1.0,1.3459961,0
7.959621,5.846826,7.372605,0.3867093,1195025.4,1.0,1.3613576,0
4.5337934,4.333098,4.854513,0.3259243,912192.8,0.0,1.0463167,0
5.5771675,3.7791724,5.956743,0.4916098,557806.8,1.0,1.4757643,0
5.2190056,4.6034064,4.997165,0.6227349,891425.75,0.0,1.1337268,1
6.6578083,5.11782,6.80684,0.4877439,1039789.44,0.0,1.3009071,0
6.922236,6.0036006,6.7336183,0.42257732,933775.1,0.0,1.1530141,0
4.5933976,4.144779,4.2757425,0.16906452,64671.13,0.0,1.108237,0
2.4975374,1.8146259,2.5721674,0.4001277,201217.55,0.0,1.3763374,0
0.37784192,0.34998846,0.39749777,0.5827707,173214.0,1.0,1.079584,1
4.9923453,4.62494,5.2666473,0.29870886,86599.836,1.0,1.0794401,0
6.638657,5.8049693,6.172916,0.6923843,871701.44,0.0,1.1436162,1
3.7142105,2.724126,3.7235544,0.41245478,357479.47,0.0,1.3634503,0
1.484708,1.4388618,1.3433338,0.529058,880250.1,0.0,1.0318627,1
2.44704,1.8399987,2.246466,0.44012913,816013.2,0.0,1.3299141,0
4.1779137,3.3426542,3.8278472,0.3235525,652152.8,1.0,1.2498791,0
6.7261133,5.3710275,6.1304364,0.5660444,118671.36,0.0,1.2522955,1
1.5396745,1.2294633,1.4884863,0.4102981,401102.16,1.0,1.2523143,0
4.974769,4.300567,4.8331666,0.37504533,81181.96,1.0,1.1567703,0
6.0762753,4.0469856,6.316738,0.1435776,1096523.2,1.0,1.5014323,0
7.5011706,6.317936,7.24595,0.69540304,404928.66,0.0,1.1872818,1
1.1102887,0.93716794,1.0304359,0.5009223,159191.98,0.0,1.1847277,1
7.4258547,6.457034,8.089541,0.6659854,52895.832,0.0,1.1500411,1
4.8914466,3.5313826,5.2587714,0.59302884,753239.56,1.0,1.3851365,1
6.1802726,4.531571,5.715795,0.66596484,764114.44,1.0,1.3638256,1
0.61944276,0.5389305,0.60244256,0.41537827,1194164.1,1.0,1.1493927,0
4.1479554,3.799726,3.8726015,0.29413167,381900.56,0.0,1.091646,0
5.0565114,4.6713376,5.520812,0.6144039,103503.98,0.0,1.0824548,1
2.593304,2.110021,2.5186052,0.5195298,946289.7,1.0,1.2290418,1
3.5668716,3.1830285,3.280179,0.43004504,400269.25,0.0,1.1205906,1
4.523525,3.4285452,4.728752,0.611407,430257.9,1.0,1.3193717,0
4.509874,4.1970534,4.7008376,0.5462196,1093894.5,1.0,1.0745333,1
0.5265199,0.43602455,0.4992498,0.59584075,711675.8,0.0,1.2075465,0
3.6279578,2.7776256,3.498412,0.34664083,510402.1,1.0,1.3061364,0
1.8677816,1.4403555,1.8360363,0.64664245,1143141.4,0.0,1.2967503,0
7.3502216,5.1039753,7.0087304,0.4993054,355084.84,1.0,1.4400973,0
7.8173237,6.6858983,7.4872575,0.6627305,74699.6,1.0,1.1692257,1
2.5372458,2.0383313,2.6902876,0.645238,315506.56,0.0,1.2447662,1
1.5664461,1.13665,1.6453482,0.6029447,100744.86,1.0,1.3781253,1
1.9121324,1.5029474,1.9857988,0.48333105,518909.44,0.0,1.272255,0
3.9264677,3.5675817,4.0731397,0.60643536,1005726.56,0.0,1.1005964,1
7.0211434,6.1666083,7.051871,0.6666178,1171456.5,0.0,1.1385746,1
4.1002827,4.1671433,3.9780295,0.5910099,855369.06,0.0,0.98395526,1
0.6320581,0.6051,0.6599375,0.5303896,1115032.1,0.0,1.0445515,1
0.5111077,0.46118456,0.4718922,0.6067773,519811.84,1.0,1.1082498,1
1.9736494,1.6465614,1.8319691,0.42114434,398115.9,1.0,1.1986492,0
6.773616,4.716954,6.2673087,0.7270984,227359.02,1.0,1.4360148,1
5.0475483,4.1538134,5.2824793,0.24772589,626012.8,0.0,1.2151601,0
4.591071,3.2819257,4.6751256,0.5051604,425978.75,1.0,1.3988955,0
2.6879628,2.4093535,2.6611695,0.43910632,173668.34,1.0,1.1156366,1
7.449518,4.7950287,7.414105,0.40386623,1121702.2,1.0,1.5535921,0
2.7831903,2.0756235,2.9655223,0.5457794,192259.38,1.0,1.3408936,1
6.7125664,6.319174,6.2046666,0.33117867,900700.3,1.0,1.0622538,0
7.1880474,5.42847,7.0201983,0.82278985,128286.336,1.0,1.3241386,1
3.9700131,2.7110348,4.1765857,0.2971842,656183.94,1.0,1.4643904,0
7.1754565,4.918972,7.4019704,0.3573098,826022.94,0.0,1.4587308,0
2.3590655,1.9649873,2.3284671,0.34314746,319714.66,0.0,1.2005501,0
5.3357806,4.080942,5.04161,0.5297747,136997.1,1.0,1.3074875,0
0.8861172,0.6012772,0.9652371,0.6521816,732369.3,1.0,1.4737251,0
3.8966868,2.979894,3.824925,0.57890105,743342.94,1.0,1.3076596,1
1.8951881,1.6748142,2.0384018,0.72085166,408779.88,1.0,1.1315811,1
0.68955356,0.5500085,0.7278694,0.3759098,482622.34,1.0,1.2537144,0
0.22905897,0.1589183,0.24562131,0.5988082,102446.63,1.0,1.4413629,0
2.7330666,2.6089225,2.4690096,0.4544695,390156.88,0.0,1.0475844,1
4.7983384,4.794407,4.776642,0.5342111,1064992.9,1.0,1.00082,1
3.7507968,2.9622943,3.5703337,0.66630214,246988.69,0.0,1.2661797,1
2.5538006,1.9661536,2.4383798,0.24615945,588259.7,0.0,1.2988815,0
7.9313602,6.117183,7.566264,0.7986513,828350.1,1.0,1.2965707,1
7.5282955,6.8618755,7.3616395,0.4782134,973314.6,1.0,1.0971192,1
1.1800958,0.88175327,1.1590204,0.25900587,143321.55,1.0,1.3383515,0
3.4378378,3.059373,3.5299997,0.39607286,730611.56,1.0,1.1237067,0
5.261006,5.027195,5.0509496,0.5153458,771383.7,0.0,1.0465093,1
5.9212284,5.216232,5.6521406,0.3960386,276988.56,1.0,1.1351544,0
3.0577028,1.9713439,2.972459,0.19281606,85475.8,1.0,1.5510753,0
6.020998,5.4303184,6.245599,0.5145199,1021021.94,1.0,1.1087744,1
1.1683701,1.0834831,1.051573,0.39173758,556080.3,0.0,1.0783464,0
2.7881384,2.4082906,2.9258323,0.597671,119896.16,1.0,1.1577251,1
5.788179,4.1916494,5.6017632,0.3397419,714733.0,0.0,1.3808832,0
5.0803256,4.6718254,5.15779,0.8392294,483449.9,0.0,1.0874392,1
6.73024,6.0379243,7.082261,0.57704437,142231.5,1.0,1.1146612,1
0.56548476,0.52393013,0.5667102,0.52951914,380177.9,1.0,1.0793133,1
1.5602554,1.3038124,1.6061741,0.5934685,425855.78,0.0,1.196687,1
0.57825774,0.47018072,0.62682456,0.22677314,711140.75,0.0,1.2298628,0
1.698491,1.3931266,1.5387874,0.4254563,513833.56,1.0,1.2191936,0
0.23340592,0.2149496,0.22638175,0.76745313,173041.0,1.0,1.0858635,1
4.13284,4.1527367,4.4856644,0.45198008,780635.75,0.0,0.99520886,1
4.3208523,3.438934,4.612449,0.49057612,888119.06,1.0,1.256451,1
5.331556,4.1324115,5.456131,0.43002507,633398.44,1.0,1.2901802,0
3.202317,2.1390932,3.0289454,0.7196762,122853.35,0.0,1.4970442,1
0.22501999,0.20444925,0.2173933,0.46330485,168708.52,1.0,1.1006154,1
5.456351,4.770693,5.846978,0.31222472,1136342.8,0.0,1.1437229,0
0.6234705,0.44099504,0.6481938,0.8868223,267770.16,1.0,1.4137812,1
6.9561296,5.598092,6.6579204,0.29374647,403618.75,0.0,1.2425894,0
0.37670112,0.35105097,0.3489944,0.48539296,840640.75,1.0,1.0730667,1
4.337706,3.8572621,4.581286,0.37373087,960610.94,1.0,1.1245557,0
7.1803594,5.039653,7.2898235,0.39475983,1097671.8,0.0,1.4247726,0
4.6654186,3.4616456,5.0978456,0.34102514,504463.62,1.0,1.3477459,0
4.9456506,4.053839,4.853158,0.41900116,1191135.8,0.0,1.2199919,0
5.516565,3.9630122,5.349994,0.647605,169474.11,0.0,1.3920131,1
1.154789,0.9746963,1.1064625,0.21470207,1000514.4,1.0,1.1847681,0
5.4644313,4.5351553,5.4446282,0.6891211,362922.06,1.0,1.204905,1
7.066768,5.8367934,6.816222,0.6632597,1127654.5,1.0,1.2107278,1
7.7989225,7.0960836,7.1331916,0.5763589,1049575.8,1.0,1.099046,1
3.6558056,2.5397913,3.5184417,0.51892555,926611.2,0.0,1.4394118,0
2.887138,2.0346663,2.724815,0.54149586,744309.56,1.0,1.4189736,0
6.075815,4.368176,6.4590592,0.7135119,296624.78,1.0,1.3909272,1
4.4344196,3.3508484,4.1999207,0.23813228,581214.2,1.0,1.3233721,0
2.2069764,2.0989404,2.1888225,0.6090934,90003.695,0.0,1.0514716,1
1.5428315,1.0338002,1.5961328,0.38807422,865814.1,0.0,1.4923884,0
1.5277964,1.3731235,1.4206144,0.62386215,183261.16,1.0,1.112643,1
3.781581,2.6299207,3.8052404,0.40795994,347031.47,0.0,1.4379069,0
1.5269704,1.0462942,1.6329992,0.6060305,331807.03,1.0,1.4594083,0
0.35380778,0.27276653,0.35975745,0.2677272,956140.94,0.0,1.2971084,0
0.6062924,0.53459483,0.6041567,0.24611399,510744.97,1.0,1.1341157,0
7.4530993,6.0769954,7.958239,0.48304057,664722.1,0.0,1.2264448,1
0.76909846,0.748265,0.8378946,0.7153295,289911.34,1.0,1.0278423,1
0.7708094,0.5745753,0.82029307,0.58044267,434217.44,1.0,1.3415289,0
3.71927,3.3448482,3.65114,0.57936716,638683.8,1.0,1.1119399,1
2.1117823,2.005455,2.1589565,0.6290291,273334.47,1.0,1.0530189,1
7.709012,5.9724774,7.750088,0.44045353,843284.4,1.0,1.2907561,0
7.3056893,5.511012,7.0182962,0.59161234,566657.5,0.0,1.325653,0
3.3569973,2.3316,3.3135712,0.41304904,1181198.0,1.0,1.4397829,0
3.700106,2.626419,3.9437702,0.45289776,333509.97,0.0,1.4088025,0
3.1258864,2.8624158,3.001151,0.47152257,505468.53,0.0,1.0920448,1
0.4953557,0.41213903,0.53394955,0.41817084,1113362.4,1.0,1.2019141,0
2.4842052,1.942488,2.7283676,0.49009243,1068897.0,0.0,1.2788781,0
1.1568531,1.0389506,1.1121447,0.46181628,606795.25,1.0,1.1134824,1
0.99848855,0.8232042,0.92315024,0.39385027,192132.6,1.0,1.2129294,0
4.5747204,3.8755972,4.993009,0.47890973,520098.6,0.0,1.1803911,0
0.9703659,0.6567275,0.9065285,0.5232899,725430.2,0.0,1.4775777,0
1.0028644,0.79536563,1.0573126,0.33502036,342363.5,0.0,1.2608846,0
3.9480069,2.8981783,3.5840902,0.56261843,269802.8,1.0,1.3622373,0
3.6498024,2.6656444,3.4567754,0.425948,661153.3,0.0,1.3692008,0
1.2735513,0.96382284,1.2124604,0.52973056,252427.6,1.0,1.3213542,0
0.2347024,0.21091838,0.22518452,0.4002054,1055715.0,0.0,1.1127641,0
1.7052007,1.6017386,1.8482001,0.6575743,135377.0,0.0,1.0645936,1
2.0399597,1.9212807,1.9074886,0.64341736,1185510.8,1.0,1.0617707,1
6.441938,4.294475,6.021458,0.34259167,668634.44,0.0,1.5000525,0
7.3404193,7.564872,7.621814,0.5787499,1181096.6,1.0,0.97032964,1
3.3663664,2.475837,3.6708994,0.71694076,914243.44,1.0,1.3596882,1
3.3592086,3.2211182,3.284825,0.35777318,225832.8,0.0,1.0428703,0
5.757354,5.189489,6.0718536,0.36965686,311553.16,1.0,1.109426,1
5.0899916,4.066727,4.612587,0.61025894,172988.94,1.0,1.2516187,1
1.6362934,1.3699878,1.7423462,0.30392322,888448.06,0.0,1.1943854,0
1.0399752,0.94275004,1.0864406,0.38337305,243957.25,1.0,1.1031293,1
3.6133728,3.1530344,3.8999968,0.34780023,871766.6,0.0,1.1459985,0
4.6056614,3.0772402,4.732275,0.61212265,1038423.25,1.0,1.4966856,0
1.2819194,1.1236178,1.3950709,0.39613554,523471.62,0.0,1.1408856,0
2.4875333,1.7834345,2.4327366,0.45730948,810193.1,0.0,1.3947994,0
2.5863554,2.0159845,2.7066371,0.38775137,1079475.1,1.0,1.2829242,0
2.238126,1.9964464,2.3390942,0.67227703,916094.44,1.0,1.1210549,1
3.793938,3.6734035,3.6183603,0.37109196,200374.72,0.0,1.0328127,1
5.2938957,4.2090673,5.739197,0.28886,386389.06,1.0,1.2577362,0
4.173241,2.9355998,4.4062557,0.28298116,665983.25,0.0,1.4215975,0
1.7713612,1.3820709,1.9011494,0.60404897,353909.5,1.0,1.2816718,1
1.0029246,0.7413282,0.9753624,0.6148798,631812.4,1.0,1.3528752,0
6.6105895,5.8009257,7.0617685,0.68728316,1145755.4,1.0,1.1395749,1
3.9385765,3.2874417,3.7928307,0.310854,571142.1,1.0,1.1980673,0
0.68468565,0.65890515,0.7482794,0.46531817,350920.3,1.0,1.0391263,1
2.2133477,1.7927741,2.0026135,0.8640949,218565.48,1.0,1.2345937,1
6.4714637,4.5758967,6.625727,0.45465252,1086262.1,0.0,1.4142503,0
6.063465,5.128556,5.5932307,0.41548872,314262.16,1.0,1.182295,0
7.0313697,4.8775253,7.3389683,0.49684855,272663.12,1.0,1.4415854,0
4.896285,3.6664853,4.7628007,0.5794926,683807.9,1.0,1.3354166,0
3.4986663,2.67602,3.7580159,0.576985,580967.7,1.0,1.3074142,1
3.5277529,2.840334,3.7907135,0.4078353,493514.62,1.0,1.2420205,0
1.7132003,1.3396493,1.6680026,0.4122447,715449.44,0.0,1.2788423,0
5.276232,4.549263,5.603339,0.455531,704816.75,1.0,1.1597992,1
4.7635365,4.3500843,4.9361067,0.39048702,128662.9,0.0,1.0950445,1
1.4079424,1.115314,1.3872645,0.31478554,527156.44,1.0,1.2623731,0
7.108171,5.513281,6.88531,0.7711927,879134.6,0.0,1.2892815,1
3.074052,2.2330952,2.8959444,0.4389613,488931.03,1.0,1.376588,0
0.5879624,0.42861912,0.536599,0.4474635,1197308.2,1.0,1.3717597,0
2.757471,2.156354,2.7670448,0.45213702,320692.8,1.0,1.2787654,0
6.9848824,5.957619,7.040818,0.4879235,620818.94,1.0,1.1724285,1
7.3522615,5.3443685,7.2699437,0.565214,825018.7,1.0,1.3757025,0
4.025108,3.0762534,4.387848,0.43022123,680042.06,1.0,1.3084447,0
7.6594515,5.4948483,6.9144783,0.670903,94934.09,1.0,1.3939332,1
7.026886,5.42818,7.5191965,0.5896724,640716.1,0.0,1.2945197,0
6.6368,6.328514,7.036098,0.4713652,1161391.2,0.0,1.0487137,1
6.9057384,5.244831,7.263114,0.4000648,517663.47,0.0,1.3166751,0
3.1786282,2.099023,3.1944675,0.662739,183605.7,0.0,1.514337,0
6.1004577,4.883015,5.722663,0.47569367,74447.164,0.0,1.2493219,0
4.703244,3.6283388,5.044586,0.3135873,524104.53,1.0,1.2962527,0
5.813535,4.1004515,6.097927,0.6531597,263091.34,0.0,1.4177793,0
1.5867317,1.2402205,1.6923512,0.39105073,1009903.56,1.0,1.2793947,0
5.9048724,4.2283854,5.5928445,0.63027513,1145096.1,1.0,1.3964839,1
7.669221,5.0695825,7.7526236,0.12285985,1131609.6,1.0,1.5127915,0
2.5607738,2.3464625,2.5177321,0.44470063,480708.97,1.0,1.0913339,1
7.8920584,7.023222,8.112517,0.6739953,572970.6,1.0,1.1237091,1
3.1513329,2.0528693,3.310543,0.5007696,412341.7,0.0,1.535087,0
1.7578433,1.7446241,1.6431319,0.5897203,198410.33,1.0,1.0075771,1
1.0758326,0.78252524,1.0056965,0.3647104,692894.6,0.0,1.3748215,0
6.322703,6.150732,5.7455754,0.5521558,264136.03,0.0,1.0279595,1
4.527638,4.4422803,4.21721,0.50056285,118319.43,1.0,1.0192149,1
2.5956242,2.0555298,2.4607415,0.5365001,1026848.3,1.0,1.2627518,0
4.945913,3.7227774,4.5230556,0.805892,968293.4,1.0,1.3285545,1
2.7903893,2.6365771,2.7098536,0.6956884,1115224.8,0.0,1.0583378,1
3.6971905,2.7768202,3.8267152,0.61879903,426516.62,1.0,1.3314475,1
6.92878,5.4451423,7.334908,0.62069285,1051328.6,0.0,1.27247,0
5.4116983,4.3585954,5.244819,0.36362663,508219.72,1.0,1.2416152,0
6.146734,4.692736,5.635111,0.42931563,133696.34,0.0,1.3098402,0
4.75125,4.7264214,4.9977183,0.27011275,576517.25,1.0,1.0052531,0
7.9329047,7.028929,7.7602587,0.3095622,686854.06,1.0,1.1286079,0
2.0829985,1.924959,1.9794433,0.36701992,546906.4,0.0,1.0821003,0
2.245871,1.9458888,2.2327063,0.4956313,953251.25,1.0,1.154162,1
0.9219597,0.7438796,1.0085989,0.3162487,454601.94,0.0,1.2393937,0
4.5213523,3.6115763,4.406184,0.49412447,1109220.1,1.0,1.2519054,0
4.984202,4.761977,5.4422035,0.47689557,135287.88,0.0,1.0466665,1
5.8625,5.6635723,5.573091,0.3298657,878468.44,0.0,1.0351241,0
2.8164783,2.6044657,2.5942833,0.728838,1118324.6,0.0,1.0814035,1
0.29560307,0.28446,0.27533525,0.30132115,686136.56,1.0,1.0391726,0
5.1313906,4.6455317,5.4123664,0.6675987,1060480.0,1.0,1.1045862,1
7.989825,5.8896346,8.04993,0.16185857,845605.9,1.0,1.356591,0
2.497485,2.5097806,2.538405,0.47866502,66708.734,0.0,0.9951009,1
1.6346887,1.1837753,1.7876003,0.32035628,821931.3,1.0,1.3809114,0
2.3977823,1.9141606,2.4001021,0.4018318,805045.94,1.0,1.2526547,0
3.5182407,2.9060848,3.248758,0.7715232,50031.586,0.0,1.2106463,1
2.157121,1.7565668,2.2513936,0.44795486,520534.84,1.0,1.2280324,0
2.9062881,2.3449788,2.7364745,0.33431768,94619.33,1.0,1.2393665,0
5.1780124,4.0392003,5.2624536,0.5731454,386948.62,1.0,1.2819401,1
2.8912182,2.0641172,3.0961356,0.44663796,1184569.9,1.0,1.4007045,0
3.2892597,2.6065307,3.2741826,0.52260697,1131326.8,0.0,1.2619302,0
0.51224387,0.41548902,0.4932176,0.36283183,837588.2,1.0,1.2328697,0
7.3599515,4.8299146,7.471155,0.37021753,471879.9,1.0,1.5238265,0
3.3737104,2.9329426,3.1219988,0.3818479,505919.72,1.0,1.1502818,0
2.7595193,2.2332711,2.6533134,0.619765,93946.89,1.0,1.2356402,0
0.87457675,0.6360316,0.87530136,0.46597552,439027.66,1.0,1.3750523,0
5.146629,4.149336,4.8935704,0.34276095,952042.2,1.0,1.2403501,0
6.9378347,6.1990213,6.2985244,0.5242729,647255.9,0.0,1.1191822,1
0.52099496,0.45697036,0.5298666,0.51192194,598179.44,1.0,1.1401067,1
1.3331252,0.93415153,1.3067954,0.58604044,154762.61,1.0,1.4270974,0
1.3418406,1.0571288,1.3124839,0.42772982,1106850.5,1.0,1.2693256,0
4.8977437,4.563321,5.384396,0.48836428,375534.2,1.0,1.073285,1
7.3855977,5.141369,6.8121567,0.5632518,490338.22,1.0,1.4365042,0
3.6145933,3.1178675,3.3645904,0.34859705,430316.34,1.0,1.159316,0
2.8816903,2.6181653,3.0985444,0.63293344,428044.22,0.0,1.1006526,1
6.1735573,5.209345,5.717037,0.50246656,739222.56,1.0,1.1850928,1
5.9920387,5.6085906,6.4925213,0.33484808,771087.2,1.0,1.068368,0
2.124698,1.6332049,2.1977708,0.33373666,738346.44,1.0,1.3009378,0
1.4544456,1.2304068,1.4626379,0.48509023,128772.84,1.0,1.1820853,0
2.9909182,1.9789062,2.8583612,0.41746613,1164968.1,0.0,1.5113997,0
6.2497063,4.5496283,6.0740566,0.613191,871085.9,1.0,1.373674,0
5.6214943,4.5136867,5.9879646,0.4569872,1065138.0,0.0,1.2454331,0
5.393659,4.5242753,4.916325,0.545457,233619.72,1.0,1.1921598,1
6.669543,5.6492534,7.027762,0.37270683,1121924.2,1.0,1.180606,0
2.3616164,1.6669499,2.5164537,0.4965506,879932.75,1.0,1.4167291,0
2.849533,2.481382,2.966915,0.6973304,625823.1,1.0,1.1483654,1
0.5302477,0.3825091,0.48300314,0.47778076,76602.39,1.0,1.3862355,0
6.9762173,5.200697,7.3147798,0.41705537,341163.62,0.0,1.3414004,0
4.742952,3.5535548,4.9546432,0.37042925,1014552.56,1.0,1.3347063,0
2.525354,2.0663998,2.2794318,0.49718443,486058.97,1.0,1.2221032,1
0.74144894,0.59680957,0.79962057,0.71139723,830018.25,0.0,1.2423543,1
5.842594,5.371464,5.412808,0.29546085,890412.0,0.0,1.0877099,0
6.0401525,4.1943336,6.5967917,0.49251235,941997.2,1.0,1.4400744,0
5.3961935,4.1169057,4.9329524,0.24291922,489705.12,1.0,1.3107401,0
1.7894915,1.5949284,1.6957399,0.43843666,1096308.4,1.0,1.1219887,1
7.3230853,4.9322877,7.601717,0.5394154,386029.94,1.0,1.4847238,0
6.0746326,4.926227,5.6339073,0.26294374,1011474.3,1.0,1.2331207,0
5.330499,3.7207236,4.994643,0.43327856,538443.0,1.0,1.4326513,0
5.277363,3.6108978,4.761418,0.5435779,319363.2,1.0,1.4615098,0
7.25399,6.035999,7.727647,0.5196707,444966.75,0.0,1.2017878,1
7.4407954,5.8372755,6.7526965,0.5508437,969497.94,1.0,1.2747035,0
4.845972,4.095467,4.974461,0.35381052,757101.1,1.0,1.1832526,0
3.4500215,3.2997682,3.5068138,0.54351616,207180.52,1.0,1.0455345,1
3.037125,2.293338,3.0439527,0.40999877,192562.34,1.0,1.3243251,0
6.5888147,4.9781713,6.4243026,0.6071044,840280.94,1.0,1.3235413,0
5.2279215,5.161457,5.0183473,0.1534023,325416.12,1.0,1.0128771,0
0.802675,0.6095765,0.8760311,0.4565586,289958.4,0.0,1.3167748,0
1.3090509,1.17549,1.3837606,0.51483154,911927.06,1.0,1.1136215,1
7.22145,5.2456846,7.8319983,0.7024148,421051.72,1.0,1.3766458,1
7.0990853,6.4057975,7.431178,0.51301956,128551.05,0.0,1.1082282,1
7.6242933,6.754909,8.125985,0.5282429,538560.1,1.0,1.1287041,1
3.5372376,2.7523549,3.8656173,0.5563235,704555.5,0.0,1.2851677,0
6.3156753,5.3626127,6.257122,0.68796307,741712.56,1.0,1.1777235,1
6.6601553,5.8669324,7.2021537,0.44271582,117281.22,0.0,1.1352023,1
2.6624358,2.3656073,2.4191287,0.28953484,571593.2,1.0,1.1254767,0
1.3336341,0.97236717,1.2290431,0.26081792,463496.28,0.0,1.3715335,0
7.9768057,6.3992577,7.961449,0.5996293,566274.94,1.0,1.2465205,1
0.43570977,0.3258071,0.43169892,0.53348106,97951.9,0.0,1.3373245,0
4.85922,4.678585,4.799173,0.46154863,389947.94,0.0,1.0386089,1
5.2716556,3.6497953,5.3108683,0.41208583,789977.3,1.0,1.4443703,0
5.5179567,4.0088596,5.5603046,0.5271249,194803.81,0.0,1.3764406,0
2.1938963,2.2095394,2.3564925,0.5314585,1153103.5,0.0,0.9929202,1
5.828318,4.6936193,5.648704,0.57197446,1192997.4,0.0,1.2417535,0
1.8879166,1.677118,1.8185322,0.33369997,464508.66,1.0,1.1256909,0
6.666498,5.1007953,6.935685,0.23535417,833098.75,0.0,1.3069528,0
1.9091101,1.7677757,1.9658018,0.36297098,780645.06,1.0,1.0799505,0
5.634307,4.153846,6.005999,0.29733068,242239.53,1.0,1.3564073,0
6.310625,5.4951935,6.0699105,0.28956112,496423.22,0.0,1.1483899,0
1.6737769,1.4689494,1.5085397,0.73546046,1177743.2,0.0,1.139438,1
2.0562947,1.5177858,2.2389197,0.1599497,196825.4,0.0,1.3547989,0
6.277009,4.415409,5.7048287,0.57045573,711453.3,1.0,1.4216144,0
0.870792,0.6533726,0.90214276,0.63604975,739057.9,0.0,1.3327649,0
1.6879355,1.543559,1.6277882,0.6481197,242654.23,1.0,1.0935348,1
3.7531412,2.7893913,3.6957428,0.5415848,665535.4,1.0,1.3455055,0
7.455419,6.1448503,7.959454,0.6979865,1105081.4,0.0,1.2132792,1
4.5826473,3.6042588,4.5089393,0.76750994,183004.64,0.0,1.2714534,1
3.2238872,2.567252,2.994586,0.45466533,268204.44,1.0,1.2557737,0
7.831288,7.0236993,8.229798,0.56712073,343972.88,1.0,1.1149805,1
3.8169482,2.8591826,3.4506826,0.6913691,913626.5,0.0,1.3349788,1
3.5831327,3.3994067,3.4217005,0.3707061,713839.1,1.0,1.0540465,1
3.4108257,3.1922019,3.436798,0.4632638,629079.06,1.0,1.0684868,1
2.6350045,2.2582238,2.602206,0.40612677,960873.8,1.0,1.1668483,0
2.7404196,2.5744092,2.8063147,0.5691467,1175007.2,1.0,1.0644847,1
5.5651293,4.2278104,5.433066,0.21528511,275351.75,1.0,1.3163147,0
0.5185177,0.47177354,0.5071709,0.71549404,983858.0,1.0,1.0990818,1
5.5181704,5.304453,5.3511434,0.5800695,475601.62,1.0,1.0402902,1
1.7693951,1.5650045,1.9064419,0.5884912,217889.9,1.0,1.1306007,1
3.1968224,2.3331156,2.8881989,0.14550288,344998.12,1.0,1.3701946,0
1.343004,0.94584644,1.4610921,0.34397915,509190.97,0.0,1.4198965,0
4.511458,3.762937,4.3835325,0.72357035,1084035.0,1.0,1.1989193,1
5.8889337,4.8179092,5.729794,0.47338912,600170.94,0.0,1.2223006,0
2.9663136,2.5090117,3.1003273,0.2413904,756448.5,1.0,1.1822637,0
1.4746493,1.1357315,1.4416988,0.5332433,88219.63,1.0,1.2984138,1
1.9667436,1.745855,2.0126257,0.6018737,123607.72,1.0,1.1265217,1
6.5812807,5.0247874,7.112562,0.57972383,1129082.5,1.0,1.309763,0
2.2876601,1.7256572,2.4460568,0.47743922,1014065.5,1.0,1.3256747,0
6.24268,4.707302,6.261866,0.6703345,613086.75,1.0,1.3261695,0
2.7833555,2.3717659,2.9039593,0.3946982,280458.0,0.0,1.1735371,0
1.6721139,1.3573143,1.6361417,0.5810134,96201.96,0.0,1.2319282,1
5.873007,5.772338,6.1972485,0.52025265,1171651.1,0.0,1.0174398,1
3.8546512,3.4428256,3.6003857,0.48003703,56523.133,0.0,1.1196185,1
0.44396257,0.37883902,0.40361807,0.4431505,323294.97,1.0,1.1719029,1
7.687551,6.6679626,7.750178,0.44846115,836488.44,1.0,1.1529084,1
1.3524768,1.1588597,1.2754773,0.504838,1128583.0,1.0,1.1670756,1
2.9565744,2.851666,3.0918236,0.45609188,184618.2,0.0,1.0367885,1
3.2013981,2.8882902,2.9461336,0.6099605,939974.6,0.0,1.108406,1
4.0175533,2.926011,3.622624,0.41960222,431533.34,0.0,1.3730478,0
6.326463,5.36587,6.5487795,0.7352437,831676.2,1.0,1.1790191,1
0.24750417,0.16462071,0.24754375,0.41289973,161128.22,1.0,1.5034814,0
7.473282,5.584653,8.14889,0.6380121,1044539.4,1.0,1.338182,0
5.2387176,4.943373,4.9741473,0.64448255,863307.5,0.0,1.0597456,1
7.6150613,7.0371313,7.0412755,0.52487934,1148942.1,1.0,1.0821258,1
6.5756383,4.439884,5.948462,0.511514,627782.0,1.0,1.4810383,0
7.437138,5.302306,7.35421,0.39065495,1070845.0,0.0,1.4026233,0
4.8878045,4.4730124,4.4975786,0.42243928,671458.44,1.0,1.0927321,1
2.98701,2.0489192,3.15168,0.53296757,639707.56,1.0,1.4578466,0
3.6547296,2.402912,3.3418744,0.49322966,158801.98,0.0,1.5209588,0
5.332652,4.5291433,5.7813997,0.67746264,986294.9,0.0,1.1774086,1
3.5300684,3.199097,3.558912,0.43181154,524032.9,1.0,1.1034578,1
5.9070477,4.7544036,6.1390433,0.44089034,740028.8,1.0,1.2424372,0
0.9164145,0.8100433,0.84876794,0.25029042,798295.4,1.0,1.1313155,0
6.673896,5.208767,6.125976,0.5965292,941033.0,0.0,1.2812814,1
1.7926714,1.3335271,1.740212,0.58298284,711645.94,1.0,1.3443081,0
7.5627913,6.4599957,7.5937,0.6465623,762897.1,1.0,1.1707115,1
1.4132572,1.391705,1.434598,0.65501547,648867.9,1.0,1.0154862,1
1.2074808,0.8733526,1.1663753,0.618342,756044.5,0.0,1.382581,0
6.532634,4.7821064,6.235611,0.6246674,560863.4,1.0,1.3660578,1
6.585874,5.1043653,7.219976,0.5915103,942873.25,1.0,1.2902435,0
5.9623237,4.286926,5.691231,0.614614,982083.3,1.0,1.3908156,0
7.6921377,6.1548257,7.1351113,0.22370574,644673.7,0.0,1.2497734,0
2.310209,1.5720509,2.2452736,0.3350314,218622.25,0.0,1.4695511,0
6.64786,5.927096,6.387093,0.3105209,479522.66,0.0,1.1216049,0
2.9459162,2.1585355,2.8998039,0.69052595,1015929.5,1.0,1.3647753,1
4.3917093,3.9245858,4.5003724,0.38255608,1104261.4,1.0,1.1190249,0
3.6756802,3.0206354,3.751508,0.40657067,357110.94,1.0,1.2168567,0
0.24563017,0.22178675,0.25537136,0.5009986,1132268.0,1.0,1.107506,1
4.680805,4.174369,4.359407,0.31344807,368220.22,1.0,1.1213204,1
6.0305457,5.092288,5.4829054,0.5570817,1106708.4,1.0,1.1842507,1
1.5615085,1.0313066,1.652329,0.18044147,1125750.9,0.0,1.514107,0
7.4669156,6.4960933,7.044516,0.32337654,630556.7,0.0,1.1494471,0
4.3371162,3.1807716,4.17722,0.5298224,1143135.0,1.0,1.3635422,0
1.5903188,1.2321626,1.5762222,0.31375456,681663.25,1.0,1.2906729,0
5.238391,3.7007544,5.4650106,0.69486696,485723.84,0.0,1.4154928,0
1.6969972,1.6437002,1.5828179,0.5069419,981683.44,1.0,1.0324249,1
0.6955601,0.44630244,0.7515391,0.66981053,174800.42,0.0,1.558495,0
5.545459,4.8016953,5.3475165,0.5536875,299153.34,1.0,1.154896,1
1.06342,0.8246961,1.1660748,0.49821055,295237.62,1.0,1.289469,1
1.0284961,0.9613671,0.9843556,0.35051566,765384.56,0.0,1.0698266,0
5.97156,4.392333,6.24106,0.63937193,865203.75,0.0,1.3595417,0
0.63057745,0.60292536,0.6150235,0.5661882,1013039.25,1.0,1.0458632,1
6.5161996,5.8877316,6.954854,0.8126972,1084841.2,1.0,1.106742,1
6.4099603,4.9006014,6.361766,0.62426007,1056304.6,0.0,1.3079946,1
1.3028687,1.0040188,1.3994197,0.44038954,834293.8,1.0,1.2976537,0
4.243369,4.0779233,4.45888,0.5434132,1102050.6,1.0,1.0405711,1
0.95367885,0.8239503,0.9700876,0.5633207,366876.22,1.0,1.157447,1
5.1340556,4.395358,4.877342,0.6744437,884067.3,1.0,1.168063,1
0.6908541,0.5234845,0.65767485,0.6982805,138167.55,0.0,1.319722,1
7.566951,5.352878,8.310664,0.47570372,194012.69,0.0,1.4136229,0
1.8202997,1.3093734,1.9751664,0.31767184,310040.47,0.0,1.3902068,0
5.5265784,3.8417013,5.1269164,0.2219242,168078.25,0.0,1.4385757,0
1.2006731,0.8478254,1.1296088,0.3290676,1160515.8,0.0,1.4161797,0
1.8348523,1.3843343,1.6905648,0.41123354,586180.9,1.0,1.3254402,0
3.7174072,3.53265,3.4953575,0.7256503,1092710.0,1.0,1.0523,1
4.67015,4.3171606,4.4742255,0.72792584,598126.75,0.0,1.0817642,1
7.991133,7.552288,8.530738,0.644024,854627.6,1.0,1.0581076,1
0.40222457,0.34266105,0.36965904,0.6845598,419972.0,1.0,1.1738263,1
0.20245247,0.16356723,0.21792473,0.3938911,1143265.2,1.0,1.2377324,0
2.9328632,1.9976335,3.2096846,0.27270263,90128.63,1.0,1.468169,0
3.0560198,2.7550247,2.9226184,0.34902072,852015.25,0.0,1.1092532,0
7.0939302,5.779027,7.0318356,0.19477722,1142937.0,1.0,1.2275302,0
7.318144,5.6606035,7.3610697,0.33290672,956370.94,0.0,1.2928205,0
7.0680947,6.8438377,6.6520514,0.42410794,1001735.75,1.0,1.0327678,1
1.3167943,1.1869686,1.377782,0.5250056,394037.47,0.0,1.1093758,1
3.4144177,2.5875812,3.4690475,0.52031857,569625.2,1.0,1.3195403,0
6.0179043,5.611457,5.5511284,0.3965545,206608.06,0.0,1.0724317,1
2.6383662,1.9491512,2.8473155,0.58534217,482866.4,0.0,1.3535976,0
5.3732567,3.8376112,5.1606827,0.39943406,59700.56,0.0,1.4001566,0
2.0497143,1.4765764,1.9087954,0.5015067,945585.06,1.0,1.3881532,0
2.7226703,1.8627065,2.9850564,0.33350265,1145964.2,0.0,1.4616743,0
6.911351,6.130905,6.362464,0.6633001,855976.75,0.0,1.127297,1
2.1539705,1.6367141,1.9642904,0.5031252,981842.25,0.0,1.3160335,0
7.721728,5.649979,7.316419,0.60182375,640490.2,0.0,1.3666825,0
2.5888245,2.6244884,2.4952462,0.31757098,270418.75,0.0,0.98641115,1
0.38351926,0.30216932,0.37844166,0.52616364,878937.75,1.0,1.2692196,0
2.188227,1.6766194,2.269266,0.58585006,394176.38,1.0,1.3051424,1
1.5353986,1.2721026,1.4941618,0.1934199,578453.75,1.0,1.206977,0
4.15325,3.7131236,4.2025356,0.6752145,1085768.0,1.0,1.1185328,1
1.0791854,0.8318364,0.9725211,0.3125863,478877.7,0.0,1.2973529,0
5.0831814,4.4264317,4.966166,0.53163505,382774.94,1.0,1.1483699,1
7.024213,6.4521313,7.6493235,0.76815546,86448.68,0.0,1.0886655,1
3.0276473,2.3861005,3.194075,0.64323545,856675.4,1.0,1.2688683,0
1.5142432,1.2777355,1.5871693,0.2765093,297502.9,1.0,1.1850992,0
3.320195,2.1789956,3.190386,0.47329473,785329.1,0.0,1.5237273,0
6.330541,6.1726832,6.315571,0.6850145,471594.8,1.0,1.0255736,1
4.813604,3.4823194,5.1452837,0.37748376,955827.06,1.0,1.3822982,0
0.98891705,0.790286,1.0641055,0.44601804,1073378.6,1.0,1.2513407,0
4.39006,4.0876136,4.574919,0.44181764,321058.72,1.0,1.073991,1
3.8510659,3.3319287,3.8175936,0.58550584,961157.75,1.0,1.1558068,1
2.7514756,1.9304689,2.5165904,0.2694513,225735.86,0.0,1.4252887,0
1.0592526,0.81880724,0.9786124,0.59391654,212066.45,0.0,1.2936532,0
7.852673,5.949976,7.067866,0.40658012,542712.5,1.0,1.3197823,0
1.5731379,1.5436004,1.5288383,0.49829945,423185.94,0.0,1.0191355,1
1.7033945,1.2729255,1.5410215,0.4662693,1185231.4,1.0,1.338173,0
1.335545,0.98206866,1.3181888,0.58996505,974575.8,0.0,1.3599304,0
4.6475058,4.1445765,4.7381706,0.49684396,1073772.4,1.0,1.1213464,1
3.6606226,2.9150786,3.730819,0.71606517,206397.31,0.0,1.2557544,1
2.1465461,1.4993548,2.1702857,0.6484144,871055.1,0.0,1.4316463,0
3.5495024,3.3783972,3.355111,0.3807016,744926.94,1.0,1.0506468,1
5.45347,3.7090917,5.4743996,0.70479465,164125.14,1.0,1.4702982,1
2.3972642,2.3941264,2.627323,0.5479109,962713.1,1.0,1.0013106,1
7.3389173,6.6088624,7.257628,0.5254825,1031849.06,0.0,1.110466,1
2.5895007,1.9490039,2.78345,0.62723136,1101207.0,1.0,1.3286277,0
1.7457964,1.6515387,1.704388,0.3438277,1130793.6,0.0,1.0570726,0
7.6456294,6.8579535,7.83378,0.29308426,173982.16,1.0,1.1148558,0
6.5223727,5.484967,6.498682,0.5037412,1064498.1,0.0,1.1891361,0
2.8764734,2.5157814,2.984987,0.40905473,1137164.0,0.0,1.1433718,0
6.7631683,4.8993173,7.300675,0.8110578,844413.3,1.0,1.3804308,1
4.2467513,2.8286636,4.196555,0.38535157,261429.03,0.0,1.5013278,0
2.9046695,2.4967568,3.0542016,0.5060371,510963.3,0.0,1.1633769,1
6.7489705,4.552544,7.2653203,0.52879465,153626.78,1.0,1.4824613,0
6.0668874,4.753098,6.4182143,0.68469113,54883.414,1.0,1.276407,1
2.5234237,2.1593814,2.2834744,0.35081583,1108071.4,1.0,1.1685865,0
4.932092,3.4306226,4.43907,0.25819018,1168189.1,0.0,1.4376668,0
3.0812438,2.8307712,3.3172421,0.7091652,1107186.9,0.0,1.0884821,1
0.20820539,0.19904509,0.21775424,0.5120778,342056.97,0.0,1.0460212,1
7.7021627,7.645981,8.407885,0.6214614,764277.56,1.0,1.007348,1
4.487107,2.972827,4.300876,0.6285046,624652.25,1.0,1.5093737,0
4.8677745,3.8131225,5.148127,0.65450126,620454.7,0.0,1.2765849,1
4.8791533,4.432804,5.1733875,0.44332048,542583.9,1.0,1.1006923,1
4.495003,3.6135647,4.8162403,0.4026597,1132357.5,0.0,1.243925,0
2.4623733,2.059694,2.556942,0.20056145,959522.8,1.0,1.1955044,0
7.7782936,6.3356957,7.2156243,0.35076478,1023898.9,0.0,1.2276937,0
5.0490136,4.1295176,5.23173,0.50932264,89802.27,1.0,1.2226642,1
5.4331865,4.1742473,5.5467224,0.39479056,523742.7,1.0,1.3015968,0
3.7473836,3.102055,3.6227245,0.32886487,737675.0,0.0,1.2080325,0
2.445319,1.7342193,2.3028123,0.50756323,807529.75,1.0,1.4100403,0
0.70192206,0.6187869,0.75598407,0.7014413,1079111.8,1.0,1.134352,1
2.9317956,2.4425678,2.7218475,0.49159762,242053.36,1.0,1.2002923,1
1.57356,1.1079985,1.5490746,0.33007705,153542.22,0.0,1.4201823,0
5.3642883,4.480647,5.4960337,0.6908637,1077178.8,0.0,1.1972129,1
7.05623,5.3192945,7.722051,0.38388237,632612.1,0.0,1.326535,0
2.561488,2.0127313,2.6490786,0.72190577,670097.9,1.0,1.2726427,1
2.7964845,2.8554368,2.6873534,0.46052995,1073500.8,0.0,0.9793544,1
5.428843,4.4769454,4.9518237,0.5154695,912281.44,1.0,1.2126222,1
1.3643172,1.1931568,1.3145751,0.73413396,890367.7,1.0,1.1434517,1
7.449612,6.5005975,7.14088,0.2972754,263932.72,1.0,1.1459888,0
3.0380049,2.6787221,3.2318778,0.3424842,764621.8,1.0,1.1341248,0
0.9893557,0.84988093,0.9649353,0.4510178,567581.94,1.0,1.1641109,0
1.5625353,1.1737014,1.4370475,0.4790048,752697.75,0.0,1.3312886,0
7.4754195,5.5320277,8.028566,0.89631045,712028.75,1.0,1.3512982,1
2.1275303,1.6868303,1.9224596,0.3667908,80221.97,1.0,1.2612593,0
5.365697,4.208993,4.8323565,0.30436286,445456.72,1.0,1.2748172,0
1.4180888,1.2718743,1.4109284,0.35962477,576473.7,0.0,1.1149598,0
1.7139932,1.3130275,1.5663224,0.53481996,625255.2,1.0,1.305375,0
7.0580583,6.2017727,6.6022515,0.5738054,164389.66,1.0,1.1380711,1
1.3546591,1.2486572,1.4861381,0.39393693,1083319.8,1.0,1.0848927,0
0.3462546,0.32021186,0.37010217,0.5031554,434463.03,0.0,1.0813297,1
4.1096187,3.2358868,4.3266377,0.79178035,612835.25,1.0,1.2700132,1
6.9292693,6.85525,7.165963,0.50527525,813286.5,1.0,1.0107975,1
2.7427301,2.5529737,2.4946861,0.5481485,876943.9,1.0,1.0743276,1
1.1996657,0.8464807,1.2802614,0.7833482,484731.66,0.0,1.4172392,1
7.8614006,6.461918,7.8161006,0.39529616,198479.75,1.0,1.2165738,0
5.4785614,3.7822723,5.0384355,0.3854887,288415.3,1.0,1.4484841,0
6.8353868,6.1011386,6.5629983,0.4295477,239809.64,1.0,1.1203461,1
6.0666785,5.054672,6.0690665,0.4208134,330758.47,0.0,1.2002121,0
5.64629,4.4506574,5.0971255,0.22684804,744193.25,1.0,1.2686417,0
3.1995997,3.1121757,3.041168,0.52069914,666122.6,0.0,1.028091,1
2.729852,2.0977561,2.6402712,0.5325412,243925.02,0.0,1.3013198,0
5.792277,4.4850774,5.750331,0.4721212,833744.0,0.0,1.2914554,0
5.7903614,5.1421337,5.21362,0.53712064,123260.41,0.0,1.126062,1
7.614589,7.926128,7.714253,0.5387163,1096048.1,0.0,0.96069473,1
4.6355467,4.447385,4.35522,0.3025772,701119.44,1.0,1.0423083,0
2.4980447,1.7402372,2.5466318,0.543296,728979.94,1.0,1.4354621,0
4.018325,2.9039953,3.8086889,0.58377683,378777.9,0.0,1.3837228,0
4.9869676,3.5075848,4.88994,0.26043478,638382.56,1.0,1.4217669,0
3.5284925,2.9389513,3.6157382,0.7194674,540195.9,1.0,1.2005957,1
6.370838,4.7774477,6.5703382,0.31463057,1143358.4,1.0,1.3335234,0
4.759983,4.2332807,4.313112,0.32926428,137654.67,1.0,1.1244195,1
0.27359867,0.24251707,0.27551794,0.5302933,577546.0,1.0,1.1281625,1
4.644751,3.9722636,4.9388957,0.58020484,960244.94,1.0,1.1692958,1
5.1421094,3.825517,4.8401885,0.6166507,676263.6,1.0,1.3441607,1
7.339038,5.4234266,7.385991,0.5841488,700000.6,0.0,1.3532104,1
3.4270291,3.0090306,3.3911238,0.42204455,1097898.0,1.0,1.1389147,0
4.6808476,3.9420967,5.008446,0.51628417,482046.7,1.0,1.1874005,1
3.9049802,2.7565746,3.8571544,0.45249945,52374.008,0.0,1.4166061,0
4.34692,4.073852,4.732788,0.52613884,1114522.1,0.0,1.0670294,1
0.7249718,0.50073534,0.747073,0.5102685,88018.71,1.0,1.4478142,0
7.1988125,5.1945605,7.28719,0.42426372,967014.75,0.0,1.3858366,0
7.301216,6.6821275,6.9973683,0.4479173,210533.34,1.0,1.0926484,1
4.474865,3.0845263,4.5612526,0.22216935,73786.81,0.0,1.4507463,0
4.541133,3.2377114,4.206221,0.6245195,457870.78,0.0,1.402575,0
0.6489371,0.5937589,0.6380666,0.5446336,1043664.9,0.0,1.0929303,1
4.864014,3.6562648,4.654305,0.15399797,92478.55,1.0,1.3303232,0
3.547384,2.5940456,3.6681912,0.61897403,352082.12,1.0,1.3675103,0
5.7305403,3.8647058,6.033108,0.49204582,370906.62,1.0,1.4827882,0
0.5675743,0.37187338,0.6162301,0.3594767,159027.97,0.0,1.526257,0
5.744924,4.8258705,5.425622,0.34618622,156441.75,1.0,1.190443,0
2.4377718,1.7586583,2.6253588,0.39676666,1094407.8,0.0,1.3861544,0
5.2833014,4.8853025,5.6488547,0.3602712,849590.0,0.0,1.0814687,0
5.091583,4.641924,5.460653,0.3804218,407808.16,0.0,1.096869,0
1.9693636,1.464076,2.0640805,0.7550951,324068.9,1.0,1.3451238,1
3.6355283,3.0224624,3.4666371,0.5556689,99313.4,1.0,1.2028365,1
6.7179394,4.681498,7.225644,0.80540156,462605.3,1.0,1.4349978,1
4.923615,4.028577,5.0216427,0.5338608,396304.75,0.0,1.2221721,0
0.7361587,0.52873635,0.77158445,0.58688986,1104641.8,1.0,1.3922983,0
3.6546888,3.1151826,3.4392505,0.36789423,303584.84,0.0,1.1731861,0
2.6318173,1.9646753,2.4514909,0.47479573,515919.34,0.0,1.3395686,0
5.2048364,4.515413,4.972546,0.48774797,834316.2,1.0,1.1526823,1
4.993599,4.5124264,5.004955,0.5930139,419357.44,1.0,1.1066327,1
0.2811052,0.2782574,0.27641776,0.49257746,949053.9,1.0,1.0102345,1
4.940025,3.9296892,5.3229837,0.55269915,885194.9,1.0,1.2571032,0
5.931827,4.352186,5.3540893,0.5473292,90789.29,0.0,1.3629534,0
6.196094,6.364515,5.675682,0.45457134,1034205.25,1.0,0.97353756,1
0.660011,0.548368,0.63696474,0.43914634,468485.1,1.0,1.2035913,0
2.5685356,2.358477,2.3978474,0.39965102,160234.11,1.0,1.0890653,0
3.4859338,3.0970547,3.4209216,0.6623455,853097.44,0.0,1.1255642,1
1.6022193,1.4012921,1.6719457,0.45463526,909218.6,0.0,1.1433871,0
3.4817243,2.4801056,3.825313,0.54933465,131661.16,1.0,1.4038613,0
0.7548104,0.5800427,0.709835,0.47651672,457008.75,1.0,1.3013014,0
1.0830948,0.96217173,1.0324005,0.6593926,1079802.5,1.0,1.1256772,1
5.415819,4.620146,5.7069073,0.20178685,819853.7,1.0,1.1722182,0
2.2480652,1.9472619,2.1455758,0.5454455,664009.94,1.0,1.154475,1
5.7489657,4.8373785,5.983236,0.31176344,629729.94,1.0,1.1884465,0
0.5752465,0.5846609,0.58485186,0.55860525,749678.8,0.0,0.98389775,1
4.5890837,4.6886334,4.9148116,0.47801802,800974.06,1.0,0.9787679,1
3.2532995,3.024439,2.9496605,0.27824584,129162.06,1.0,1.0756704,0
6.416377,4.835275,7.0320244,0.55064595,434270.53,1.0,1.3269932,0
6.314822,5.060803,6.9011545,0.5336273,655649.75,0.0,1.2477906,0
3.1293652,2.853702,2.8304405,0.46531683,889892.7,0.0,1.0965985,1
5.0571694,4.100217,5.056673,0.48431516,904190.94,1.0,1.2333907,1
1.9748812,1.3817799,1.9359468,0.52422667,746335.75,1.0,1.42923,0
4.7271733,4.0399895,4.4947505,0.676733,724503.56,1.0,1.1700954,1
0.8338646,0.6375391,0.91355306,0.45285097,472913.47,0.0,1.3079426,0
3.5899134,2.776875,3.3562822,0.65195477,1009905.06,1.0,1.292789,1
1.625276,1.5748098,1.548418,0.49438247,1103860.2,1.0,1.0320458,1
7.090373,5.3216357,6.392997,0.6943602,1023265.0,1.0,1.3323673,1
3.6702263,3.1754549,3.7291138,0.46472874,1052709.1,1.0,1.1558113,0
4.8080354,3.8150535,5.1549816,0.40005136,1095131.6,1.0,1.2602799,0
3.0109785,2.6872022,3.084394,0.33534852,282373.2,1.0,1.1204883,0
2.4521801,1.7427119,2.5265336,0.49492767,640958.06,1.0,1.4071058,0
1.7827743,1.5846123,1.6281437,0.38102403,664721.3,1.0,1.125054,0
7.312598,5.787251,7.626758,0.7106733,608238.6,0.0,1.2635703,1
6.435833,5.5265293,6.3187065,0.36931813,1025761.8,0.0,1.1645343,0
1.239437,0.86659414,1.2329205,0.3964965,423794.78,1.0,1.4302392,0
6.024454,5.4642696,6.1268883,0.5871625,235510.77,0.0,1.1025177,1
3.46454,3.0759356,3.7939239,0.6778688,365445.72,1.0,1.126337,1
0.3200939,0.24566522,0.3359823,0.6096568,214596.8,1.0,1.3029679,1
4.321265,3.143629,4.4802246,0.6588027,515508.56,1.0,1.3746103,1
1.2143623,1.0020145,1.1978209,0.48796758,184332.77,0.0,1.2119207,0
1.8374877,1.5690993,1.6663994,0.49008122,150712.12,1.0,1.1710461,1
5.6291194,4.7114234,5.672672,0.80176365,568656.06,0.0,1.1947812,1
2.2057078,1.9103035,2.2766793,0.7535403,741311.9,1.0,1.1546375,1
7.156728,6.70669,7.448994,0.60713035,748788.2,0.0,1.0671029,1
5.325924,4.354943,5.4408374,0.665991,156129.66,1.0,1.2229607,1
6.691811,6.026443,6.42463,0.6287799,1167311.2,1.0,1.1104081,1
4.9984784,4.1122212,4.7195945,0.31910384,190008.23,1.0,1.2155179,0
6.977027,6.0469513,6.4050417,0.49405217,809533.0,1.0,1.1538091,1
3.0211406,2.4410315,3.1436968,0.72451615,1071936.6,1.0,1.2376491,1
4.4832964,3.9313843,4.9054313,0.6080509,1067481.0,1.0,1.1403862,1
4.223945,2.9826639,4.245084,0.49046156,638948.3,0.0,1.4161654,0
7.2495675,5.253483,7.5006676,0.72631365,369070.72,0.0,1.3799545,1
1.4863402,1.2047937,1.5435947,0.5553953,1002049.9,0.0,1.2336886,0
4.7088737,4.5758038,4.3900285,0.6133369,754478.25,0.0,1.0290812,1
6.0845633,5.159292,5.7095127,0.5561797,959703.56,1.0,1.1793407,1
3.086388,2.4386787,2.9062524,0.5811743,509990.84,1.0,1.2655984,0
6.967136,5.9468465,7.570269,0.59190035,1100443.0,1.0,1.1715682,1
3.1095152,2.5026355,2.808253,0.6949511,1119031.6,0.0,1.2424963,1
1.5518084,1.4366952,1.5645856,0.71449345,897949.2,1.0,1.0801235,1
4.755577,4.8614807,4.638759,0.43233633,1133951.9,1.0,0.9782158,1
3.4804304,3.286983,3.591352,0.55332667,571522.94,0.0,1.0588526,1
0.31848282,0.2934562,0.30067912,0.69065136,273633.16,0.0,1.0852823,1
0.744741,0.5314529,0.81343156,0.4802661,804289.6,1.0,1.4013302,0
1.723162,1.2600372,1.6649933,0.30366558,801369.9,1.0,1.3675486,0
6.2007737,5.55949,6.7289886,0.36370277,615020.3,1.0,1.1153493,0
7.1579084,6.046662,7.285606,0.37406313,349711.34,1.0,1.1837785,0
4.455999,3.054076,4.3797665,0.43127316,767994.4,1.0,1.4590335,0
1.0234106,0.853722,1.0712827,0.38806576,257896.7,0.0,1.1987634,0
4.368468,3.4752316,4.41483,0.6543659,916293.8,1.0,1.2570292,1
6.8737226,5.268171,6.376866,0.4584764,1092833.9,0.0,1.3047645,0
6.0459256,4.661008,6.293191,0.68916523,241614.39,0.0,1.2971283,1
2.4705658,2.4452124,2.5098448,0.330456,993312.0,1.0,1.0103686,0
1.1663468,1.0219247,1.1816597,0.44700158,278242.8,0.0,1.1413236,1
7.2253175,6.3275356,7.5694532,0.5156416,625487.94,1.0,1.1418849,1
6.861892,6.544523,7.072525,0.62159926,1118633.0,0.0,1.0484939,1
0.6189799,0.5676285,0.6024212,0.671544,145117.33,0.0,1.0904664,1
6.624661,5.499663,6.384171,0.4192524,153231.73,1.0,1.2045577,0
0.95825857,0.9356016,0.91050255,0.6490128,1152532.0,1.0,1.0242165,1
0.69361234,0.49150142,0.7040367,0.24771607,232676.77,0.0,1.4112113,0
6.117087,4.698576,5.8722663,0.6306997,443354.78,1.0,1.3019023,1
4.383223,3.2985892,4.0504646,0.29884025,577843.1,1.0,1.3288174,0
3.4334745,2.7308564,3.6276016,0.5669966,57700.375,0.0,1.2572886,1
7.250125,6.0930705,6.8283596,0.669378,266292.44,0.0,1.1898968,1
6.7465677,4.5589023,6.2943816,0.63308454,1002666.25,1.0,1.4798666,0
0.64946306,0.55906904,0.6947957,0.2541233,646681.94,1.0,1.1616868,0
5.0054803,4.519084,5.20783,0.43291515,502982.7,0.0,1.1076317,1
6.2236857,5.7398105,6.554981,0.60753995,834265.1,0.0,1.0843016,1
4.4938264,3.1265323,4.359336,0.60324425,423484.53,1.0,1.4373198,0
7.867443,5.9986954,8.052227,0.5413897,554319.2,0.0,1.3115257,0
5.5511703,4.3664575,6.0310073,0.16975892,1192785.2,0.0,1.2713214,0
1.0123155,0.957994,0.9683197,0.67970735,940429.06,1.0,1.0567034,1
1.7467245,1.6803528,1.5961436,0.7064391,687069.3,1.0,1.0394987,1
6.644716,5.1286926,6.2073317,0.524561,655757.25,0.0,1.2955965,0
7.974702,7.188387,8.608637,0.5342867,1020912.75,0.0,1.1093869,1
0.96704626,0.78828275,0.92479235,0.57545906,740997.0,0.0,1.2267759,1
0.9825687,0.9330552,0.98084974,0.71906644,440170.44,1.0,1.0530659,1
6.154419,4.5065913,6.1969695,0.5375831,530460.44,1.0,1.3656484,0
0.7019634,0.54962534,0.76654595,0.47132382,260898.16,0.0,1.2771671,0
0.7347689,0.6482164,0.7055955,0.557228,1153448.6,1.0,1.1335241,1
7.1327686,5.343676,7.1632843,0.4983335,800037.25,1.0,1.3348056,0
6.4435086,4.3287134,7.033894,0.50003743,508355.97,0.0,1.4885504,0
7.076193,5.084319,6.6535244,0.2351211,463871.1,1.0,1.391768,0
5.2740045,4.1107373,5.377254,0.57842475,1093041.1,0.0,1.2829827,1
2.715784,2.5743244,2.478754,0.67571825,464362.88,1.0,1.0549502,1
7.269243,6.936915,6.9246445,0.6530559,919819.5,1.0,1.0479072,1
2.5300436,1.8486851,2.3120625,0.6426487,1010740.25,1.0,1.3685638,0
2.3489845,2.1594207,2.2691908,0.49204966,1096270.4,0.0,1.0877845,1
7.113923,5.274791,6.696242,0.5218514,479009.62,1.0,1.3486645,1
5.510416,5.542731,5.8392954,0.6787104,930125.94,1.0,0.9941699,1
7.186242,4.885598,7.1336327,0.6301032,425914.03,1.0,1.4709033,0
1.41603,1.400359,1.3891256,0.72295344,1135622.0,0.0,1.0111907,1
7.627915,7.778599,7.92132,0.39909253,62834.188,0.0,0.98062843,1
4.9793887,4.3296137,5.4247446,0.3981566,705719.0,1.0,1.1500769,1
5.410673,5.1128845,5.1959167,0.45011476,636444.75,1.0,1.0582429,1
7.3296723,5.7468987,6.694558,0.3585451,1059265.9,1.0,1.2754135,0
3.1698732,2.8427231,2.9224837,0.30178174,298759.1,1.0,1.1150833,0
5.812685,4.7080455,6.2279606,0.5702956,150381.1,0.0,1.2346281,1
5.194657,4.334419,5.5539765,0.56008255,1023405.5,1.0,1.1984668,1
6.344471,5.856457,6.3132124,0.5369339,452617.2,1.0,1.0833292,1
7.1961536,5.850117,6.6890306,0.5530618,423657.12,1.0,1.2300872,1
5.5044746,4.390679,5.5336366,0.28044325,171107.03,1.0,1.2536728,0
0.72758853,0.70301604,0.7520969,0.42799214,1108067.8,1.0,1.0349529,1
1.6284947,1.3301684,1.5738543,0.45597973,777901.5,0.0,1.2242771,0
7.64103,5.759638,7.0030313,0.5072759,846011.3,0.0,1.3266511,0
7.7554736,6.0340204,7.479288,0.28103554,1082628.8,0.0,1.2852912,0
7.745824,6.9019504,8.041055,0.36083132,1020432.7,1.0,1.1222659,0
0.48703533,0.4522446,0.53363174,0.43452823,569585.94,1.0,1.076929,1
3.1830957,2.2235053,2.9858012,0.6587428,233737.84,1.0,1.4315666,0
6.1254473,5.6579723,6.633315,0.53928053,823161.0,0.0,1.0826223,1
6.0725093,4.956215,6.019828,0.65323496,798322.5,1.0,1.2252312,1
0.8700895,0.75338995,0.89849234,0.48163533,104141.52,1.0,1.1548992,1
4.9540133,4.5398536,5.3143673,0.50014836,1084311.5,1.0,1.0912275,1
1.314383,1.2395196,1.329488,0.5748614,435525.12,1.0,1.0603971,1
4.047033,3.3609905,3.6920767,0.47341838,543096.7,0.0,1.2041191,0
2.0695484,1.5309249,1.972602,0.4062912,640848.6,1.0,1.3518288,0
0.61465716,0.48621953,0.6518938,0.27653217,1098822.1,0.0,1.2641556,0
0.8241515,0.67919296,0.8328697,0.4103124,246063.34,0.0,1.2134277,0
7.304965,6.0055265,7.0552435,0.6254281,473993.25,0.0,1.2163738,1
6.0082383,4.5036836,6.108338,0.6891011,626541.56,1.0,1.3340721,0
7.468227,5.356787,7.122553,0.38402647,1190683.5,0.0,1.3941616,0
3.8659215,3.4889765,3.6656747,0.23993938,555713.7,0.0,1.1080388,0
3.4236815,2.342056,3.648544,0.63899165,508318.47,1.0,1.4618273,0
2.9955769,2.5194867,2.935706,0.5103948,1125280.9,1.0,1.1889633,0
5.0071955,4.580406,4.780859,0.29794297,810719.06,1.0,1.0931771,0
2.9421632,1.9482188,2.8887196,0.03338159,238110.4,1.0,1.5101811,0
6.0209312,4.536417,6.527452,0.3554884,252172.14,1.0,1.3272438,0
6.450275,5.434758,6.038475,0.43055812,791120.56,0.0,1.186856,0
7.0315876,5.7729077,6.58892,0.32725236,587113.6,0.0,1.2180322,0
2.0938473,1.6764625,2.0326085,0.60378593,60313.266,0.0,1.2489675,1
4.310772,3.603586,3.9318023,0.37811482,565880.9,1.0,1.1962451,1
1.942868,1.522102,1.7776936,0.5018603,1130649.6,0.0,1.2764374,0
0.49293542,0.328051,0.44472423,0.8560234,909485.7,1.0,1.5026182,1
5.7210374,3.9552076,5.316202,0.5176192,692392.9,1.0,1.4464569,0
4.4820538,3.4040415,4.6078987,0.48267224,274475.53,1.0,1.316686,0
5.846633,4.302088,5.491656,0.48606083,435986.06,1.0,1.3590221,0
0.88345873,0.82456136,0.8618652,0.60035217,1196135.1,1.0,1.0714288,1
7.965104,5.295052,8.292606,0.58176273,807911.7,0.0,1.5042541,0
7.955919,7.0659795,7.2109632,0.34946683,367730.72,1.0,1.1259471,0
3.8269987,3.1414962,3.6043124,0.43832707,898689.44,0.0,1.2182089,0
6.955258,6.619884,7.645064,0.39990065,155069.61,1.0,1.0506616,1
2.0998347,1.8232995,2.1405554,0.4576035,476169.72,0.0,1.1516675,1
5.9530163,3.9021451,6.1434884,0.77399313,313500.44,1.0,1.5255753,1
7.0579615,6.019171,7.080615,0.59261715,1080409.2,0.0,1.1725804,1
6.554397,4.8434772,7.165126,0.48803562,895417.3,0.0,1.353242,0
6.531838,6.2392516,6.067159,0.68667984,622124.8,1.0,1.0468944,1
3.8116078,2.647056,3.4818068,0.52827066,518970.12,0.0,1.4399421,0
6.5959215,6.221597,7.013003,0.25429246,1037375.25,0.0,1.0601654,0
5.5874977,4.4979215,5.0333257,0.7495947,274746.44,1.0,1.24224,1
1.2331209,1.0436788,1.2483035,0.47654015,135977.23,0.0,1.1815139,1
1.0906384,0.75614125,0.9818826,0.16159599,1029536.4,1.0,1.4423738,0
6.2209926,5.619206,6.032179,0.26005608,1034970.56,0.0,1.1070946,0
5.07862,4.569583,5.2318788,0.6691528,329537.9,1.0,1.1113969,1
4.251134,3.7471998,4.291372,0.26249006,274576.4,1.0,1.1344827,0
7.276642,5.57359,7.3637614,0.7023837,879503.25,1.0,1.3055575,1
5.344805,3.6320827,4.9785213,0.51215714,214892.95,1.0,1.4715537,0
3.2899446,2.6260397,3.154881,0.6070841,765243.6,1.0,1.252816,1
3.428668,3.1440885,3.5726922,0.46147904,856419.8,1.0,1.0905125,1
4.920906,4.146664,4.451744,0.57850474,765276.94,0.0,1.1867143,0
6.1301475,5.381978,6.2469673,0.54748505,540967.6,1.0,1.1390138,1
4.601956,4.288646,4.617663,0.49422047,988604.4,1.0,1.0730556,1
4.168335,3.4812999,4.038247,0.34018418,1119481.0,0.0,1.1973501,0
5.8698254,5.5593147,5.6758575,0.55377924,861565.0,0.0,1.0558541,1
5.7010636,4.6630373,6.041927,0.22744639,531793.94,0.0,1.2226074,0
6.6767054,5.851875,6.5191307,0.6397252,1195056.5,0.0,1.1409515,1
0.68790394,0.48676604,0.6301007,0.52954924,566828.2,0.0,1.4132127,0
6.088627,5.9023013,6.6512637,0.5696295,183702.94,1.0,1.0315683,1
4.2073317,4.2837124,3.8962996,0.107464015,259969.56,1.0,0.9821695,0
0.78260636,0.67805034,0.8291642,0.33113995,450136.1,1.0,1.1542009,0
5.4962783,5.231924,4.9619775,0.42413506,246784.17,0.0,1.0505271,1
5.7890134,5.579114,5.632014,0.60105175,945036.3,1.0,1.0376223,1
4.2842917,3.7147524,4.2972994,0.35857835,66221.555,1.0,1.1533183,0
6.391632,5.786417,5.7905407,0.88220054,516765.78,1.0,1.1045923,1
2.5419352,2.2548394,2.6609418,0.4605031,1059938.1,1.0,1.1273243,0
1.7748764,1.2803408,1.6898887,0.34760067,185397.25,1.0,1.386253,0
2.9357247,2.0271358,2.9598966,0.47197253,712496.4,1.0,1.4482132,0
3.398394,2.714417,3.5970829,0.3573579,1123926.4,0.0,1.2519794,0
5.628282,5.267918,5.730845,0.32234877,132335.77,1.0,1.0684073,1
6.7950554,5.0371194,6.7347336,0.651647,452184.62,1.0,1.3489963,1
5.823162,5.233423,5.632293,0.5769861,93311.03,1.0,1.112687,1
1.5571029,1.4339706,1.4154394,0.57742167,834523.5,1.0,1.0858681,1
3.0564933,2.7272367,3.3089724,0.69151294,530124.2,0.0,1.120729,1
1.435627,1.1668148,1.4620228,0.5730008,1139419.6,0.0,1.2303811,0
5.556449,4.368739,5.702623,0.33988893,844983.44,1.0,1.2718656,0
2.1357408,1.5566278,2.1103306,0.60629654,742231.7,1.0,1.3720304,0
4.298018,3.2435987,4.188601,0.33100718,1096870.6,0.0,1.3250769,0
6.3762727,4.4502473,5.798142,0.4282942,199111.62,1.0,1.4327906,0
5.4333262,4.0206914,5.073631,0.49314228,950961.75,0.0,1.3513412,0
2.527317,1.7788851,2.4896846,0.47792298,889275.44,1.0,1.420731,0
2.7963607,2.390223,2.6519032,0.23132253,824238.6,1.0,1.1699162,0
5.2962413,4.059322,4.8136926,0.35485932,783788.3,1.0,1.3047109,0
4.4858484,3.4796615,4.527131,0.4966237,193028.95,1.0,1.2891623,0
0.9518692,0.9345914,0.94503736,0.408397,986149.9,0.0,1.018487,0
7.017134,5.433803,6.9067874,0.6689387,780427.2,1.0,1.2913854,1
4.1983833,3.972506,4.437044,0.6946229,937193.94,1.0,1.0568602,1
3.892216,3.3755345,3.9696927,0.3319421,1057503.6,1.0,1.1530665,0
1.7478268,1.241658,1.5735388,0.5089632,673789.9,1.0,1.4076556,0
3.1405518,2.787414,3.3050601,0.7374076,1150418.0,0.0,1.1266901,1
2.7960339,2.571831,2.7862968,0.4798673,175581.6,1.0,1.0871764,1
2.3117383,2.0954833,2.3195121,0.43895307,54643.547,0.0,1.1032006,1
4.625771,3.899849,4.986186,0.62903315,429435.16,1.0,1.1861411,1
3.8057477,3.2208312,3.5083055,0.45886973,299032.6,0.0,1.1816043,0
7.1357417,5.753595,7.277606,0.69063056,686651.4,0.0,1.2402232,1
7.542483,7.2871513,7.2138715,0.41078803,372339.72,1.0,1.0350386,1
1.9118928,1.4883235,1.7347411,0.42881182,841358.3,1.0,1.284595,0
0.9808223,0.6746303,0.9685388,0.6185235,1137127.8,1.0,1.4538665,0
6.325633,4.444279,6.051876,0.5150816,934644.94,1.0,1.4233203,0
7.959919,5.7007375,7.1663036,0.5162609,533289.6,1.0,1.3962964,0
6.9360805,5.355711,6.926294,0.21360028,1183328.4,1.0,1.2950813,0
0.38483974,0.29137352,0.3703023,0.446988,936859.75,0.0,1.320778,0
2.1598556,1.9519962,2.131399,0.6296056,982513.8,0.0,1.1064856,1
0.5380698,0.42037758,0.48552522,0.38244352,285461.4,1.0,1.2799678,0
6.602079,4.9589744,6.4723907,0.6051002,839934.4,0.0,1.3313397,1
4.7349744,3.6642945,4.706948,0.54019845,131230.67,1.0,1.2921927,1
4.2070045,3.6195354,4.178415,0.47004274,320605.8,1.0,1.1623051,0
4.524709,3.654502,4.7210145,0.7036632,68903.47,1.0,1.2381192,1
2.1691198,1.8770946,2.3822517,0.4490234,861021.56,0.0,1.155573,0
4.8927794,4.97607,4.430766,0.45947793,74088.16,1.0,0.98326176,1
0.43920243,0.44846046,0.43006936,0.46832955,566553.3,1.0,0.979356,1
5.2388916,4.491623,5.6126523,0.51207876,796197.44,1.0,1.1663693,1
5.928584,5.4759855,6.077625,0.61504364,400744.88,1.0,1.0826515,1
5.449605,4.5764666,5.976692,0.27911672,472372.5,1.0,1.1907887,0
2.7905166,2.4138768,2.9096248,0.63020676,1048382.9,0.0,1.1560311,1
6.6448507,5.0499115,6.9428687,0.5102147,1086625.0,0.0,1.3158351,0
5.7812433,5.0243044,5.2910914,0.5831052,1037505.06,1.0,1.1506554,1
1.2007191,0.90487415,1.146748,0.8587776,912424.6,0.0,1.326946,1
1.7221249,1.3380961,1.7509911,0.42325094,369158.75,0.0,1.2869965,0
5.1694455,3.8143158,5.1925974,0.3162994,135878.7,0.0,1.3552747,0
2.4574459,2.246923,2.5865066,0.52906984,611999.7,1.0,1.0936939,1
1.1315769,0.97546697,1.2432992,0.55282503,1113051.9,1.0,1.1600362,1
1.4087582,0.9782505,1.3261498,0.6307414,306879.7,1.0,1.4400792,0
1.491814,1.1649652,1.470451,0.41924348,290981.8,0.0,1.2805653,0
3.926769,2.9186761,4.214868,0.37548396,946596.1,0.0,1.3453939,0
4.9376063,4.216693,5.271536,0.27005437,730786.44,0.0,1.1709665,0
1.5759377,1.1653638,1.6759132,0.29487598,514944.84,1.0,1.352314,0
5.7574735,3.7967732,5.8961062,0.43760568,1042070.8,1.0,1.5164123,0
2.3918984,2.060769,2.6278322,0.48251227,719907.5,0.0,1.1606823,1
2.6301534,2.2270696,2.5554063,0.8097701,1108307.6,0.0,1.180993,1
1.9432893,1.7502067,1.7941592,0.2461125,473372.78,0.0,1.1103199,0
6.324608,5.443624,5.859825,0.5503102,560686.8,1.0,1.1618377,1
7.6865478,6.815988,7.5876865,0.39110962,135449.03,1.0,1.1277232,1
4.0414987,3.072257,4.2879896,0.53343,472842.84,1.0,1.315482,0
0.527839,0.42034632,0.52286106,0.41701463,256671.4,1.0,1.2557241,0
2.2324407,2.2629375,2.282172,0.6553077,87756.92,0.0,0.98652333,1
1.4327923,1.0545701,1.3921071,0.65437853,344126.2,1.0,1.3586507,1
6.7735457,6.5334516,7.0645795,0.48303485,614220.6,1.0,1.0367484,1
0.8618611,0.5798867,0.80207235,0.7158668,334461.44,0.0,1.4862578,0
7.738515,6.0301485,7.7696476,0.6140163,175451.89,1.0,1.2833041,1
4.7904077,3.4313598,4.4887357,0.7088838,569264.1,1.0,1.3960668,1
4.2383704,3.8940756,4.2117467,0.4935294,220024.42,1.0,1.088415,1
6.8093348,5.9629917,6.714677,0.6427698,148892.19,1.0,1.1419326,1
0.41487145,0.27279067,0.42354742,0.38476053,1154210.0,1.0,1.5208418,0
6.261791,4.8862863,6.2737455,0.36955115,597349.7,0.0,1.2815032,0
1.1095116,0.9285415,1.2150797,0.82697386,972676.44,0.0,1.1948972,1
6.758069,4.841842,7.2991357,0.33711922,246401.67,1.0,1.3957641,0
4.3275747,3.5812023,4.149346,0.43458414,580782.4,0.0,1.2084138,0
0.6768093,0.643331,0.62553114,0.21529898,153413.31,1.0,1.052039,0
6.6993113,4.764885,6.1161385,0.37312055,523570.84,1.0,1.4059755,0
0.41305012,0.33297923,0.38810137,0.35086468,1000359.75,0.0,1.2404681,0
1.2792914,1.1193956,1.2081903,0.39945638,1076659.8,1.0,1.1428412,0
6.4230313,4.672186,6.9223337,0.54498255,646857.0,1.0,1.374738,0
3.8259947,3.0457103,4.1510825,0.5811553,379362.62,0.0,1.2561913,1
7.074832,5.8279734,6.6934566,0.34897858,893489.56,1.0,1.2139438,0
5.156348,4.539129,5.42317,0.38155,784767.6,0.0,1.1359775,0
5.0635242,4.769177,5.403554,0.66252655,591048.0,1.0,1.0617186,1
2.4794338,2.063503,2.418693,0.755794,596668.06,1.0,1.2015654,1
1.2427081,1.1387166,1.3350646,0.6883875,617196.3,1.0,1.0913234,1
7.6971445,7.548854,8.44939,0.25305033,440128.62,1.0,1.0196441,0
1.017422,0.9815905,1.1126109,0.67841107,646816.44,1.0,1.0365036,1
4.3262825,3.9609761,4.535594,0.77805334,115979.99,1.0,1.0922264,1
2.326035,1.9047636,2.2663317,0.2456076,705711.4,0.0,1.2211673,0
2.260297,2.1834872,2.1368873,0.6624051,620635.3,0.0,1.0351777,1
4.8377724,4.400407,5.314651,0.5337825,533647.06,1.0,1.099392,1
6.4238863,5.879433,6.13632,0.45092934,422592.72,1.0,1.092603,1
6.262,5.4069867,6.1848307,0.51592743,765047.4,0.0,1.1581312,1
6.976653,6.865592,6.647529,0.5664891,607721.56,1.0,1.0161765,1
2.4846413,1.970022,2.4827127,0.67363775,165965.56,1.0,1.2612252,1
3.8328607,3.3093557,3.5341897,0.6659022,480620.6,0.0,1.1581894,1
0.27280968,0.25788718,0.2896724,0.2739609,137981.2,1.0,1.0578644,0
6.0254893,5.758273,6.031644,0.40269917,486044.8,0.0,1.0464056,1
2.5582762,2.3070083,2.5170891,0.5140348,662756.7,0.0,1.1089151,1
4.5796494,3.6215348,4.4542994,0.7358328,499683.3,0.0,1.2645603,1
1.5205421,1.1775444,1.5448053,0.090876274,442874.53,1.0,1.2912823,0
6.591316,5.1637764,6.9602823,0.4083747,373321.7,0.0,1.2764527,0
6.5747232,6.3058047,7.1040688,0.2708164,489038.38,0.0,1.0426462,0
7.0441327,6.411872,7.525273,0.29459336,129707.305,1.0,1.0986079,0
0.5583086,0.53802454,0.55222446,0.6478603,1192985.9,0.0,1.037701,1
7.941178,7.1540785,8.471636,0.42021716,688640.0,1.0,1.110021,0
2.1326795,1.8012199,2.1448848,0.1499453,781602.1,1.0,1.1840194,0
2.6135828,1.769546,2.6858108,0.47623414,260611.75,1.0,1.4769793,0
2.1448188,1.9962375,2.2196987,0.8053789,1111915.5,1.0,1.0744306,1
2.286755,2.063891,2.2408745,0.22899632,706838.6,0.0,1.1079825,0
4.5107584,3.9237313,4.4981766,0.5799406,526530.06,1.0,1.1496094,1
2.0705223,1.8396018,2.1502743,0.7351556,870196.1,1.0,1.1255274,1
3.2714162,3.260816,3.145747,0.4925866,400002.94,0.0,1.0032507,1
5.313731,4.11466,5.5761375,0.78920007,1124836.8,1.0,1.2914146,1
6.7210045,6.256439,6.5248895,0.40102836,244711.25,1.0,1.0742539,1
5.6033835,4.7298565,5.6991897,0.716891,1008077.06,1.0,1.1846837,1
4.835718,3.719096,5.1622477,0.6814906,1161599.6,1.0,1.3002403,1
1.3522828,0.94119936,1.2233304,0.4951201,615504.0,0.0,1.4367656,0
6.5657015,4.7342324,6.224732,0.27691936,1058158.9,1.0,1.3868567,0
0.4907441,0.37396085,0.49674767,0.3497405,132297.27,1.0,1.3122874,0
2.260695,2.0595796,2.0825984,0.14837193,763677.25,1.0,1.0976487,0
0.6450595,0.4556549,0.6070787,0.5891225,459667.53,1.0,1.4156758,0
5.405946,4.3958454,5.6752586,0.57114506,468958.1,1.0,1.2297853,1
3.0732944,2.4652545,2.7818375,0.5118826,567917.8,1.0,1.2466439,1
5.2859783,4.536071,5.4023085,0.48159292,736292.8,1.0,1.165321,0
2.9068415,2.9048386,2.6360152,0.70363873,758415.56,1.0,1.0006895,1
3.7547777,3.1680186,3.4663534,0.54466975,370013.5,0.0,1.1852132,0
3.772096,2.4972372,3.6893668,0.41680324,491537.84,1.0,1.5105076,0
0.5555291,0.53514576,0.6071676,0.52208424,336955.2,1.0,1.0380894,1
3.5557668,3.555098,3.5883715,0.80712575,777421.3,0.0,1.0001881,1
5.200302,4.363627,5.005004,0.593325,167340.06,0.0,1.1917384,1
4.4592075,4.1355853,4.3801246,0.44151226,537110.6,1.0,1.078253,1
0.7872134,0.6050324,0.79804105,0.49332914,1175260.5,0.0,1.3011094,0
5.4108367,5.1112533,5.5400653,0.5695068,1187095.1,1.0,1.0586125,1
2.6091294,1.9717572,2.4880154,0.4368371,645657.75,1.0,1.3232509,0
0.31259146,0.25831842,0.29366684,0.4235683,334579.0,0.0,1.2101012,0
1.4136454,1.1069125,1.4123192,0.4983017,721020.3,1.0,1.2771066,0
4.0809655,3.62536,4.199192,0.7278635,611729.9,1.0,1.1256717,1
2.6211329,2.099553,2.7870927,0.6186465,98859.72,0.0,1.2484243,1
5.6161876,4.2039323,5.7204185,0.43857068,1187458.9,0.0,1.3359368,0
2.0770972,1.5425472,2.157038,0.63035196,426242.34,1.0,1.3465371,0
6.22781,5.9189596,6.207855,0.50128603,509171.6,0.0,1.0521799,1
2.434522,1.8868185,2.4670079,0.55168825,640595.2,0.0,1.2902788,0
5.042737,4.083105,5.1793423,0.53804356,1062425.5,1.0,1.235025,1
6.433888,4.669855,6.0946045,0.18346146,968987.56,0.0,1.3777488,0
3.2073379,3.0545201,3.4857824,0.0428846,286382.66,1.0,1.05003,0
0.56507856,0.4310425,0.54759943,0.5339932,873913.25,0.0,1.3109579,0
4.376475,4.038532,4.468108,0.37207082,1055749.4,0.0,1.0836798,0
7.9641905,6.543201,8.061281,0.2541106,871403.5,0.0,1.2171704,0
7.7581367,5.888213,8.306397,0.3766986,210061.97,0.0,1.3175706,0
1.9239731,1.5346156,1.7752901,0.6386964,669733.25,1.0,1.2537166,1
6.094433,4.3582807,6.562767,0.55367386,1014341.6,1.0,1.3983572,0
2.8906243,2.5428815,2.6807737,0.6157642,274959.66,1.0,1.1367514,1
1.4501253,1.1590472,1.3470303,0.5679643,669317.9,1.0,1.2511356,0
5.3941345,4.770232,5.784945,0.3621752,819983.06,0.0,1.1307908,1
4.106776,3.6775029,3.9072704,0.6164817,780675.5,1.0,1.1167295,1
4.405998,3.3326862,4.5045047,0.58786094,172594.64,1.0,1.3220562,1
6.6536627,5.7695913,6.6052384,0.4823775,369074.2,1.0,1.1532295,1
2.8250406,2.1737566,3.0704045,0.508826,684952.8,1.0,1.2996122,0
5.403339,4.0603914,5.708178,0.6188699,290077.7,1.0,1.3307433,1
3.0562935,2.291907,2.955432,0.3875826,433768.84,1.0,1.3335154,0
0.5332464,0.3531218,0.56667465,0.66318244,527337.8,0.0,1.510092,0
3.1485178,2.2428195,2.9758458,0.5847641,65667.6,0.0,1.4038212,0
7.6102686,7.490283,7.786175,0.5003387,636986.4,0.0,1.0160189,1
3.9694474,3.677941,4.169177,0.7296855,1193970.0,1.0,1.079258,1
1.0441974,0.91789275,1.0866249,0.30585027,519508.03,0.0,1.1376029,0
5.565049,4.0268126,5.739438,0.43097228,365443.16,0.0,1.3819987,0
7.714359,7.390533,8.223458,0.39766237,340944.7,1.0,1.0438163,1
7.281973,5.55046,7.3638344,0.5537137,642450.6,1.0,1.3119584,1
4.6612945,3.1917324,5.0606256,0.67736197,574412.0,0.0,1.4604276,0
3.1349897,2.6924586,2.9122863,0.35254672,1041282.94,0.0,1.1643596,0
4.7292857,3.38047,4.592807,0.95,785131.44,1.0,1.3990024,1
6.5642624,5.334172,6.935789,0.40058655,508449.97,1.0,1.2306057,0
6.917651,6.731053,6.6520905,0.55410254,493608.9,1.0,1.027722,1
6.5869823,5.5228024,6.5118237,0.5004029,679269.2,0.0,1.1926883,1
